09:01:20  ============================================================
09:01:20  🛡️  PrintGuard - 3D-Druck-Fehlererkennung
09:01:20  ============================================================
09:01:20  🔌 Verbinde mit Drucker: ws://10.0.0.63:3030/websocket
09:01:21  ✅ Verbunden! MainboardID: 18421c180103147000001c0000000000
09:01:21  📷 Öffne Kamera-Stream: http://10.0.0.63:3031/video
09:01:21  ✅ Kamera-Stream geöffnet.
09:01:23  🖼️  Erfasse erste Frames...
09:01:23  ✅ Starte Überwachung – alle 10s ein Check, Pause nach 3 Fehlern in Folge
09:01:33  🤖 KI-Check #1...
09:01:35  HTTP Request: POST http://localhost:11434/api/chat "HTTP/1.1 404 Not Found"
09:01:35  ❌ Ollama-Fehler: model 'qwen2.5-vl:7b' not found (status code: 404)
09:01:35     ❌ UNKNOWN: Ungültige KI-Antwort  (1/3)
09:01:45  🤖 KI-Check #2...
09:01:47  HTTP Request: POST http://localhost:11434/api/chat "HTTP/1.1 404 Not Found"
09:01:47  ❌ Ollama-Fehler: model 'qwen2.5-vl:7b' not found (status code: 404)
09:01:47     ❌ UNKNOWN: Ungültige KI-Antwort  (2/3)
09:01:57  🤖 KI-Check #3...
09:01:59  HTTP Request: POST http://localhost:11434/api/chat "HTTP/1.1 404 Not Found"
09:01:59  ❌ Ollama-Fehler: model 'qwen2.5-vl:7b' not found (status code: 404)
09:01:59     ❌ UNKNOWN: Ungültige KI-Antwort  (3/3)
09:01:59  ============================================================
09:01:59  ⚠️  3 FEHLER IN FOLGE!
09:01:59     Letzte Meldung: UNKNOWN: Ungültige KI-Antwort
09:01:59  ============================================================
09:01:59  📸 3 Bilder für Gegencheck gespeichert: review_frames\20260808_090159
09:01:59  ⏸️  Sende PAUSE-Befehl (Cmd 129)...
09:01:59  ⏸️  DRUCK PAUSIERT!
09:01:59  🛑 PrintGuard beendet. Bitte Druck manuell prüfen!
09:01:59  📷 Kamera-Stream geschlossen.
09:01:59  🏁 PrintGuard beendet.
09:04:28  ⏸️  Sende PAUSE-Befehl (Cmd 129)...
09:04:28  📤 Sende Cmd 129 an sdcp/request/board-test: {"Id":"64340f49-db14-423f-9314-ae0b8b47f44d","Data":{"Cmd":129,"Data":{},"RequestID":"3f5080d3-c3d6-462f-8539-1d2bb52726d3","MainboardID":"board-test","TimeStamp":1786172668,"From":0},"Topic":"sdcp/request/board-test"}
09:04:28  ✅ Pause vom Drucker bestätigt (Status: [2]).
09:04:54  ============================================================
09:04:54  🛡️  PrintGuard - 3D-Druck-Fehlererkennung
09:04:54  ============================================================
09:04:54  🔌 Verbinde mit Drucker: ws://10.0.0.63:3030/websocket
09:04:54  ✅ Verbunden! MainboardID: 18421c180103147000001c0000000000
09:04:54  📷 Öffne Kamera-Stream: http://10.0.0.63:3031/video
09:04:55  ✅ Kamera-Stream geöffnet.
09:04:57  🖼️  Erfasse erste Frames...
09:04:57  ✅ Starte Überwachung – alle 10s ein Check, Pause nach 3 Fehlern in Folge
09:05:07  🤖 KI-Check #1...
09:05:09  HTTP Request: POST http://localhost:11434/api/chat "HTTP/1.1 404 Not Found"
09:05:09  ❌ Ollama-Fehler: model 'qwen2.5-vl:7b' not found (status code: 404)
09:05:09     ❌ UNKNOWN: Ungültige KI-Antwort  (1/3)
09:05:19  🤖 KI-Check #2...
09:05:21  HTTP Request: POST http://localhost:11434/api/chat "HTTP/1.1 404 Not Found"
09:05:21  ❌ Ollama-Fehler: model 'qwen2.5-vl:7b' not found (status code: 404)
09:05:21     ❌ UNKNOWN: Ungültige KI-Antwort  (2/3)
09:05:31  🤖 KI-Check #3...
09:05:33  HTTP Request: POST http://localhost:11434/api/chat "HTTP/1.1 404 Not Found"
09:05:33  ❌ Ollama-Fehler: model 'qwen2.5-vl:7b' not found (status code: 404)
09:05:33     ❌ UNKNOWN: Ungültige KI-Antwort  (3/3)
09:05:33  ============================================================
09:05:33  ⚠️  3 FEHLER IN FOLGE!
09:05:33     Letzte Meldung: UNKNOWN: Ungültige KI-Antwort
09:05:33  ============================================================
09:05:33  📸 3 Bilder für Gegencheck gespeichert: review_frames\20260808_090533
09:05:33  ⏸️  Sende PAUSE-Befehl (Cmd 129)...
09:05:33  📤 Sende Cmd 129 an sdcp/request/18421c180103147000001c0000000000: {"Id":"94e6c060-4fdf-4815-bdea-ef9d6cf8033b","Data":{"Cmd":129,"Data":{},"RequestID":"8ebd649b-3092-4b07-a059-68737e65a5d0","MainboardID":"18421c180103147000001c0000000000","TimeStamp":1786172733,"From":0},"Topic":"sdcp/request/18421c180103147000001c0000000000"}
09:05:50  📷 Kamera-Stream geschlossen.
09:05:50  🏁 PrintGuard beendet.
09:08:29  ⏸️  Sende PAUSE-Befehl (Cmd 129)...
09:08:29  📤 Sende Cmd 129 an sdcp/request/board-test: {"Id":"f2f0500b-5aa4-43af-856d-89458261cfbc","Data":{"Cmd":129,"Data":{},"RequestID":"5f49c883-8d4f-455f-be2f-e2de38fd7080","MainboardID":"board-test","TimeStamp":1786172909,"From":0},"Topic":"sdcp/request/board-test"}
09:08:29  ⏳ Warte auf Pausebestätigung; aktueller Status: [1]
09:08:29  📡 Druckerstatus geändert: [1] -> [2]
09:08:29  ✅ Pause vom Drucker bestätigt (Status: [2]).
09:08:29  ⏸️  Sende PAUSE-Befehl (Cmd 129)...
09:08:29  📤 Sende Cmd 129 an sdcp/request/board-test: {"Id":"bf432c90-0f6c-4128-9ebc-624b6928aca4","Data":{"Cmd":129,"Data":{},"RequestID":"f1d9604f-8ff9-4d8b-8f40-f806a02153c9","MainboardID":"board-test","TimeStamp":1786172909,"From":0},"Topic":"sdcp/request/board-test"}
09:08:29  ⏳ Warte auf Pausebestätigung; aktueller Status: [1]
09:08:29  ❌ Pause nicht bestätigt: Status bleibt [1] (Timeout 0.02s).
09:08:29  ⏸️  Sende PAUSE-Befehl (Cmd 129)...
09:08:29  📤 Sende Cmd 129 an sdcp/request/board-test: {"Id":"67b10ff8-b5a5-479a-bfc4-b111111e2251","Data":{"Cmd":129,"Data":{},"RequestID":"d257c4e4-9c0e-490b-b9c8-dcb1b63c59df","MainboardID":"board-test","TimeStamp":1786172909,"From":0},"Topic":"sdcp/request/board-test"}
09:08:29  ❌ Pausebefehl nicht gesendet: Sendetimeout nach 0.02s.
09:08:45  ============================================================
09:08:45  🛡️  PrintGuard - 3D-Druck-Fehlererkennung
09:08:45  ============================================================
09:08:45  🔌 Verbinde mit Drucker: ws://10.0.0.63:3030/websocket
09:08:46  📡 Druckerstatus geändert: None -> [1]
09:08:46  ✅ Verbunden! MainboardID: 18421c180103147000001c0000000000
09:08:46  📷 Öffne Kamera-Stream: http://10.0.0.63:3031/video
09:08:46  ✅ Kamera-Stream geöffnet.
09:08:48  🖼️  Erfasse erste Frames...
09:08:48  ✅ Starte Überwachung – alle 10s ein Check, Pause nach 3 Fehlern in Folge
09:08:58  🤖 KI-Check #1...
09:09:01  HTTP Request: POST http://localhost:11434/api/chat "HTTP/1.1 404 Not Found"
09:09:01  ❌ Ollama-Fehler: model 'qwen2.5-vl:7b' not found (status code: 404)
09:09:01     ❌ UNKNOWN: Ungültige KI-Antwort  (1/3)
09:09:11  🤖 KI-Check #2...
09:09:13  HTTP Request: POST http://localhost:11434/api/chat "HTTP/1.1 404 Not Found"
09:09:13  ❌ Ollama-Fehler: model 'qwen2.5-vl:7b' not found (status code: 404)
09:09:13     ❌ UNKNOWN: Ungültige KI-Antwort  (2/3)
09:09:23  🤖 KI-Check #3...
09:09:25  HTTP Request: POST http://localhost:11434/api/chat "HTTP/1.1 404 Not Found"
09:09:25  ❌ Ollama-Fehler: model 'qwen2.5-vl:7b' not found (status code: 404)
09:09:25     ❌ UNKNOWN: Ungültige KI-Antwort  (3/3)
09:09:25  ============================================================
09:09:25  ⚠️  3 FEHLER IN FOLGE!
09:09:25     Letzte Meldung: UNKNOWN: Ungültige KI-Antwort
09:09:25  ============================================================
09:09:25  📸 3 Bilder für Gegencheck gespeichert: review_frames\20260808_090925
09:09:25  ⏸️  Sende PAUSE-Befehl (Cmd 129)...
09:09:25  📤 Sende Cmd 129 an sdcp/request/18421c180103147000001c0000000000: {"Id":"efa5b89a-592d-4484-873c-3132c88486dd","Data":{"Cmd":129,"Data":{},"RequestID":"790887cc-f4f2-49e6-b7d3-471be033684d","MainboardID":"18421c180103147000001c0000000000","TimeStamp":1786172965,"From":0},"Topic":"sdcp/request/18421c180103147000001c0000000000"}
09:09:25  ⏳ Warte auf Pausebestätigung; aktueller Status: [1]
09:09:45  ❌ Pause nicht bestätigt: Status bleibt [1] (Timeout 20s).
09:09:45  ❌ DRUCKPAUSE NICHT BESTÄTIGT!
09:09:45  🛑 PrintGuard beendet. Bitte Druck manuell prüfen!
09:09:45  📷 Kamera-Stream geschlossen.
09:09:45  🏁 PrintGuard beendet.
09:12:47  ⏸️  Sende PAUSE-Befehl (Cmd 129)...
09:12:47  📤 Sende Cmd 129 an sdcp/request/board-test: {"Id":"d235d581-2b9c-48c5-b3a1-3de83bc3c4df","Data":{"Cmd":129,"Data":{},"RequestID":"085b8650-1bac-44a7-b2f0-51ec00f07c9e","MainboardID":"board-test","TimeStamp":1786173167,"From":0},"Topic":"sdcp/request/board-test"}
09:12:47  📨 Antwort für RequestID 085b8650-1bac-44a7-b2f0-51ec00f07c9e: Cmd=129, Ack=0
09:12:47  ✅ Pausebefehl vom Drucker bestätigt (Ack=0).
09:12:47  📤 Sende Cmd 0 an sdcp/request/board-test: {"Id":"b11e0094-0300-41d8-a4af-c4859cd60b58","Data":{"Cmd":0,"Data":{},"RequestID":"bf7ef8a8-d278-4cc0-82c1-6d7dab59893b","MainboardID":"board-test","TimeStamp":1786173167,"From":0},"Topic":"sdcp/request/board-test"}
09:12:47  📨 Antwort für RequestID bf7ef8a8-d278-4cc0-82c1-6d7dab59893b: Cmd=0, Ack=0
09:12:47  📡 Status geändert: Maschine [1] -> [1], Druck 1 -> 6
09:12:47  ⏳ Warte auf Pausenstatus; Maschine=[1], Druck=6
09:12:47  ✅ Druck pausiert bestätigt (Maschine=[1], Druck=6).
09:12:54  ⏸️  Sende PAUSE-Befehl (Cmd 129)...
09:12:54  📤 Sende Cmd 129 an sdcp/request/board-test: {"Id":"ae11ea8b-a04c-4313-9380-d8cdb387525a","Data":{"Cmd":129,"Data":{},"RequestID":"7774f784-a853-472d-b38e-e59c9c460cf7","MainboardID":"board-test","TimeStamp":1786173174,"From":0},"Topic":"sdcp/request/board-test"}
09:12:54  📨 Antwort für RequestID 7774f784-a853-472d-b38e-e59c9c460cf7: Cmd=129, Ack=1
09:12:54  ❌ Pause vom Drucker nicht akzeptiert: Ack=1.
09:13:13  ============================================================
09:13:13  🛡️  PrintGuard - 3D-Druck-Fehlererkennung
09:13:13  ============================================================
09:13:13  🔌 Verbinde mit Drucker: ws://10.0.0.63:3030/websocket
09:13:15  📡 Status geändert: Maschine None -> [1], Druck None -> 13
09:13:15  ✅ Verbunden! MainboardID: 18421c180103147000001c0000000000
09:13:15  📷 Öffne Kamera-Stream: http://10.0.0.63:3031/video
09:13:15  ✅ Kamera-Stream geöffnet.
09:13:17  🖼️  Erfasse erste Frames...
09:13:17  ✅ Starte Überwachung – alle 10s ein Check, Pause nach 3 Fehlern in Folge
09:13:27  🤖 KI-Check #1...
09:13:29  HTTP Request: POST http://localhost:11434/api/chat "HTTP/1.1 404 Not Found"
09:13:29  ❌ Ollama-Fehler: model 'qwen2.5-vl:7b' not found (status code: 404)
09:13:29     ❌ UNKNOWN: Ungültige KI-Antwort  (1/3)
09:13:39  🤖 KI-Check #2...
09:13:41  HTTP Request: POST http://localhost:11434/api/chat "HTTP/1.1 404 Not Found"
09:13:41  ❌ Ollama-Fehler: model 'qwen2.5-vl:7b' not found (status code: 404)
09:13:41     ❌ UNKNOWN: Ungültige KI-Antwort  (2/3)
09:13:51  🤖 KI-Check #3...
09:13:53  HTTP Request: POST http://localhost:11434/api/chat "HTTP/1.1 404 Not Found"
09:13:53  ❌ Ollama-Fehler: model 'qwen2.5-vl:7b' not found (status code: 404)
09:13:53     ❌ UNKNOWN: Ungültige KI-Antwort  (3/3)
09:13:53  ============================================================
09:13:53  ⚠️  3 FEHLER IN FOLGE!
09:13:53     Letzte Meldung: UNKNOWN: Ungültige KI-Antwort
09:13:53  ============================================================
09:13:53  📸 3 Bilder für Gegencheck gespeichert: review_frames\20260808_091353
09:13:53  ⏸️  Sende PAUSE-Befehl (Cmd 129)...
09:13:53  📤 Sende Cmd 129 an sdcp/request/18421c180103147000001c0000000000: {"Id":"927fd4cd-391d-4820-aab4-d4fca3f60ea0","Data":{"Cmd":129,"Data":{},"RequestID":"7895aa7b-bca1-4f39-bdc6-7b1abe4c13ff","MainboardID":"18421c180103147000001c0000000000","TimeStamp":1786173233,"From":0},"Topic":"sdcp/request/18421c180103147000001c0000000000"}
09:13:53  📨 Antwort für RequestID 7895aa7b-bca1-4f39-bdc6-7b1abe4c13ff: Cmd=129, Ack=0
09:13:53  ✅ Pausebefehl vom Drucker bestätigt (Ack=0).
09:13:53  📤 Sende Cmd 0 an sdcp/request/18421c180103147000001c0000000000: {"Id":"12c4c9b2-79e4-4cf2-ad1a-bc67a5999299","Data":{"Cmd":0,"Data":{},"RequestID":"0836625f-9a2b-4cdf-b49a-0ab6ceefd223","MainboardID":"18421c180103147000001c0000000000","TimeStamp":1786173233,"From":0},"Topic":"sdcp/request/18421c180103147000001c0000000000"}
09:13:53  📨 Antwort für RequestID 0836625f-9a2b-4cdf-b49a-0ab6ceefd223: Cmd=0, Ack=0
09:13:53  ⏳ Warte auf Pausenstatus; Maschine=[1], Druck=13
09:13:54  📡 Status geändert: Maschine [1] -> [1], Druck 13 -> 5
09:13:54  ✅ Druck pausiert bestätigt (Maschine=[1], Druck=5).
09:13:54  ⏸️  DRUCK PAUSIERT!
09:13:54  🛑 PrintGuard beendet. Bitte Druck manuell prüfen!
09:13:54  📷 Kamera-Stream geschlossen.
09:13:54  🏁 PrintGuard beendet.
09:17:12  ⏸️  Sende PAUSE-Befehl (Cmd 129)...
09:17:12  📤 Sende Cmd 129 an sdcp/request/board-test: {"Id":"a3e8030d-e678-45dd-b24d-e73658242d57","Data":{"Cmd":129,"Data":{},"RequestID":"162b3c37-1a0b-4244-af83-959a26b268d7","MainboardID":"board-test","TimeStamp":1786173432,"From":0},"Topic":"sdcp/request/board-test"}
09:17:12  📨 Antwort für RequestID 162b3c37-1a0b-4244-af83-959a26b268d7: Cmd=129, Ack=0
09:17:12  ✅ Pausebefehl vom Drucker bestätigt (Ack=0).
09:17:12  📤 Sende Cmd 0 an sdcp/request/board-test: {"Id":"b3ffdabd-b819-4e7b-a3f7-e0ce1cbb60f2","Data":{"Cmd":0,"Data":{},"RequestID":"cbc93e96-0086-4915-be15-083a5dedec20","MainboardID":"board-test","TimeStamp":1786173432,"From":0},"Topic":"sdcp/request/board-test"}
09:17:12  📨 Antwort für RequestID cbc93e96-0086-4915-be15-083a5dedec20: Cmd=0, Ack=0
09:17:12  📡 Status geändert: Maschine [1] -> [1], Druck 1 -> 5
09:17:12  📡 Status geändert: Maschine [1] -> [1], Druck 5 -> 6
09:17:12  ⏳ Warte auf Pausenstatus; Maschine=[1], Druck=6
09:17:12  ✅ Druck pausiert bestätigt (Maschine=[1], Druck=6).
09:17:12  ⏸️  Sende PAUSE-Befehl (Cmd 129)...
09:17:12  📤 Sende Cmd 129 an sdcp/request/board-test: {"Id":"a14efe83-be34-4064-999e-e083b03237fc","Data":{"Cmd":129,"Data":{},"RequestID":"46a1525d-e279-4fbb-a6e2-d30e4ad86197","MainboardID":"board-test","TimeStamp":1786173432,"From":0},"Topic":"sdcp/request/board-test"}
09:17:12  📨 Antwort für RequestID 46a1525d-e279-4fbb-a6e2-d30e4ad86197: Cmd=129, Ack=0
09:17:12  ✅ Pausebefehl vom Drucker bestätigt (Ack=0).
09:17:12  📤 Sende Cmd 0 an sdcp/request/board-test: {"Id":"0c783cb0-81b8-47cf-ad71-d01d800d9104","Data":{"Cmd":0,"Data":{},"RequestID":"102496fd-26f5-47e0-854b-d10816a6b205","MainboardID":"board-test","TimeStamp":1786173432,"From":0},"Topic":"sdcp/request/board-test"}
09:17:12  📨 Antwort für RequestID 102496fd-26f5-47e0-854b-d10816a6b205: Cmd=0, Ack=0
09:17:12  ⏳ Warte auf Pausenstatus; Maschine=[1], Druck=6
09:17:12  ❌ Pause nicht bestätigt: Maschine=[1], Druck=6 (Timeout 0.05s).
09:17:12  🚨 Druckerfehler empfangen: ErrorCode=26
09:17:12  📣 Druckerhinweis: Type=1, Message=sync
09:17:19  ⏸️  Sende PAUSE-Befehl (Cmd 129)...
09:17:19  📤 Sende Cmd 129 an sdcp/request/board-test: {"Id":"57f8d55f-a97a-43e7-bedd-2b1750d51995","Data":{"Cmd":129,"Data":{},"RequestID":"f52eab16-f6ec-49ca-96fa-5b66f1e416c4","MainboardID":"board-test","TimeStamp":1786173439,"From":0},"Topic":"sdcp/request/board-test"}
09:17:19  📨 Antwort für RequestID f52eab16-f6ec-49ca-96fa-5b66f1e416c4: Cmd=129, Ack=0
09:17:19  ✅ Pausebefehl vom Drucker bestätigt (Ack=0).
09:17:19  📤 Sende Cmd 0 an sdcp/request/board-test: {"Id":"bd1d0015-01dd-4380-870c-e149f910325e","Data":{"Cmd":0,"Data":{},"RequestID":"8bd95928-25dd-4da2-af36-6b85915f427c","MainboardID":"board-test","TimeStamp":1786173439,"From":0},"Topic":"sdcp/request/board-test"}
09:17:19  📨 Antwort für RequestID 8bd95928-25dd-4da2-af36-6b85915f427c: Cmd=0, Ack=0
09:17:19  ⏳ Warte auf Pausenstatus; Maschine=[1], Druck=6
09:17:19  ❌ Pause nicht bestätigt: Maschine=[1], Druck=6 (Timeout 0.05s).
09:17:33  ⚠️  WebSocket-Verbindung unterbrochen: simulated disconnect
09:17:33  🔄 Neuer Verbindungsversuch in 2s...
09:17:35  ✅ Reconnect erfolgreich; Status wurde neu eingelesen.
09:23:25  📸 1 Bilder für Gegencheck gespeichert: C:\Users\ajsch\AppData\Local\Temp\tmpr5w_r_6_\review\20260808_092325_abc_123
09:23:38  ⏸️  Sende PAUSE-Befehl (Cmd 129)...
09:23:38  📤 Sende Cmd 129 an sdcp/request/board-test: {"Id":"ac639712-9013-4b39-ab7b-7f2b16c5968a","Data":{"Cmd":129,"Data":{},"RequestID":"1a4806d2-c722-43f8-9f03-059344c09d51","MainboardID":"board-test","TimeStamp":1786173818,"From":0},"Topic":"sdcp/request/board-test"}
09:23:38  📨 Antwort für RequestID 1a4806d2-c722-43f8-9f03-059344c09d51: Cmd=129, Ack=0
09:23:38  ✅ Pausebefehl vom Drucker bestätigt (Ack=0).
09:23:38  📤 Sende Cmd 0 an sdcp/request/board-test: {"Id":"34ce159c-7751-4c1c-9495-8a276e82d15e","Data":{"Cmd":0,"Data":{},"RequestID":"e631cde3-ecb1-4b4e-90cb-569f55ffcee9","MainboardID":"board-test","TimeStamp":1786173818,"From":0},"Topic":"sdcp/request/board-test"}
09:23:38  📨 Antwort für RequestID e631cde3-ecb1-4b4e-90cb-569f55ffcee9: Cmd=0, Ack=0
09:23:38  📡 Status geändert: Maschine [1] -> Printing (1), Druck 1 -> Pausing (5)
09:23:38  📡 Status geändert: Maschine [1] -> Printing (1), Druck 5 -> Paused (6)
09:23:38  ⏳ Warte auf Pausenstatus; Maschine=[1], Druck=6
09:23:38  ✅ Druck pausiert bestätigt (Maschine=[1], Druck=6).
09:28:44  🧠 Ollama-Modell aus VRAM entladen: qwen2.5-vl:7b
09:28:44  🧠 Ollama-Modell aus VRAM entladen: qwen2.5-vl:7b
09:29:34  ⚠️  Ollama-VRAM-Cleanup überschreitet Timeout (0.001s).
09:29:34  🧠 Ollama-Modell aus VRAM entladen: qwen2.5-vl:7b
09:34:25  ============================================================
09:34:25  🛡️  PrintGuard - 3D-Druck-Fehlererkennung
09:34:25  ============================================================
09:34:25  ⚙️  Modus: LIVE
09:34:27  HTTP Request: GET http://localhost:11434/api/tags "HTTP/1.1 200 OK"
09:34:27  ⚠️  Ollama erreichbar, Modell nicht gefunden: qwen2.5vl:7b
09:34:27  🔌 Verbinde mit Drucker: ws://10.0.0.63:3030/websocket
09:34:29  📡 Status geändert: Maschine Printing (1), Druck Unknown (13)
09:34:29  ✅ Verbunden! MainboardID: 18421c180103147000001c0000000000
09:34:29  🔄 Monitorzustand: STARTING -> MONITORING
09:34:29  📷 Öffne Kamera-Stream: http://10.0.0.63:3031/video
09:34:29  ✅ Kamera-Stream geöffnet.
09:34:55  HTTP Request: POST http://localhost:11434/api/chat "HTTP/1.1 200 OK"
09:34:55     ✅ OK
09:35:09  HTTP Request: POST http://localhost:11434/api/chat "HTTP/1.1 200 OK"
09:35:09     ✅ OK
09:35:28  ⚠️  WebSocket-Verbindung unterbrochen: no close frame received or sent
09:35:30  🔌 Verbinde mit Drucker: ws://10.0.0.63:3030/websocket
09:35:33  ✅ Verbunden! MainboardID: 18421c180103147000001c0000000000
09:35:33  ✅ Reconnect erfolgreich; Status wurde neu eingelesen.
09:35:33  HTTP Request: POST http://localhost:11434/api/chat "HTTP/1.1 200 OK"
09:35:33     ✅ OK
09:35:57  HTTP Request: POST http://localhost:11434/api/chat "HTTP/1.1 200 OK"
09:35:57     ✅ OK
09:36:20  HTTP Request: POST http://localhost:11434/api/chat "HTTP/1.1 200 OK"
09:36:20     ✅ OK
09:36:30  ❌ Kamera-Fehler: Konnte kein Frame von der Kamera lesen!
09:36:31  ⚠️  WebSocket-Verbindung unterbrochen: no close frame received or sent
09:36:33  🔌 Verbinde mit Drucker: ws://10.0.0.63:3030/websocket
09:36:34  ✅ Verbunden! MainboardID: 18421c180103147000001c0000000000
09:36:34  ✅ Reconnect erfolgreich; Status wurde neu eingelesen.
09:36:40  ❌ Kamera-Fehler: Konnte kein Frame von der Kamera lesen!
09:36:50  ❌ Kamera-Fehler: Konnte kein Frame von der Kamera lesen!
09:37:00  ❌ Kamera-Fehler: Konnte kein Frame von der Kamera lesen!
09:37:10  ❌ Kamera-Fehler: Konnte kein Frame von der Kamera lesen!
09:37:20  ❌ Kamera-Fehler: Konnte kein Frame von der Kamera lesen!
09:37:30  ❌ Kamera-Fehler: Konnte kein Frame von der Kamera lesen!
09:37:34  ⚠️  WebSocket-Verbindung unterbrochen: no close frame received or sent
09:37:36  🔌 Verbinde mit Drucker: ws://10.0.0.63:3030/websocket
09:37:38  ✅ Verbunden! MainboardID: 18421c180103147000001c0000000000
09:37:38  ✅ Reconnect erfolgreich; Status wurde neu eingelesen.
09:37:40  ❌ Kamera-Fehler: Konnte kein Frame von der Kamera lesen!
09:37:48  🔄 Monitorzustand: MONITORING -> STOPPING
09:37:48  Laufzusammenfassung: Dauer=0:03:23.098933, Checks=5, OK=5, Fehler=0, UNKNOWN=0, Kamera=8, Reconnects=3, Pauseversuche=0, Endzustand=STOPPING
09:37:50  HTTP Request: POST http://localhost:11434/api/generate "HTTP/1.1 200 OK"
09:37:50  🧠 Ollama-Modell aus VRAM entladen: qwen2.5vl:7b
09:37:50  📷 Kamera-Stream geschlossen.
09:37:50  🏁 PrintGuard beendet.
09:38:55  ============================================================
09:38:55  🛡️  PrintGuard - 3D-Druck-Fehlererkennung
09:38:55  ============================================================
09:38:55  ⚙️  Modus: LIVE
09:38:57  HTTP Request: GET http://localhost:11434/api/tags "HTTP/1.1 200 OK"
09:38:57  ⚠️  Ollama erreichbar, Modell nicht gefunden: qwen2.5vl:7b
09:38:57  🔌 Verbinde mit Drucker: ws://10.0.0.63:3030/websocket
09:38:58  📡 Status geändert: Maschine Printing (1), Druck Unknown (13)
09:38:58  ✅ Verbunden! MainboardID: 18421c180103147000001c0000000000
09:38:58  🔄 Monitorzustand: STARTING -> MONITORING
09:38:58  📷 Öffne Kamera-Stream: http://10.0.0.63:3031/video
09:38:58  ✅ Kamera-Stream geöffnet.
09:39:22  HTTP Request: POST http://localhost:11434/api/chat "HTTP/1.1 200 OK"
09:39:22     ✅ OK
09:39:37  HTTP Request: POST http://localhost:11434/api/chat "HTTP/1.1 200 OK"
09:39:37     ✅ OK
09:39:51  HTTP Request: POST http://localhost:11434/api/chat "HTTP/1.1 200 OK"
09:39:51     ✅ OK
09:39:58  ⚠️  WebSocket-Verbindung unterbrochen: no close frame received or sent
09:40:00  🔌 Verbinde mit Drucker: ws://10.0.0.63:3030/websocket
09:40:01  ❌ Kamera-Fehler: Konnte kein Frame von der Kamera lesen!
09:40:02  ✅ Verbunden! MainboardID: 18421c180103147000001c0000000000
09:40:02  ✅ Reconnect erfolgreich; Status wurde neu eingelesen.
09:40:02  🔄 Kamera-Stream wird neu verbunden.
09:40:02  📷 Kamera-Stream geschlossen.
09:40:02  📷 Öffne Kamera-Stream: http://10.0.0.63:3031/video
09:40:03  ✅ Kamera-Stream geöffnet.
09:40:03  ✅ Kamera-Reconnect erfolgreich (Versuch 1/3).
09:40:07  HTTP Request: POST http://localhost:11434/api/chat "HTTP/1.1 200 OK"
09:40:07     ✅ OK
09:40:22  HTTP Request: POST http://localhost:11434/api/chat "HTTP/1.1 200 OK"
09:40:22     ✅ OK
09:40:37  HTTP Request: POST http://localhost:11434/api/chat "HTTP/1.1 200 OK"
09:40:37     ✅ OK
09:40:52  HTTP Request: POST http://localhost:11434/api/chat "HTTP/1.1 200 OK"
09:40:52     ✅ OK
09:41:01  ⚠️  WebSocket-Verbindung unterbrochen: no close frame received or sent
09:41:03  🔌 Verbinde mit Drucker: ws://10.0.0.63:3030/websocket
09:41:06  ✅ Verbunden! MainboardID: 18421c180103147000001c0000000000
09:41:06  ✅ Reconnect erfolgreich; Status wurde neu eingelesen.
09:41:06  HTTP Request: POST http://localhost:11434/api/chat "HTTP/1.1 200 OK"
09:41:06     ✅ OK
09:41:21  HTTP Request: POST http://localhost:11434/api/chat "HTTP/1.1 200 OK"
09:41:21     ✅ OK
09:41:36  HTTP Request: POST http://localhost:11434/api/chat "HTTP/1.1 200 OK"
09:41:36     ✅ OK
09:41:46  ❌ Kamera-Fehler: Konnte kein Frame von der Kamera lesen!
09:41:47  🔄 Kamera-Stream wird neu verbunden.
09:41:47  📷 Kamera-Stream geschlossen.
09:41:47  📷 Öffne Kamera-Stream: http://10.0.0.63:3031/video
09:41:47  ✅ Kamera-Stream geöffnet.
09:41:47  ✅ Kamera-Reconnect erfolgreich (Versuch 1/3).
09:41:52  HTTP Request: POST http://localhost:11434/api/chat "HTTP/1.1 200 OK"
09:41:52     ✅ OK
09:42:04  ⚠️  WebSocket-Verbindung unterbrochen: no close frame received or sent
09:42:06  HTTP Request: POST http://localhost:11434/api/chat "HTTP/1.1 200 OK"
09:42:06     ✅ OK
09:42:06  🔌 Verbinde mit Drucker: ws://10.0.0.63:3030/websocket
09:42:07  ✅ Verbunden! MainboardID: 18421c180103147000001c0000000000
09:42:07  ✅ Reconnect erfolgreich; Status wurde neu eingelesen.
09:42:21  HTTP Request: POST http://localhost:11434/api/chat "HTTP/1.1 200 OK"
09:42:21     ✅ OK
09:42:36  HTTP Request: POST http://localhost:11434/api/chat "HTTP/1.1 200 OK"
09:42:36     ✅ OK
09:42:50  HTTP Request: POST http://localhost:11434/api/chat "HTTP/1.1 200 OK"
09:42:50     ✅ OK
09:43:00  ❌ Kamera-Fehler: Konnte kein Frame von der Kamera lesen!
09:43:01  🔄 Kamera-Stream wird neu verbunden.
09:43:01  📷 Kamera-Stream geschlossen.
09:43:01  📷 Öffne Kamera-Stream: http://10.0.0.63:3031/video
09:43:02  ✅ Kamera-Stream geöffnet.
09:43:02  ✅ Kamera-Reconnect erfolgreich (Versuch 1/3).
09:43:06  HTTP Request: POST http://localhost:11434/api/chat "HTTP/1.1 200 OK"
09:43:06     ✅ OK
09:43:07  ⚠️  WebSocket-Verbindung unterbrochen: no close frame received or sent
09:43:09  🔌 Verbinde mit Drucker: ws://10.0.0.63:3030/websocket
09:43:12  ✅ Verbunden! MainboardID: 18421c180103147000001c0000000000
09:43:12  ✅ Reconnect erfolgreich; Status wurde neu eingelesen.
09:43:21  HTTP Request: POST http://localhost:11434/api/chat "HTTP/1.1 200 OK"
09:43:21     ✅ OK
09:43:36  HTTP Request: POST http://localhost:11434/api/chat "HTTP/1.1 200 OK"
09:43:36     ✅ OK
09:43:50  HTTP Request: POST http://localhost:11434/api/chat "HTTP/1.1 200 OK"
09:43:50     ✅ OK
09:44:00  ❌ Kamera-Fehler: Konnte kein Frame von der Kamera lesen!
09:44:01  🔄 Kamera-Stream wird neu verbunden.
09:44:01  📷 Kamera-Stream geschlossen.
09:44:01  📷 Öffne Kamera-Stream: http://10.0.0.63:3031/video
09:44:01  ✅ Kamera-Stream geöffnet.
09:44:02  ✅ Kamera-Reconnect erfolgreich (Versuch 1/3).
09:44:06  HTTP Request: POST http://localhost:11434/api/chat "HTTP/1.1 200 OK"
09:44:06     ✅ OK
09:44:10  ⚠️  WebSocket-Verbindung unterbrochen: no close frame received or sent
09:44:12  🔌 Verbinde mit Drucker: ws://10.0.0.63:3030/websocket
09:44:13  ✅ Verbunden! MainboardID: 18421c180103147000001c0000000000
09:44:13  ✅ Reconnect erfolgreich; Status wurde neu eingelesen.
09:44:21  HTTP Request: POST http://localhost:11434/api/chat "HTTP/1.1 200 OK"
09:44:21     ✅ OK
09:44:37  HTTP Request: POST http://localhost:11434/api/chat "HTTP/1.1 200 OK"
09:44:37     ✅ OK
09:44:54  HTTP Request: POST http://localhost:11434/api/chat "HTTP/1.1 200 OK"
09:44:54     ✅ OK
09:45:10  HTTP Request: POST http://localhost:11434/api/chat "HTTP/1.1 200 OK"
09:45:10     ✅ OK
09:45:13  ⚠️  WebSocket-Verbindung unterbrochen: no close frame received or sent
09:45:15  🔌 Verbinde mit Drucker: ws://10.0.0.63:3030/websocket
09:45:17  ✅ Verbunden! MainboardID: 18421c180103147000001c0000000000
09:45:17  ✅ Reconnect erfolgreich; Status wurde neu eingelesen.
09:45:20  ❌ Kamera-Fehler: Konnte kein Frame von der Kamera lesen!
09:45:21  🔄 Kamera-Stream wird neu verbunden.
09:45:21  📷 Kamera-Stream geschlossen.
09:45:21  📷 Öffne Kamera-Stream: http://10.0.0.63:3031/video
09:45:22  ✅ Kamera-Stream geöffnet.
09:45:22  ✅ Kamera-Reconnect erfolgreich (Versuch 1/3).
09:45:27  HTTP Request: POST http://localhost:11434/api/chat "HTTP/1.1 200 OK"
09:45:27     ✅ OK
09:45:43  HTTP Request: POST http://localhost:11434/api/chat "HTTP/1.1 200 OK"
09:45:43     ✅ OK
09:45:58  HTTP Request: POST http://localhost:11434/api/chat "HTTP/1.1 200 OK"
09:45:58     ✅ OK
09:46:13  HTTP Request: POST http://localhost:11434/api/chat "HTTP/1.1 200 OK"
09:46:13     ✅ OK
09:46:16  ⚠️  WebSocket-Verbindung unterbrochen: no close frame received or sent
09:46:19  🔌 Verbinde mit Drucker: ws://10.0.0.63:3030/websocket
09:46:19  ✅ Verbunden! MainboardID: 18421c180103147000001c0000000000
09:46:19  ✅ Reconnect erfolgreich; Status wurde neu eingelesen.
09:46:28  HTTP Request: POST http://localhost:11434/api/chat "HTTP/1.1 200 OK"
09:46:28     ✅ OK
09:46:38  ❌ Kamera-Fehler: Konnte kein Frame von der Kamera lesen!
09:46:39  🔄 Kamera-Stream wird neu verbunden.
09:46:39  📷 Kamera-Stream geschlossen.
09:46:39  📷 Öffne Kamera-Stream: http://10.0.0.63:3031/video
09:46:40  ✅ Kamera-Stream geöffnet.
09:46:40  ✅ Kamera-Reconnect erfolgreich (Versuch 1/3).
09:46:46  HTTP Request: POST http://localhost:11434/api/chat "HTTP/1.1 200 OK"
09:46:46     ✅ OK
09:47:02  HTTP Request: POST http://localhost:11434/api/chat "HTTP/1.1 200 OK"
09:47:02     ✅ OK
09:47:18  HTTP Request: POST http://localhost:11434/api/chat "HTTP/1.1 200 OK"
09:47:18     ✅ OK
09:47:20  ⚠️  WebSocket-Verbindung unterbrochen: no close frame received or sent
09:47:22  🔌 Verbinde mit Drucker: ws://10.0.0.63:3030/websocket
09:47:22  ✅ Verbunden! MainboardID: 18421c180103147000001c0000000000
09:47:22  ✅ Reconnect erfolgreich; Status wurde neu eingelesen.
09:47:34  HTTP Request: POST http://localhost:11434/api/chat "HTTP/1.1 200 OK"
09:47:34     ✅ OK
09:47:51  HTTP Request: POST http://localhost:11434/api/chat "HTTP/1.1 200 OK"
09:47:51     ✅ OK
09:48:05  HTTP Request: POST http://localhost:11434/api/chat "HTTP/1.1 200 OK"
09:48:05     ✅ OK
09:48:20  HTTP Request: POST http://localhost:11434/api/chat "HTTP/1.1 200 OK"
09:48:20     ✅ OK
09:48:23  ⚠️  WebSocket-Verbindung unterbrochen: no close frame received or sent
09:48:25  🔌 Verbinde mit Drucker: ws://10.0.0.63:3030/websocket
09:48:26  ✅ Verbunden! MainboardID: 18421c180103147000001c0000000000
09:48:26  ✅ Reconnect erfolgreich; Status wurde neu eingelesen.
09:48:30  ❌ Kamera-Fehler: Konnte kein Frame von der Kamera lesen!
09:48:31  🔄 Kamera-Stream wird neu verbunden.
09:48:31  📷 Kamera-Stream geschlossen.
09:48:31  📷 Öffne Kamera-Stream: http://10.0.0.63:3031/video
09:48:31  ✅ Kamera-Stream geöffnet.
09:48:31  ✅ Kamera-Reconnect erfolgreich (Versuch 1/3).
09:48:48  HTTP Request: POST http://localhost:11434/api/chat "HTTP/1.1 200 OK"
09:48:48     ✅ OK
09:49:11  HTTP Request: POST http://localhost:11434/api/chat "HTTP/1.1 200 OK"
09:49:11     ✅ OK
09:49:26  ⚠️  WebSocket-Verbindung unterbrochen: no close frame received or sent
09:49:28  🔌 Verbinde mit Drucker: ws://10.0.0.63:3030/websocket
09:49:28  ✅ Verbunden! MainboardID: 18421c180103147000001c0000000000
09:49:28  ✅ Reconnect erfolgreich; Status wurde neu eingelesen.
09:49:37  HTTP Request: POST http://localhost:11434/api/chat "HTTP/1.1 200 OK"
09:49:37     ✅ OK
09:49:51  HTTP Request: POST http://localhost:11434/api/chat "HTTP/1.1 200 OK"
09:49:51     ✅ OK
09:50:06  HTTP Request: POST http://localhost:11434/api/chat "HTTP/1.1 200 OK"
09:50:06     ✅ OK
09:50:29  ⚠️  WebSocket-Verbindung unterbrochen: no close frame received or sent
09:50:31  🔌 Verbinde mit Drucker: ws://10.0.0.63:3030/websocket
09:50:32  ✅ Verbunden! MainboardID: 18421c180103147000001c0000000000
09:50:32  ✅ Reconnect erfolgreich; Status wurde neu eingelesen.
09:50:34  HTTP Request: POST http://localhost:11434/api/chat "HTTP/1.1 200 OK"
09:50:34     ✅ OK
09:50:44  ❌ Kamera-Fehler: Konnte kein Frame von der Kamera lesen!
09:50:45  🔄 Kamera-Stream wird neu verbunden.
09:50:45  📷 Kamera-Stream geschlossen.
09:50:45  📷 Öffne Kamera-Stream: http://10.0.0.63:3031/video
09:50:45  ✅ Kamera-Stream geöffnet.
09:50:45  ✅ Kamera-Reconnect erfolgreich (Versuch 1/3).
09:51:01  HTTP Request: POST http://localhost:11434/api/chat "HTTP/1.1 200 OK"
09:51:01     ✅ OK
09:51:04  🔄 Monitorzustand: MONITORING -> STOPPING
09:51:04  Laufzusammenfassung: Dauer=0:12:09.152264, Checks=43, OK=43, Fehler=0, UNKNOWN=0, Kamera=8, Reconnects=11, Pauseversuche=0, Endzustand=STOPPING
09:51:06  HTTP Request: POST http://localhost:11434/api/generate "HTTP/1.1 200 OK"
09:51:06  🧠 Ollama-Modell aus VRAM entladen: qwen2.5vl:7b
09:51:06  📷 Kamera-Stream geschlossen.
09:51:06  🏁 PrintGuard beendet.
09:51:55  ============================================================
09:51:55  🛡️  PrintGuard - 3D-Druck-Fehlererkennung
09:51:55  ============================================================
09:51:55  ⚙️  Modus: LIVE
09:51:55  🧠 Lade Ollama-Modell für Startprüfung: qwen2.5vl:7b
09:52:04  HTTP Request: POST http://localhost:11434/api/generate "HTTP/1.1 200 OK"
09:52:04  ✅ Ollama-Modell geladen und bereit: qwen2.5vl:7b
09:52:04  🔌 Verbinde mit Drucker: ws://10.0.0.63:3030/websocket
09:52:05  📡 Status geändert: Maschine Printing (1), Druck Unknown (13)
09:52:05  ✅ Verbunden! MainboardID: 18421c180103147000001c0000000000
09:52:05  🔄 Monitorzustand: STARTING -> MONITORING
09:52:05  📷 Öffne Kamera-Stream: http://10.0.0.63:3031/video
09:52:05  ✅ Kamera-Stream geöffnet.
09:52:32  HTTP Request: POST http://localhost:11434/api/chat "HTTP/1.1 200 OK"
09:52:32     ✅ OK
09:52:47  HTTP Request: POST http://localhost:11434/api/chat "HTTP/1.1 200 OK"
09:52:47     ✅ OK
09:53:02  HTTP Request: POST http://localhost:11434/api/chat "HTTP/1.1 200 OK"
09:53:02     ✅ OK
09:53:05  ⚠️  WebSocket-Verbindung unterbrochen (Close-Code=1006, Grund='', Fehler=no close frame received or sent); automatischer Reconnect #1.
09:53:05  🔄 Neuer Verbindungsversuch in 2s...
09:53:07  🔌 Verbinde mit Drucker: ws://10.0.0.63:3030/websocket
09:53:07  ✅ Verbunden! MainboardID: 18421c180103147000001c0000000000
09:53:07  ✅ Reconnect erfolgreich; Status wurde neu eingelesen.
09:53:12  ❌ Kamera-Fehler: Konnte kein Frame von der Kamera lesen!
09:53:13  🔄 Kamera-Stream wird neu verbunden.
09:53:13  📷 Kamera-Stream geschlossen.
09:53:13  📷 Öffne Kamera-Stream: http://10.0.0.63:3031/video
09:53:13  ✅ Kamera-Stream geöffnet.
09:53:13  ✅ Kamera-Reconnect erfolgreich (Versuch 1/3).
09:53:18  HTTP Request: POST http://localhost:11434/api/chat "HTTP/1.1 200 OK"
09:53:18     ✅ OK
09:53:32  HTTP Request: POST http://localhost:11434/api/chat "HTTP/1.1 200 OK"
09:53:32     ✅ OK
09:53:47  HTTP Request: POST http://localhost:11434/api/chat "HTTP/1.1 200 OK"
09:53:47     ✅ OK
09:54:02  HTTP Request: POST http://localhost:11434/api/chat "HTTP/1.1 200 OK"
09:54:02     ✅ OK
09:54:08  ⚠️  WebSocket-Verbindung unterbrochen (Close-Code=1006, Grund='', Fehler=no close frame received or sent); automatischer Reconnect #2.
09:54:08  🔄 Neuer Verbindungsversuch in 2s...
09:54:10  🔌 Verbinde mit Drucker: ws://10.0.0.63:3030/websocket
09:54:12  ✅ Verbunden! MainboardID: 18421c180103147000001c0000000000
09:54:12  ✅ Reconnect erfolgreich; Status wurde neu eingelesen.
09:54:17  HTTP Request: POST http://localhost:11434/api/chat "HTTP/1.1 200 OK"
09:54:17     ✅ OK
09:54:32  HTTP Request: POST http://localhost:11434/api/chat "HTTP/1.1 200 OK"
09:54:32     ✅ OK
09:54:42  ❌ Kamera-Fehler: Konnte kein Frame von der Kamera lesen!
09:54:43  🔄 Kamera-Stream wird neu verbunden.
09:54:43  📷 Kamera-Stream geschlossen.
09:54:43  📷 Öffne Kamera-Stream: http://10.0.0.63:3031/video
09:54:43  ✅ Kamera-Stream geöffnet.
09:54:43  ✅ Kamera-Reconnect erfolgreich (Versuch 1/3).
09:54:48  HTTP Request: POST http://localhost:11434/api/chat "HTTP/1.1 200 OK"
09:54:48     ✅ OK
09:55:03  HTTP Request: POST http://localhost:11434/api/chat "HTTP/1.1 200 OK"
09:55:03     ⚠️  Alarmprüfung: FEHLER: Layer-Shift (1 Fehler, 1/3 Bilder)
09:55:11  ⚠️  WebSocket-Verbindung unterbrochen (Close-Code=1006, Grund='', Fehler=no close frame received or sent); automatischer Reconnect #3.
09:55:11  🔄 Neuer Verbindungsversuch in 2s...
09:55:13  🔌 Verbinde mit Drucker: ws://10.0.0.63:3030/websocket
09:55:16  ✅ Verbunden! MainboardID: 18421c180103147000001c0000000000
09:55:16  ✅ Reconnect erfolgreich; Status wurde neu eingelesen.
09:55:17  HTTP Request: POST http://localhost:11434/api/chat "HTTP/1.1 200 OK"
09:55:17     ⚠️  Alarmprüfung: OK (1 Fehler, 2/3 Bilder)
09:55:27  ❌ Kamera-Fehler: Konnte kein Frame von der Kamera lesen!
09:55:28  🔄 Kamera-Stream wird neu verbunden.
09:55:28  📷 Kamera-Stream geschlossen.
09:55:28  📷 Öffne Kamera-Stream: http://10.0.0.63:3031/video
09:55:29  ✅ Kamera-Stream geöffnet.
09:55:29  ✅ Kamera-Reconnect erfolgreich (Versuch 1/3).
09:55:33  HTTP Request: POST http://localhost:11434/api/chat "HTTP/1.1 200 OK"
09:55:33     ✅ Alarm verworfen: 1/3 Bestätigungsfehler.
09:55:48  HTTP Request: POST http://localhost:11434/api/chat "HTTP/1.1 200 OK"
09:55:48     ✅ OK
09:56:02  HTTP Request: POST http://localhost:11434/api/chat "HTTP/1.1 200 OK"
09:56:02     ✅ OK
09:56:14  ⚠️  WebSocket-Verbindung unterbrochen (Close-Code=1006, Grund='', Fehler=no close frame received or sent); automatischer Reconnect #4.
09:56:14  🔄 Neuer Verbindungsversuch in 2s...
09:56:16  🔌 Verbinde mit Drucker: ws://10.0.0.63:3030/websocket
09:56:17  HTTP Request: POST http://localhost:11434/api/chat "HTTP/1.1 200 OK"
09:56:17     ✅ OK
09:56:17  ✅ Verbunden! MainboardID: 18421c180103147000001c0000000000
09:56:17  ✅ Reconnect erfolgreich; Status wurde neu eingelesen.
09:56:27  ❌ Kamera-Fehler: Konnte kein Frame von der Kamera lesen!
09:56:28  🔄 Kamera-Stream wird neu verbunden.
09:56:28  📷 Kamera-Stream geschlossen.
09:56:28  📷 Öffne Kamera-Stream: http://10.0.0.63:3031/video
09:56:28  ✅ Kamera-Stream geöffnet.
09:56:28  ✅ Kamera-Reconnect erfolgreich (Versuch 1/3).
09:56:33  HTTP Request: POST http://localhost:11434/api/chat "HTTP/1.1 200 OK"
09:56:33     ✅ OK
09:56:47  HTTP Request: POST http://localhost:11434/api/chat "HTTP/1.1 200 OK"
09:56:47     ✅ OK
09:57:02  HTTP Request: POST http://localhost:11434/api/chat "HTTP/1.1 200 OK"
09:57:02     ✅ OK
09:57:16  HTTP Request: POST http://localhost:11434/api/chat "HTTP/1.1 200 OK"
09:57:16     ✅ OK
09:57:17  ⚠️  WebSocket-Verbindung unterbrochen (Close-Code=1006, Grund='', Fehler=no close frame received or sent); automatischer Reconnect #5.
09:57:17  🔄 Neuer Verbindungsversuch in 2s...
09:57:19  🔌 Verbinde mit Drucker: ws://10.0.0.63:3030/websocket
09:57:21  ✅ Verbunden! MainboardID: 18421c180103147000001c0000000000
09:57:21  ✅ Reconnect erfolgreich; Status wurde neu eingelesen.
09:57:31  HTTP Request: POST http://localhost:11434/api/chat "HTTP/1.1 200 OK"
09:57:31     ✅ OK
09:57:41  ❌ Kamera-Fehler: Konnte kein Frame von der Kamera lesen!
09:57:42  🔄 Kamera-Stream wird neu verbunden.
09:57:42  📷 Kamera-Stream geschlossen.
09:57:42  📷 Öffne Kamera-Stream: http://10.0.0.63:3031/video
09:57:42  ✅ Kamera-Stream geöffnet.
09:57:43  ✅ Kamera-Reconnect erfolgreich (Versuch 1/3).
09:57:47  HTTP Request: POST http://localhost:11434/api/chat "HTTP/1.1 200 OK"
09:57:47     ✅ OK
09:58:02  HTTP Request: POST http://localhost:11434/api/chat "HTTP/1.1 200 OK"
09:58:02     ✅ OK
09:58:17  HTTP Request: POST http://localhost:11434/api/chat "HTTP/1.1 200 OK"
09:58:17     ✅ OK
09:58:20  ⚠️  WebSocket-Verbindung unterbrochen (Close-Code=1006, Grund='', Fehler=no close frame received or sent); automatischer Reconnect #6.
09:58:20  🔄 Neuer Verbindungsversuch in 2s...
09:58:22  🔌 Verbinde mit Drucker: ws://10.0.0.63:3030/websocket
09:58:22  ✅ Verbunden! MainboardID: 18421c180103147000001c0000000000
09:58:22  ✅ Reconnect erfolgreich; Status wurde neu eingelesen.
09:58:27  ❌ Kamera-Fehler: Konnte kein Frame von der Kamera lesen!
09:58:28  🔄 Kamera-Stream wird neu verbunden.
09:58:28  📷 Kamera-Stream geschlossen.
09:58:28  📷 Öffne Kamera-Stream: http://10.0.0.63:3031/video
09:58:28  ✅ Kamera-Stream geöffnet.
09:58:28  ✅ Kamera-Reconnect erfolgreich (Versuch 1/3).
09:58:33  HTTP Request: POST http://localhost:11434/api/chat "HTTP/1.1 200 OK"
09:58:33     ✅ OK
09:58:48  HTTP Request: POST http://localhost:11434/api/chat "HTTP/1.1 200 OK"
09:58:48     ✅ OK
09:59:03  HTTP Request: POST http://localhost:11434/api/chat "HTTP/1.1 200 OK"
09:59:03     ✅ OK
09:59:18  HTTP Request: POST http://localhost:11434/api/chat "HTTP/1.1 200 OK"
09:59:18     ✅ OK
09:59:23  ⚠️  WebSocket-Verbindung unterbrochen (Close-Code=1006, Grund='', Fehler=no close frame received or sent); automatischer Reconnect #7.
09:59:23  🔄 Neuer Verbindungsversuch in 2s...
09:59:25  🔌 Verbinde mit Drucker: ws://10.0.0.63:3030/websocket
09:59:26  ✅ Verbunden! MainboardID: 18421c180103147000001c0000000000
09:59:26  ✅ Reconnect erfolgreich; Status wurde neu eingelesen.
09:59:28  ❌ Kamera-Fehler: Konnte kein Frame von der Kamera lesen!
09:59:29  🔄 Kamera-Stream wird neu verbunden.
09:59:29  📷 Kamera-Stream geschlossen.
09:59:29  📷 Öffne Kamera-Stream: http://10.0.0.63:3031/video
09:59:29  ✅ Kamera-Stream geöffnet.
09:59:29  ✅ Kamera-Reconnect erfolgreich (Versuch 1/3).
09:59:34  HTTP Request: POST http://localhost:11434/api/chat "HTTP/1.1 200 OK"
09:59:34     ✅ OK
09:59:48  HTTP Request: POST http://localhost:11434/api/chat "HTTP/1.1 200 OK"
09:59:48     ✅ OK
10:00:03  HTTP Request: POST http://localhost:11434/api/chat "HTTP/1.1 200 OK"
10:00:03     ✅ OK
10:00:18  HTTP Request: POST http://localhost:11434/api/chat "HTTP/1.1 200 OK"
10:00:18     ✅ OK
10:00:26  ⚠️  WebSocket-Verbindung unterbrochen (Close-Code=1006, Grund='', Fehler=no close frame received or sent); automatischer Reconnect #8.
10:00:26  🔄 Neuer Verbindungsversuch in 2s...
10:00:28  ❌ Kamera-Fehler: Konnte kein Frame von der Kamera lesen!
10:00:28  🔌 Verbinde mit Drucker: ws://10.0.0.63:3030/websocket
10:00:29  🔄 Kamera-Stream wird neu verbunden.
10:00:29  📷 Kamera-Stream geschlossen.
10:00:29  📷 Öffne Kamera-Stream: http://10.0.0.63:3031/video
10:00:29  ✅ Kamera-Stream geöffnet.
10:00:29  ✅ Kamera-Reconnect erfolgreich (Versuch 1/3).
10:00:29  ✅ Verbunden! MainboardID: 18421c180103147000001c0000000000
10:00:29  ✅ Reconnect erfolgreich; Status wurde neu eingelesen.
10:00:34  HTTP Request: POST http://localhost:11434/api/chat "HTTP/1.1 200 OK"
10:00:34     ✅ OK
10:00:48  HTTP Request: POST http://localhost:11434/api/chat "HTTP/1.1 200 OK"
10:00:48     ✅ OK
10:01:03  HTTP Request: POST http://localhost:11434/api/chat "HTTP/1.1 200 OK"
10:01:03     ✅ OK
10:01:18  HTTP Request: POST http://localhost:11434/api/chat "HTTP/1.1 200 OK"
10:01:18     ✅ OK
10:01:29  ⚠️  WebSocket-Verbindung unterbrochen (Close-Code=1006, Grund='', Fehler=no close frame received or sent); automatischer Reconnect #9.
10:01:29  🔄 Neuer Verbindungsversuch in 2s...
10:01:31  🔌 Verbinde mit Drucker: ws://10.0.0.63:3030/websocket
10:01:31  ✅ Verbunden! MainboardID: 18421c180103147000001c0000000000
10:01:31  ✅ Reconnect erfolgreich; Status wurde neu eingelesen.
10:01:32  HTTP Request: POST http://localhost:11434/api/chat "HTTP/1.1 200 OK"
10:01:32     ✅ OK
10:01:42  ❌ Kamera-Fehler: Konnte kein Frame von der Kamera lesen!
10:01:43  🔄 Kamera-Stream wird neu verbunden.
10:01:43  📷 Kamera-Stream geschlossen.
10:01:43  📷 Öffne Kamera-Stream: http://10.0.0.63:3031/video
10:01:43  ✅ Kamera-Stream geöffnet.
10:01:43  ✅ Kamera-Reconnect erfolgreich (Versuch 1/3).
10:01:48  HTTP Request: POST http://localhost:11434/api/chat "HTTP/1.1 200 OK"
10:01:48     ✅ OK
10:02:03  HTTP Request: POST http://localhost:11434/api/chat "HTTP/1.1 200 OK"
10:02:03     ✅ OK
10:02:18  HTTP Request: POST http://localhost:11434/api/chat "HTTP/1.1 200 OK"
10:02:18     ✅ OK
10:02:32  ⚠️  WebSocket-Verbindung unterbrochen (Close-Code=1006, Grund='', Fehler=no close frame received or sent); automatischer Reconnect #10.
10:02:32  🔄 Neuer Verbindungsversuch in 2s...
10:02:32  HTTP Request: POST http://localhost:11434/api/chat "HTTP/1.1 200 OK"
10:02:32     ✅ OK
10:02:33  🔄 Monitorzustand: MONITORING -> STOPPING
10:02:33  Laufzusammenfassung: Dauer=0:10:38.056205, Checks=41, OK=40, Fehler=1, UNKNOWN=0, Kamera=9, Reconnects=9, Verbindungsabbrüche=10, Pauseversuche=0, Endzustand=STOPPING
10:02:35  HTTP Request: POST http://localhost:11434/api/generate "HTTP/1.1 200 OK"
10:02:35  🧠 Ollama-Modell aus VRAM entladen: qwen2.5vl:7b
10:02:35  📷 Kamera-Stream geschlossen.
10:02:35  🏁 PrintGuard beendet.
10:02:58  ============================================================
10:02:58  🛡️  PrintGuard - 3D-Druck-Fehlererkennung
10:02:58  ============================================================
10:02:58  ⚙️  Modus: LIVE
10:02:58  🧠 Lade Ollama-Modell für Startprüfung: qwen2.5vl:7b
10:03:09  HTTP Request: POST http://localhost:11434/api/generate "HTTP/1.1 200 OK"
10:03:09  ✅ Ollama-Modell geladen und bereit: qwen2.5vl:7b
10:03:09  🔌 Verbinde mit Drucker: ws://10.0.0.63:3030/websocket
10:03:10  📡 Status geändert: Maschine Printing (1), Druck Unknown (13)
10:03:10  ✅ Verbunden! MainboardID: 18421c180103147000001c0000000000
10:03:10  🔄 Monitorzustand: STARTING -> MONITORING
10:03:10  📷 Öffne Kamera-Stream: http://10.0.0.63:3031/video
10:03:10  ✅ Kamera-Stream geöffnet.
10:03:29  HTTP Request: POST http://localhost:11434/api/chat "HTTP/1.1 200 OK"
10:03:29     ✅ OK
10:03:45  HTTP Request: POST http://localhost:11434/api/chat "HTTP/1.1 200 OK"
10:03:46     ✅ OK
10:04:02  HTTP Request: POST http://localhost:11434/api/chat "HTTP/1.1 200 OK"
10:04:02     ⚠️  Alarmprüfung: FEHLER: Stringing an der Oberfläche des Druckes. (1 Fehler, 1/3 Bilder)
10:04:10  ⚠️  WebSocket-Verbindung unterbrochen (Close-Code=1006, Grund='', Fehler=no close frame received or sent); automatischer Reconnect #1.
10:04:10  🔄 Neuer Verbindungsversuch in 2s...
10:04:12  ❌ Kamera-Fehler: Konnte kein Frame von der Kamera lesen!
10:04:12  🔌 Verbinde mit Drucker: ws://10.0.0.63:3030/websocket
10:04:13  🔄 Kamera-Stream wird neu verbunden.
10:04:13  📷 Kamera-Stream geschlossen.
10:04:13  📷 Öffne Kamera-Stream: http://10.0.0.63:3031/video
10:04:14  ✅ Kamera-Stream geöffnet.
10:04:14  ✅ Kamera-Reconnect erfolgreich (Versuch 1/3).
10:04:14  ✅ Verbunden! MainboardID: 18421c180103147000001c0000000000
10:04:14  ✅ Reconnect erfolgreich; Status wurde neu eingelesen.
10:04:18  HTTP Request: POST http://localhost:11434/api/chat "HTTP/1.1 200 OK"
10:04:18     ⚠️  Alarmprüfung: OK (1 Fehler, 2/3 Bilder)
10:04:33  HTTP Request: POST http://localhost:11434/api/chat "HTTP/1.1 200 OK"
10:04:33     ✅ Alarm verworfen: 1/3 Bestätigungsfehler.
10:04:49  HTTP Request: POST http://localhost:11434/api/chat "HTTP/1.1 200 OK"
10:04:49     ✅ OK
10:05:04  HTTP Request: POST http://localhost:11434/api/chat "HTTP/1.1 200 OK"
10:05:04     ✅ OK
10:05:13  ⚠️  WebSocket-Verbindung unterbrochen (Close-Code=1006, Grund='', Fehler=no close frame received or sent); automatischer Reconnect #2.
10:05:13  🔄 Neuer Verbindungsversuch in 2s...
10:05:14  ❌ Kamera-Fehler: Konnte kein Frame von der Kamera lesen!
10:05:15  🔄 Kamera-Stream wird neu verbunden.
10:05:15  📷 Kamera-Stream geschlossen.
10:05:15  📷 Öffne Kamera-Stream: http://10.0.0.63:3031/video
10:05:15  ✅ Kamera-Stream geöffnet.
10:05:15  ✅ Kamera-Reconnect erfolgreich (Versuch 1/3).
10:05:15  🔌 Verbinde mit Drucker: ws://10.0.0.63:3030/websocket
10:05:16  ✅ Verbunden! MainboardID: 18421c180103147000001c0000000000
10:05:16  ✅ Reconnect erfolgreich; Status wurde neu eingelesen.
10:05:21  HTTP Request: POST http://localhost:11434/api/chat "HTTP/1.1 200 OK"
10:05:21     ✅ OK
10:05:35  HTTP Request: POST http://localhost:11434/api/chat "HTTP/1.1 200 OK"
10:05:35     ✅ OK
10:05:50  HTTP Request: POST http://localhost:11434/api/chat "HTTP/1.1 200 OK"
10:05:50     ✅ OK
10:06:05  HTTP Request: POST http://localhost:11434/api/chat "HTTP/1.1 200 OK"
10:06:05     ✅ OK
10:06:10  🔄 Monitorzustand: MONITORING -> STOPPING
10:06:10  Laufzusammenfassung: Dauer=0:03:11.365048, Checks=11, OK=10, Fehler=1, UNKNOWN=0, Kamera=2, Reconnects=2, Verbindungsabbrüche=2, Pauseversuche=0, Endzustand=STOPPING
10:06:12  HTTP Request: POST http://localhost:11434/api/generate "HTTP/1.1 200 OK"
10:06:12  🧠 Ollama-Modell aus VRAM entladen: qwen2.5vl:7b
10:06:12  📷 Kamera-Stream geschlossen.
10:06:12  🏁 PrintGuard beendet.
10:06:14  ============================================================
10:06:14  🛡️  PrintGuard - 3D-Druck-Fehlererkennung
10:06:14  ============================================================
10:06:14  ⚙️  Modus: LIVE
10:06:14  🧠 Lade Ollama-Modell für Startprüfung: qwen2.5vl:7b
10:06:22  HTTP Request: POST http://localhost:11434/api/generate "HTTP/1.1 200 OK"
10:06:22  ✅ Ollama-Modell geladen und bereit: qwen2.5vl:7b
10:06:22  🔌 Verbinde mit Drucker: ws://10.0.0.63:3030/websocket
10:06:23  📡 Status geändert: Maschine Printing (1), Druck Unknown (13)
10:06:23  ✅ Verbunden! MainboardID: 18421c180103147000001c0000000000
10:06:23  🔄 Monitorzustand: STARTING -> MONITORING
10:06:23  📷 Öffne Kamera-Stream: http://10.0.0.63:3031/video
10:06:23  ✅ Kamera-Stream geöffnet.
10:06:39  HTTP Request: POST http://localhost:11434/api/chat "HTTP/1.1 200 OK"
10:06:39     ✅ OK
10:06:54  HTTP Request: POST http://localhost:11434/api/chat "HTTP/1.1 200 OK"
10:06:54     ✅ OK
10:07:10  HTTP Request: POST http://localhost:11434/api/chat "HTTP/1.1 200 OK"
10:07:10     ✅ OK
10:07:20  ❌ Kamera-Fehler: Konnte kein Frame von der Kamera lesen!
10:07:21  🔄 Kamera-Stream wird neu verbunden.
10:07:21  📷 Kamera-Stream geschlossen.
10:07:21  📷 Öffne Kamera-Stream: http://10.0.0.63:3031/video
10:07:21  ✅ Kamera-Stream geöffnet.
10:07:22  ✅ Kamera-Reconnect erfolgreich (Versuch 1/3).
10:07:23  ⚠️  WebSocket-Verbindung unterbrochen (Close-Code=1006, Grund='', Fehler=no close frame received or sent); automatischer Reconnect #1.
10:07:23  🔄 Neuer Verbindungsversuch in 2s...
10:07:25  🔌 Verbinde mit Drucker: ws://10.0.0.63:3030/websocket
10:07:27  ✅ Verbunden! MainboardID: 18421c180103147000001c0000000000
10:07:27  ✅ Reconnect erfolgreich; Status wurde neu eingelesen.
10:07:27  HTTP Request: POST http://localhost:11434/api/chat "HTTP/1.1 200 OK"
10:07:27     ✅ OK
10:07:43  HTTP Request: POST http://localhost:11434/api/chat "HTTP/1.1 200 OK"
10:07:43     ✅ OK
10:07:59  HTTP Request: POST http://localhost:11434/api/chat "HTTP/1.1 200 OK"
10:07:59     ✅ OK
10:08:15  HTTP Request: POST http://localhost:11434/api/chat "HTTP/1.1 200 OK"
10:08:15     ✅ OK
10:08:26  ⚠️  WebSocket-Verbindung unterbrochen (Close-Code=1006, Grund='', Fehler=no close frame received or sent); automatischer Reconnect #2.
10:08:26  🔄 Neuer Verbindungsversuch in 2s...
10:08:28  🔌 Verbinde mit Drucker: ws://10.0.0.63:3030/websocket
10:08:28  ✅ Verbunden! MainboardID: 18421c180103147000001c0000000000
10:08:28  ✅ Reconnect erfolgreich; Status wurde neu eingelesen.
10:08:32  HTTP Request: POST http://localhost:11434/api/chat "HTTP/1.1 200 OK"
10:08:32     ✅ OK
10:08:42  ❌ Kamera-Fehler: Konnte kein Frame von der Kamera lesen!
10:08:43  🔄 Kamera-Stream wird neu verbunden.
10:08:43  📷 Kamera-Stream geschlossen.
10:08:43  📷 Öffne Kamera-Stream: http://10.0.0.63:3031/video
10:08:43  ✅ Kamera-Stream geöffnet.
10:08:43  ✅ Kamera-Reconnect erfolgreich (Versuch 1/3).
10:08:50  HTTP Request: POST http://localhost:11434/api/chat "HTTP/1.1 200 OK"
10:08:50     ⚠️  Alarmprüfung: FEHLER: Spaghetti am Rand des Druckes (1 Fehler, 1/3 Bilder)
10:09:04  HTTP Request: POST http://localhost:11434/api/chat "HTTP/1.1 200 OK"
10:09:04     ⚠️  Alarmprüfung: OK (1 Fehler, 2/3 Bilder)
10:09:19  HTTP Request: POST http://localhost:11434/api/chat "HTTP/1.1 200 OK"
10:09:19     ✅ Alarm verworfen: 1/3 Bestätigungsfehler.
10:09:29  ⚠️  WebSocket-Verbindung unterbrochen (Close-Code=1006, Grund='', Fehler=no close frame received or sent); automatischer Reconnect #3.
10:09:29  🔄 Neuer Verbindungsversuch in 2s...
10:09:31  🔌 Verbinde mit Drucker: ws://10.0.0.63:3030/websocket
10:09:32  ✅ Verbunden! MainboardID: 18421c180103147000001c0000000000
10:09:32  ✅ Reconnect erfolgreich; Status wurde neu eingelesen.
10:09:33  HTTP Request: POST http://localhost:11434/api/chat "HTTP/1.1 200 OK"
10:09:33     ✅ OK
10:09:50  HTTP Request: POST http://localhost:11434/api/chat "HTTP/1.1 200 OK"
10:09:50     ✅ OK
10:10:00  ❌ Kamera-Fehler: Konnte kein Frame von der Kamera lesen!
10:10:01  🔄 Kamera-Stream wird neu verbunden.
10:10:01  📷 Kamera-Stream geschlossen.
10:10:01  📷 Öffne Kamera-Stream: http://10.0.0.63:3031/video
10:10:01  ✅ Kamera-Stream geöffnet.
10:10:01  ✅ Kamera-Reconnect erfolgreich (Versuch 1/3).
10:10:04  🔄 Monitorzustand: MONITORING -> STOPPING
10:10:04  Laufzusammenfassung: Dauer=0:03:50.282933, Checks=14, OK=12, Fehler=1, UNKNOWN=0, Kamera=3, Reconnects=3, Verbindungsabbrüche=3, Pauseversuche=0, Endzustand=STOPPING
10:10:06  HTTP Request: POST http://localhost:11434/api/generate "HTTP/1.1 200 OK"
10:10:06  🧠 Ollama-Modell aus VRAM entladen: qwen2.5vl:7b
10:10:06  📷 Kamera-Stream geschlossen.
10:10:06  🏁 PrintGuard beendet.
10:10:07  HTTP Request: POST http://localhost:11434/api/chat "HTTP/1.1 200 OK"
10:10:09  ============================================================
10:10:09  🛡️  PrintGuard - 3D-Druck-Fehlererkennung
10:10:09  ============================================================
10:10:09  ⚙️  Modus: LIVE
10:10:09  🧠 Lade Ollama-Modell für Startprüfung: qwen2.5vl:7b
10:10:16  HTTP Request: POST http://localhost:11434/api/generate "HTTP/1.1 200 OK"
10:10:16  ✅ Ollama-Modell geladen und bereit: qwen2.5vl:7b
10:10:16  🔌 Verbinde mit Drucker: ws://10.0.0.63:3030/websocket
10:10:18  📡 Status geändert: Maschine Printing (1), Druck Unknown (13)
10:10:18  ✅ Verbunden! MainboardID: 18421c180103147000001c0000000000
10:10:18  🔄 Monitorzustand: STARTING -> MONITORING
10:10:18  📷 Öffne Kamera-Stream: http://10.0.0.63:3031/video
10:10:18  ✅ Kamera-Stream geöffnet.
10:10:35  HTTP Request: POST http://localhost:11434/api/chat "HTTP/1.1 200 OK"
10:10:35     ✅ OK
10:10:49  HTTP Request: POST http://localhost:11434/api/chat "HTTP/1.1 200 OK"
10:10:49     ✅ OK
10:11:04  HTTP Request: POST http://localhost:11434/api/chat "HTTP/1.1 200 OK"
10:11:04     ✅ OK
10:11:14  ❌ Kamera-Fehler: Konnte kein Frame von der Kamera lesen!
10:11:15  🔄 Kamera-Stream wird neu verbunden.
10:11:15  📷 Kamera-Stream geschlossen.
10:11:15  📷 Öffne Kamera-Stream: http://10.0.0.63:3031/video
10:11:15  ✅ Kamera-Stream geöffnet.
10:11:15  ✅ Kamera-Reconnect erfolgreich (Versuch 1/3).
10:11:17  ⚠️  WebSocket-Verbindung unterbrochen (Close-Code=1006, Grund='', Fehler=no close frame received or sent); automatischer Reconnect #1.
10:11:17  🔄 Neuer Verbindungsversuch in 2s...
10:11:19  🔌 Verbinde mit Drucker: ws://10.0.0.63:3030/websocket
10:11:20  HTTP Request: POST http://localhost:11434/api/chat "HTTP/1.1 200 OK"
10:11:20     ✅ OK
10:11:22  ✅ Verbunden! MainboardID: 18421c180103147000001c0000000000
10:11:22  ✅ Reconnect erfolgreich; Status wurde neu eingelesen.
10:11:34  HTTP Request: POST http://localhost:11434/api/chat "HTTP/1.1 200 OK"
10:11:34     ✅ OK
10:11:49  HTTP Request: POST http://localhost:11434/api/chat "HTTP/1.1 200 OK"
10:11:49     ⚠️  Alarmprüfung: FEHLER: Layer-Shift (1 Fehler, 1/3 Bilder)
10:12:04  HTTP Request: POST http://localhost:11434/api/chat "HTTP/1.1 200 OK"
10:12:04     ⚠️  Alarmprüfung: OK (1 Fehler, 2/3 Bilder)
10:12:18  HTTP Request: POST http://localhost:11434/api/chat "HTTP/1.1 200 OK"
10:12:18     ✅ Alarm verworfen: 1/3 Bestätigungsfehler.
10:12:20  ⚠️  WebSocket-Verbindung unterbrochen (Close-Code=1006, Grund='', Fehler=no close frame received or sent); automatischer Reconnect #2.
10:12:20  🔄 Neuer Verbindungsversuch in 2s...
10:12:22  🔌 Verbinde mit Drucker: ws://10.0.0.63:3030/websocket
10:12:23  ✅ Verbunden! MainboardID: 18421c180103147000001c0000000000
10:12:23  ✅ Reconnect erfolgreich; Status wurde neu eingelesen.
10:12:33  HTTP Request: POST http://localhost:11434/api/chat "HTTP/1.1 200 OK"
10:12:33     ✅ OK
10:12:48  HTTP Request: POST http://localhost:11434/api/chat "HTTP/1.1 200 OK"
10:12:48     ⚠️  Alarmprüfung: FEHLER: Layer-Shift (1 Fehler, 1/3 Bilder)
10:12:58  ❌ Kamera-Fehler: Konnte kein Frame von der Kamera lesen!
10:12:59  🔄 Kamera-Stream wird neu verbunden.
10:12:59  📷 Kamera-Stream geschlossen.
10:12:59  📷 Öffne Kamera-Stream: http://10.0.0.63:3031/video
10:12:59  ✅ Kamera-Stream geöffnet.
10:12:59  ✅ Kamera-Reconnect erfolgreich (Versuch 1/3).
10:13:04  HTTP Request: POST http://localhost:11434/api/chat "HTTP/1.1 200 OK"
10:13:04     ⚠️  Alarmprüfung: OK (1 Fehler, 2/3 Bilder)
10:13:18  HTTP Request: POST http://localhost:11434/api/chat "HTTP/1.1 200 OK"
10:13:18     ✅ Alarm verworfen: 1/3 Bestätigungsfehler.
10:13:23  ⚠️  WebSocket-Verbindung unterbrochen (Close-Code=1006, Grund='', Fehler=no close frame received or sent); automatischer Reconnect #3.
10:13:23  🔄 Neuer Verbindungsversuch in 2s...
10:13:25  🔌 Verbinde mit Drucker: ws://10.0.0.63:3030/websocket
10:13:28  ✅ Verbunden! MainboardID: 18421c180103147000001c0000000000
10:13:28  ✅ Reconnect erfolgreich; Status wurde neu eingelesen.
10:13:33  HTTP Request: POST http://localhost:11434/api/chat "HTTP/1.1 200 OK"
10:13:33     ✅ OK
10:13:47  HTTP Request: POST http://localhost:11434/api/chat "HTTP/1.1 200 OK"
10:13:47     ✅ OK
10:13:57  ❌ Kamera-Fehler: Konnte kein Frame von der Kamera lesen!
10:13:58  🔄 Kamera-Stream wird neu verbunden.
10:13:58  📷 Kamera-Stream geschlossen.
10:13:58  📷 Öffne Kamera-Stream: http://10.0.0.63:3031/video
10:13:58  ✅ Kamera-Stream geöffnet.
10:13:59  ✅ Kamera-Reconnect erfolgreich (Versuch 1/3).
10:14:03  HTTP Request: POST http://localhost:11434/api/chat "HTTP/1.1 200 OK"
10:14:03     ✅ OK
10:14:18  HTTP Request: POST http://localhost:11434/api/chat "HTTP/1.1 200 OK"
10:14:18     ✅ OK
10:14:26  ⚠️  WebSocket-Verbindung unterbrochen (Close-Code=1006, Grund='', Fehler=no close frame received or sent); automatischer Reconnect #4.
10:14:26  🔄 Neuer Verbindungsversuch in 2s...
10:14:28  🔌 Verbinde mit Drucker: ws://10.0.0.63:3030/websocket
10:14:29  ✅ Verbunden! MainboardID: 18421c180103147000001c0000000000
10:14:29  ✅ Reconnect erfolgreich; Status wurde neu eingelesen.
10:14:32  HTTP Request: POST http://localhost:11434/api/chat "HTTP/1.1 200 OK"
10:14:32     ✅ OK
10:14:36  🔄 Monitorzustand: MONITORING -> STOPPING
10:14:36  Laufzusammenfassung: Dauer=0:04:27.597621, Checks=17, OK=15, Fehler=2, UNKNOWN=0, Kamera=3, Reconnects=4, Verbindungsabbrüche=4, Pauseversuche=0, Endzustand=STOPPING
10:14:38  HTTP Request: POST http://localhost:11434/api/generate "HTTP/1.1 200 OK"
10:14:38  🧠 Ollama-Modell aus VRAM entladen: qwen2.5vl:7b
10:14:38  📷 Kamera-Stream geschlossen.
10:14:38  🏁 PrintGuard beendet.
10:14:58  ============================================================
10:14:58  🛡️  PrintGuard - 3D-Druck-Fehlererkennung
10:14:58  ============================================================
10:14:58  ⚙️  Modus: LIVE
10:14:58  🧠 Lade Ollama-Modell für Startprüfung: qwen2.5vl:7b
10:15:06  HTTP Request: POST http://localhost:11434/api/generate "HTTP/1.1 200 OK"
10:15:06  ✅ Ollama-Modell geladen und bereit: qwen2.5vl:7b
10:15:06  🔌 Verbinde mit Drucker: ws://10.0.0.63:3030/websocket
10:15:08  📡 Status geändert: Maschine Printing (1), Druck Unknown (13)
10:15:08  ✅ Verbunden! MainboardID: 18421c180103147000001c0000000000
10:15:08  🔄 Monitorzustand: STARTING -> MONITORING
10:15:08  📷 Öffne Kamera-Stream: http://10.0.0.63:3031/video
10:15:09  ✅ Kamera-Stream geöffnet.
10:15:13  📡 Status geändert: Maschine Printing (1), Druck Pausing (5)
10:15:22  📡 Status geändert: Maschine Printing (1), Druck Paused (6)
10:15:25  HTTP Request: POST http://localhost:11434/api/chat "HTTP/1.1 200 OK"
10:15:25     ✅ OK
10:15:40  HTTP Request: POST http://localhost:11434/api/chat "HTTP/1.1 200 OK"
10:15:40     ✅ OK
10:15:56  HTTP Request: POST http://localhost:11434/api/chat "HTTP/1.1 200 OK"
10:15:56     ✅ OK
10:16:07  ⚠️  WebSocket-Verbindung unterbrochen (Close-Code=1006, Grund='', Fehler=no close frame received or sent); automatischer Reconnect #1.
10:16:07  🔄 Neuer Verbindungsversuch in 2s...
10:16:09  🔌 Verbinde mit Drucker: ws://10.0.0.63:3030/websocket
10:16:10  ✅ Verbunden! MainboardID: 18421c180103147000001c0000000000
10:16:10  ✅ Reconnect erfolgreich; Status wurde neu eingelesen.
10:16:10  HTTP Request: POST http://localhost:11434/api/chat "HTTP/1.1 200 OK"
10:16:10     ✅ OK
10:16:20  ❌ Kamera-Fehler: Konnte kein Frame von der Kamera lesen!
10:16:21  🔄 Kamera-Stream wird neu verbunden.
10:16:21  📷 Kamera-Stream geschlossen.
10:16:21  📷 Öffne Kamera-Stream: http://10.0.0.63:3031/video
10:16:21  ✅ Kamera-Stream geöffnet.
10:16:22  ✅ Kamera-Reconnect erfolgreich (Versuch 1/3).
10:16:27  HTTP Request: POST http://localhost:11434/api/chat "HTTP/1.1 200 OK"
10:16:27     ⚠️  Alarmprüfung: FEHLER: Layer-Shift (1 Fehler, 1/3 Bilder)
10:16:41  HTTP Request: POST http://localhost:11434/api/chat "HTTP/1.1 200 OK"
10:16:41     ⚠️  Alarmprüfung: OK (1 Fehler, 2/3 Bilder)
10:16:57  HTTP Request: POST http://localhost:11434/api/chat "HTTP/1.1 200 OK"
10:16:57  📸 3 Bilder für Gegencheck gespeichert: review_frames\20260808_101657_385b5602-0096-429e-af28-d46129e5aa7e
10:16:57  🔄 Monitorzustand: MONITORING -> PAUSING
10:16:57  📤 Sende Cmd 129 an sdcp/request/18421c180103147000001c0000000000
10:16:57  📨 Antwort für RequestID 55e1502f-fd67-4126-b30a-7d068810d80d: Cmd=129, Ack=0
10:16:57  📤 Sende Cmd 0 an sdcp/request/18421c180103147000001c0000000000
10:16:57  📨 Antwort für RequestID 2f675ea9-f913-4467-abc5-3e3ba094032b: Cmd=0, Ack=0
10:17:17  🔄 Monitorzustand: PAUSING -> ERROR
10:17:17  ❌ DRUCKPAUSE NICHT BESTÄTIGT!
10:17:17  📸 7 Bilder für Gegencheck gespeichert: review_frames\20260808_101657_385b5602-0096-429e-af28-d46129e5aa7e
10:17:17  🛑 PrintGuard beendet. Bitte Druck manuell prüfen!
10:17:17  Laufzusammenfassung: Dauer=0:02:18.778528, Checks=7, OK=5, Fehler=2, UNKNOWN=0, Kamera=1, Reconnects=1, Verbindungsabbrüche=1, Pauseversuche=1, Endzustand=ERROR
10:17:19  HTTP Request: POST http://localhost:11434/api/generate "HTTP/1.1 200 OK"
10:17:19  🧠 Ollama-Modell aus VRAM entladen: qwen2.5vl:7b
10:17:19  📷 Kamera-Stream geschlossen.
10:17:19  🏁 PrintGuard beendet.
10:39:05  ============================================================
10:39:05  🛡️  PrintGuard - 3D-Druck-Fehlererkennung
10:39:05  ============================================================
10:39:05  ⚙️  Modus: LIVE
10:39:05  🧠 Lade Ollama-Modell für Startprüfung: qwen2.5vl:7b
10:39:13  HTTP Request: POST http://localhost:11434/api/generate "HTTP/1.1 200 OK"
10:39:13  ✅ Ollama-Modell geladen und bereit: qwen2.5vl:7b
10:39:13  🔌 Verbinde mit Drucker: ws://10.0.0.63:3030/websocket
10:39:15  📡 Status geändert: Maschine Printing (1), Druck Unknown (16)
10:39:15  ✅ Verbunden! MainboardID: 18421c180103147000001c0000000000
10:39:15  🔄 Monitorzustand: STARTING -> MONITORING
10:39:15  📷 Öffne Kamera-Stream: http://10.0.0.63:3031/video
10:39:15  ✅ Kamera-Stream geöffnet.
10:39:24  📡 Status geändert: Maschine Printing (1), Druck Unknown (20)
10:39:24  📡 Status geändert: Maschine Printing (1), Druck Homing (1)
10:39:32  HTTP Request: POST http://localhost:11434/api/chat "HTTP/1.1 200 OK"
10:39:32     ✅ OK
10:39:37  📡 Status geändert: Maschine Printing (1), Druck Unknown (21)
10:39:42  📡 Status geändert: Maschine Printing (1), Druck Homing (1)
10:39:44  HTTP Request: POST http://localhost:11434/api/chat "HTTP/1.1 200 OK"
10:39:44     ✅ OK
10:39:59  HTTP Request: POST http://localhost:11434/api/chat "HTTP/1.1 200 OK"
10:39:59     ✅ OK
10:40:00  📡 Status geändert: Maschine Printing (1), Druck Unknown (20)
10:40:00  📡 Status geändert: Maschine Printing (1), Druck Unknown (16)
10:40:09  ❌ Kamera-Fehler: Konnte kein Frame von der Kamera lesen!
10:40:10  🔄 Kamera-Stream wird neu verbunden.
10:40:10  📷 Kamera-Stream geschlossen.
10:40:10  📷 Öffne Kamera-Stream: http://10.0.0.63:3031/video
10:40:10  ✅ Kamera-Stream geöffnet.
10:40:10  ✅ Kamera-Reconnect erfolgreich (Versuch 1/3).
10:40:14  ⚠️  WebSocket-Verbindung unterbrochen (Close-Code=1006, Grund='', Fehler=no close frame received or sent); automatischer Reconnect #1.
10:40:14  🔄 Neuer Verbindungsversuch in 2s...
10:40:14  HTTP Request: POST http://localhost:11434/api/chat "HTTP/1.1 200 OK"
10:40:14     ⚠️  Alarmprüfung: FEHLER: ABGELOEST (1 Fehler, 1/3 Bilder)
10:40:14  📸 4 Bilder für Gegencheck gespeichert: review_frames\20260808_104014_no-task
10:40:16  🔌 Verbinde mit Drucker: ws://10.0.0.63:3030/websocket
10:40:16  ✅ Verbunden! MainboardID: 18421c180103147000001c0000000000
10:40:16  ✅ Reconnect erfolgreich; Status wurde neu eingelesen.
10:40:23  🔄 Monitorzustand: MONITORING -> STOPPING
10:40:23  Laufzusammenfassung: Dauer=0:01:18.200568, Checks=4, OK=3, Fehler=1, UNKNOWN=0, Kamera=1, Reconnects=1, Verbindungsabbrüche=1, Pauseversuche=0, Endzustand=STOPPING
10:40:25  HTTP Request: POST http://localhost:11434/api/generate "HTTP/1.1 200 OK"
10:40:25  🧠 Ollama-Modell aus VRAM entladen: qwen2.5vl:7b
10:40:25  📷 Kamera-Stream geschlossen.
10:40:25  🏁 PrintGuard beendet.
10:57:07  ============================================================
10:57:07  🛡️  PrintGuard - 3D-Druck-Fehlererkennung
10:57:07  ============================================================
10:57:07  ⚙️  Modus: LIVE
10:57:07  🧠 Lade Ollama-Modell für Startprüfung: qwen2.5vl:7b
10:57:15  HTTP Request: POST http://localhost:11434/api/generate "HTTP/1.1 200 OK"
10:57:15  ✅ Ollama-Modell geladen und bereit: qwen2.5vl:7b
10:57:15  🔌 Verbinde mit Drucker: ws://10.0.0.63:3030/websocket
10:57:17  📡 Status geändert: Maschine Printing (1), Druck Unknown (13)
10:57:17  ✅ Verbunden! MainboardID: 18421c180103147000001c0000000000
10:57:17  🔄 Monitorzustand: STARTING -> MONITORING
10:57:17  📷 Öffne Kamera-Stream: http://10.0.0.63:3031/video
10:57:17  ✅ Kamera-Stream geöffnet.
10:57:19  ⚠️  KI wartet auf echten Druck: Maschine=[1], Druck=13.
10:57:59  ❌ Kamera-Fehler: Konnte kein Frame von der Kamera lesen!
10:58:00  🔄 Kamera-Stream wird neu verbunden.
10:58:00  📷 Kamera-Stream geschlossen.
10:58:00  📷 Öffne Kamera-Stream: http://10.0.0.63:3031/video
10:58:00  ✅ Kamera-Stream geöffnet.
10:58:00  ✅ Kamera-Reconnect erfolgreich (Versuch 1/3).
10:58:16  ⚠️  WebSocket-Verbindung unterbrochen (Close-Code=1006, Grund='', Fehler=no close frame received or sent); automatischer Reconnect #1.
10:58:16  🔄 Neuer Verbindungsversuch in 2s...
10:58:18  🔌 Verbinde mit Drucker: ws://10.0.0.63:3030/websocket
10:58:21  ✅ Verbunden! MainboardID: 18421c180103147000001c0000000000
10:58:21  ✅ Reconnect erfolgreich; Status wurde neu eingelesen.
10:58:33  🔄 Monitorzustand: MONITORING -> STOPPING
10:58:33  Laufzusammenfassung: Dauer=0:01:26.120414, Checks=7, OK=0, Fehler=0, UNKNOWN=0, Kamera=1, Reconnects=1, Verbindungsabbrüche=1, Pauseversuche=0, Endzustand=STOPPING
10:58:35  HTTP Request: POST http://localhost:11434/api/generate "HTTP/1.1 200 OK"
10:58:35  🧠 Ollama-Modell aus VRAM entladen: qwen2.5vl:7b
10:58:35  📷 Kamera-Stream geschlossen.
10:58:35  🏁 PrintGuard beendet.
10:58:50  ============================================================
10:58:50  🛡️  PrintGuard - 3D-Druck-Fehlererkennung
10:58:50  ============================================================
10:58:50  ⚙️  Modus: LIVE
10:58:50  🧠 Lade Ollama-Modell für Startprüfung: qwen2.5vl:7b
10:58:57  HTTP Request: POST http://localhost:11434/api/generate "HTTP/1.1 200 OK"
10:58:57  ✅ Ollama-Modell geladen und bereit: qwen2.5vl:7b
10:58:57  🔌 Verbinde mit Drucker: ws://10.0.0.63:3030/websocket
10:58:58  📡 Status geändert: Maschine Printing (1), Druck Unknown (13)
10:58:58  ✅ Verbunden! MainboardID: 18421c180103147000001c0000000000
10:58:58  🔄 Monitorzustand: STARTING -> MONITORING
10:58:58  📷 Öffne Kamera-Stream: http://10.0.0.63:3031/video
10:58:58  ✅ Kamera-Stream geöffnet.
10:59:14  HTTP Request: POST http://localhost:11434/api/chat "HTTP/1.1 200 OK"
10:59:14     ✅ OK
10:59:28  HTTP Request: POST http://localhost:11434/api/chat "HTTP/1.1 200 OK"
10:59:28     ⚠️  Alarmprüfung: FEHLER: ABGELOEST (1 Fehler, 1/3 Bilder)
10:59:28  📸 2 Bilder für Gegencheck gespeichert: review_frames\20260808_105928_no-task
10:59:42  HTTP Request: POST http://localhost:11434/api/chat "HTTP/1.1 200 OK"
10:59:42     ⚠️  Alarmprüfung: OK (1 Fehler, 2/3 Bilder)
10:59:52  ❌ Kamera-Fehler: Konnte kein Frame von der Kamera lesen!
10:59:53  🔄 Kamera-Stream wird neu verbunden.
10:59:53  📷 Kamera-Stream geschlossen.
10:59:53  📷 Öffne Kamera-Stream: http://10.0.0.63:3031/video
10:59:54  ✅ Kamera-Stream geöffnet.
10:59:54  ✅ Kamera-Reconnect erfolgreich (Versuch 1/3).
10:59:57  HTTP Request: POST http://localhost:11434/api/chat "HTTP/1.1 200 OK"
10:59:57  📸 3 Bilder für Gegencheck gespeichert: review_frames\20260808_105957_3d25b7c1-03f5-4cb1-82e4-97c6265087db
10:59:57  🔄 Monitorzustand: MONITORING -> PAUSING
10:59:57  📤 Sende Cmd 129 an sdcp/request/18421c180103147000001c0000000000
10:59:57  📨 Antwort für RequestID 2e67975a-b14c-44a0-a569-0d1dd110111a: Cmd=129, Ack=0
10:59:57  📤 Sende Cmd 0 an sdcp/request/18421c180103147000001c0000000000
10:59:57  📨 Antwort für RequestID 39883761-26ee-4c86-bac5-123d5471901e: Cmd=0, Ack=0
10:59:58  📡 Status geändert: Maschine Printing (1), Druck Pausing (5)
10:59:58  ✅ Druck pausiert bestätigt (Druck=5).
10:59:58  🔄 Monitorzustand: PAUSING -> PAUSED
10:59:58  ⏸️  DRUCK PAUSIERT!
11:00:00  HTTP Request: POST http://localhost:11434/api/generate "HTTP/1.1 200 OK"
11:00:00  🧠 Ollama-Modell aus VRAM entladen: qwen2.5vl:7b
11:00:00  📸 4 Bilder für Gegencheck gespeichert: review_frames\20260808_105957_3d25b7c1-03f5-4cb1-82e4-97c6265087db
11:00:00  🛑 PrintGuard beendet. Bitte Druck manuell prüfen!
11:00:00  Laufzusammenfassung: Dauer=0:01:10.105396, Checks=4, OK=2, Fehler=2, UNKNOWN=0, Kamera=1, Reconnects=0, Verbindungsabbrüche=0, Pauseversuche=1, Endzustand=PAUSED
11:00:02  HTTP Request: POST http://localhost:11434/api/generate "HTTP/1.1 200 OK"
11:00:02  🧠 Ollama-Modell aus VRAM entladen: qwen2.5vl:7b
11:00:02  📷 Kamera-Stream geschlossen.
11:00:02  🏁 PrintGuard beendet.
11:53:27  ============================================================
11:53:27  🛡️  PrintGuard - 3D-Druck-Fehlererkennung
11:53:27  ============================================================
11:53:27  ⚙️  Modus: LIVE
11:53:27  🧠 Lade Ollama-Modell für Startprüfung: qwen2.5vl:7b
11:53:40  HTTP Request: POST http://localhost:11434/api/generate "HTTP/1.1 200 OK"
11:53:40  ✅ Ollama-Modell geladen und bereit: qwen2.5vl:7b
11:53:40  🔌 Verbinde mit Drucker: ws://10.0.0.63:3030/websocket
11:54:28  ============================================================
11:54:28  🛡️  PrintGuard - 3D-Druck-Fehlererkennung
11:54:28  ============================================================
11:54:28  ⚙️  Modus: LIVE
11:54:28  🧠 Lade Ollama-Modell für Startprüfung: qwen2.5vl:7b
11:54:30  HTTP Request: POST http://localhost:11434/api/generate "HTTP/1.1 200 OK"
11:54:30  ✅ Ollama-Modell geladen und bereit: qwen2.5vl:7b
11:54:30  🔌 Verbinde mit Drucker: ws://10.0.0.63:3030/websocket
11:54:32  📡 Status geändert: Maschine Printing (1), Druck Preparation (16)
11:54:32  ✅ Verbunden! MainboardID: 18421c180103147000001c0000000000
11:54:32  🔄 Monitorzustand: STARTING -> MONITORING
11:54:32  📷 Öffne Kamera-Stream: http://10.0.0.63:3031/video
11:54:32  ✅ Kamera-Stream geöffnet.
11:54:34  ⚠️  KI wartet auf echten Druck: Maschine=[1], Druck=16.
11:54:51  📡 Status geändert: Maschine Printing (1), Druck Bed Leveling (20)
11:54:51  📡 Status geändert: Maschine Printing (1), Druck Homing (1)
11:55:04  📡 Status geändert: Maschine Printing (1), Druck Leveling Preparation (21)
11:55:10  📡 Status geändert: Maschine Printing (1), Druck Homing (1)
11:55:14  ❌ Kamera-Fehler: Konnte kein Frame von der Kamera lesen!
11:55:15  🔄 Kamera-Stream wird neu verbunden.
11:55:15  📷 Kamera-Stream geschlossen.
11:55:15  📷 Öffne Kamera-Stream: http://10.0.0.63:3031/video
11:55:15  ✅ Kamera-Stream geöffnet.
11:55:15  ✅ Kamera-Reconnect erfolgreich (Versuch 1/3).
11:55:21  📡 Status geändert: Maschine Printing (1), Druck Bed Leveling (20)
11:55:21  📡 Status geändert: Maschine Printing (1), Druck Preparation (16)
11:55:31  ⚠️  WebSocket-Verbindung unterbrochen (Close-Code=1006, Grund='', Fehler=no close frame received or sent); automatischer Reconnect #1.
11:55:31  🔄 Neuer Verbindungsversuch in 2s...
11:55:33  🔌 Verbinde mit Drucker: ws://10.0.0.63:3030/websocket
11:55:36  ✅ Verbunden! MainboardID: 18421c180103147000001c0000000000
11:55:36  ✅ Reconnect erfolgreich; Status wurde neu eingelesen.
11:56:01  📡 Status geändert: Maschine Printing (1), Druck Bed Leveling (20)
11:56:22  📡 Status geändert: Maschine Printing (1), Druck Preparation (16)
11:56:25  ❌ Kamera-Fehler: Konnte kein Frame von der Kamera lesen!
11:56:26  🔄 Kamera-Stream wird neu verbunden.
11:56:26  📷 Kamera-Stream geschlossen.
11:56:26  📷 Öffne Kamera-Stream: http://10.0.0.63:3031/video
11:56:27  ✅ Kamera-Stream geöffnet.
11:56:27  ✅ Kamera-Reconnect erfolgreich (Versuch 1/3).
11:56:34  ⚠️  WebSocket-Verbindung unterbrochen (Close-Code=1006, Grund='', Fehler=no close frame received or sent); automatischer Reconnect #2.
11:56:34  🔄 Neuer Verbindungsversuch in 2s...
11:56:36  🔌 Verbinde mit Drucker: ws://10.0.0.63:3030/websocket
11:56:37  ✅ Verbunden! MainboardID: 18421c180103147000001c0000000000
11:56:37  ✅ Reconnect erfolgreich; Status wurde neu eingelesen.
11:56:58  📡 Status geändert: Maschine Printing (1), Druck Bed Leveling (20)
11:57:23  📡 Status geändert: Maschine Printing (1), Druck Preparation (16)
11:57:27  ❌ Kamera-Fehler: Konnte kein Frame von der Kamera lesen!
11:57:28  🔄 Kamera-Stream wird neu verbunden.
11:57:28  📷 Kamera-Stream geschlossen.
11:57:28  📷 Öffne Kamera-Stream: http://10.0.0.63:3031/video
11:57:28  ✅ Kamera-Stream geöffnet.
11:57:28  ✅ Kamera-Reconnect erfolgreich (Versuch 1/3).
11:57:29  📡 Status geändert: Maschine Printing (1), Druck Bed Leveling (20)
11:57:32  📡 Status geändert: Maschine Printing (1), Druck Homing (1)
11:57:37  ⚠️  WebSocket-Verbindung unterbrochen (Close-Code=1006, Grund='', Fehler=no close frame received or sent); automatischer Reconnect #3.
11:57:37  🔄 Neuer Verbindungsversuch in 2s...
11:57:39  🔌 Verbinde mit Drucker: ws://10.0.0.63:3030/websocket
11:57:41  📡 Status geändert: Maschine Printing (1), Druck Bed Leveling (20)
11:57:41  ✅ Verbunden! MainboardID: 18421c180103147000001c0000000000
11:57:41  ✅ Reconnect erfolgreich; Status wurde neu eingelesen.
11:58:28  ❌ Kamera-Fehler: Konnte kein Frame von der Kamera lesen!
11:58:29  🔄 Kamera-Stream wird neu verbunden.
11:58:29  📷 Kamera-Stream geschlossen.
11:58:29  📷 Öffne Kamera-Stream: http://10.0.0.63:3031/video
11:58:29  ✅ Kamera-Stream geöffnet.
11:58:30  ✅ Kamera-Reconnect erfolgreich (Versuch 1/3).
11:58:40  ⚠️  WebSocket-Verbindung unterbrochen (Close-Code=1006, Grund='', Fehler=no close frame received or sent); automatischer Reconnect #4.
11:58:40  🔄 Neuer Verbindungsversuch in 2s...
11:58:42  🔌 Verbinde mit Drucker: ws://10.0.0.63:3030/websocket
11:59:30  ❌ Kamera-Fehler: Konnte kein Frame von der Kamera lesen!
11:59:31  🔄 Kamera-Stream wird neu verbunden.
11:59:31  📷 Kamera-Stream geschlossen.
11:59:31  📷 Öffne Kamera-Stream: http://10.0.0.63:3031/video
11:59:31  ✅ Kamera-Stream geöffnet.
11:59:31  ✅ Kamera-Reconnect erfolgreich (Versuch 1/3).
12:00:11  ❌ Kamera-Fehler: Konnte kein Frame von der Kamera lesen!
12:00:12  🔄 Kamera-Stream wird neu verbunden.
12:00:12  📷 Kamera-Stream geschlossen.
12:00:12  📷 Öffne Kamera-Stream: http://10.0.0.63:3031/video
12:00:12  ✅ Kamera-Stream geöffnet.
12:00:12  ✅ Kamera-Reconnect erfolgreich (Versuch 1/3).
12:00:52  ❌ Kamera-Fehler: Konnte kein Frame von der Kamera lesen!
12:00:53  🔄 Kamera-Stream wird neu verbunden.
12:00:53  📷 Kamera-Stream geschlossen.
12:00:53  📷 Öffne Kamera-Stream: http://10.0.0.63:3031/video
12:00:53  ✅ Kamera-Stream geöffnet.
12:00:54  ✅ Kamera-Reconnect erfolgreich (Versuch 1/3).
12:01:44  ❌ Kamera-Fehler: Konnte kein Frame von der Kamera lesen!
12:01:45  🔄 Kamera-Stream wird neu verbunden.
12:01:45  📷 Kamera-Stream geschlossen.
12:01:45  📷 Öffne Kamera-Stream: http://10.0.0.63:3031/video
12:01:45  ✅ Kamera-Stream geöffnet.
12:01:45  ✅ Kamera-Reconnect erfolgreich (Versuch 1/3).
12:02:25  ❌ Kamera-Fehler: Konnte kein Frame von der Kamera lesen!
12:02:26  🔄 Kamera-Stream wird neu verbunden.
12:02:26  📷 Kamera-Stream geschlossen.
12:02:26  📷 Öffne Kamera-Stream: http://10.0.0.63:3031/video
12:02:26  ✅ Kamera-Stream geöffnet.
12:02:26  ✅ Kamera-Reconnect erfolgreich (Versuch 1/3).
12:03:06  ❌ Kamera-Fehler: Konnte kein Frame von der Kamera lesen!
12:03:07  🔄 Kamera-Stream wird neu verbunden.
12:03:07  📷 Kamera-Stream geschlossen.
12:03:07  📷 Öffne Kamera-Stream: http://10.0.0.63:3031/video
12:03:07  ✅ Kamera-Stream geöffnet.
12:03:08  ✅ Kamera-Reconnect erfolgreich (Versuch 1/3).
12:03:48  ❌ Kamera-Fehler: Konnte kein Frame von der Kamera lesen!
12:03:49  🔄 Kamera-Stream wird neu verbunden.
12:03:49  📷 Kamera-Stream geschlossen.
12:03:49  📷 Öffne Kamera-Stream: http://10.0.0.63:3031/video
12:03:49  ✅ Kamera-Stream geöffnet.
12:03:49  ✅ Kamera-Reconnect erfolgreich (Versuch 1/3).
12:04:29  ❌ Kamera-Fehler: Konnte kein Frame von der Kamera lesen!
12:04:30  🔄 Kamera-Stream wird neu verbunden.
12:04:30  📷 Kamera-Stream geschlossen.
12:04:30  📷 Öffne Kamera-Stream: http://10.0.0.63:3031/video
12:04:30  ✅ Kamera-Stream geöffnet.
12:04:30  ✅ Kamera-Reconnect erfolgreich (Versuch 1/3).
12:05:30  ❌ Kamera-Fehler: Konnte kein Frame von der Kamera lesen!
12:05:31  🔄 Kamera-Stream wird neu verbunden.
12:05:31  📷 Kamera-Stream geschlossen.
12:05:31  📷 Öffne Kamera-Stream: http://10.0.0.63:3031/video
12:05:32  ✅ Kamera-Stream geöffnet.
12:05:32  ✅ Kamera-Reconnect erfolgreich (Versuch 1/3).
12:06:32  ❌ Kamera-Fehler: Konnte kein Frame von der Kamera lesen!
12:06:33  🔄 Kamera-Stream wird neu verbunden.
12:06:33  📷 Kamera-Stream geschlossen.
12:06:33  📷 Öffne Kamera-Stream: http://10.0.0.63:3031/video
12:06:33  ✅ Kamera-Stream geöffnet.
12:06:33  ✅ Kamera-Reconnect erfolgreich (Versuch 1/3).
12:07:33  ❌ Kamera-Fehler: Konnte kein Frame von der Kamera lesen!
12:07:34  🔄 Kamera-Stream wird neu verbunden.
12:07:34  📷 Kamera-Stream geschlossen.
12:07:34  📷 Öffne Kamera-Stream: http://10.0.0.63:3031/video
12:07:34  ✅ Kamera-Stream geöffnet.
12:07:34  ✅ Kamera-Reconnect erfolgreich (Versuch 1/3).
12:08:24  ❌ Kamera-Fehler: Konnte kein Frame von der Kamera lesen!
12:08:25  🔄 Kamera-Stream wird neu verbunden.
12:08:25  📷 Kamera-Stream geschlossen.
12:08:25  📷 Öffne Kamera-Stream: http://10.0.0.63:3031/video
12:08:26  ✅ Kamera-Stream geöffnet.
12:08:26  ✅ Kamera-Reconnect erfolgreich (Versuch 1/3).
12:09:16  ❌ Kamera-Fehler: Konnte kein Frame von der Kamera lesen!
12:09:17  🔄 Kamera-Stream wird neu verbunden.
12:09:17  📷 Kamera-Stream geschlossen.
12:09:17  📷 Öffne Kamera-Stream: http://10.0.0.63:3031/video
12:09:17  ✅ Kamera-Stream geöffnet.
12:09:17  ✅ Kamera-Reconnect erfolgreich (Versuch 1/3).
12:09:57  ❌ Kamera-Fehler: Konnte kein Frame von der Kamera lesen!
12:09:58  🔄 Kamera-Stream wird neu verbunden.
12:09:58  📷 Kamera-Stream geschlossen.
12:09:58  📷 Öffne Kamera-Stream: http://10.0.0.63:3031/video
12:09:58  ✅ Kamera-Stream geöffnet.
12:09:58  ✅ Kamera-Reconnect erfolgreich (Versuch 1/3).
12:10:49  ❌ Kamera-Fehler: Konnte kein Frame von der Kamera lesen!
12:10:50  🔄 Kamera-Stream wird neu verbunden.
12:10:50  📷 Kamera-Stream geschlossen.
12:10:50  📷 Öffne Kamera-Stream: http://10.0.0.63:3031/video
12:10:50  ✅ Kamera-Stream geöffnet.
12:10:50  ✅ Kamera-Reconnect erfolgreich (Versuch 1/3).
12:11:50  ❌ Kamera-Fehler: Konnte kein Frame von der Kamera lesen!
12:11:51  🔄 Kamera-Stream wird neu verbunden.
12:11:51  📷 Kamera-Stream geschlossen.
12:11:51  📷 Öffne Kamera-Stream: http://10.0.0.63:3031/video
12:11:51  ✅ Kamera-Stream geöffnet.
12:11:51  ✅ Kamera-Reconnect erfolgreich (Versuch 1/3).
12:11:54  🔄 Monitorzustand: MONITORING -> STOPPING
12:11:54  Laufzusammenfassung: Dauer=0:17:26.202323, Checks=101, OK=0, Fehler=0, UNKNOWN=0, Kamera=20, Reconnects=3, Verbindungsabbrüche=4, Pauseversuche=0, Endzustand=STOPPING
12:11:56  HTTP Request: POST http://localhost:11434/api/generate "HTTP/1.1 200 OK"
12:11:56  🧠 Ollama-Modell aus VRAM entladen: qwen2.5vl:7b
12:11:56  📷 Kamera-Stream geschlossen.
12:11:56  unhandled exception during asyncio.run() shutdown
task: <Task finished name='Task-1' coro=<main() done, defined at C:\coding\centauri\printguard\monitor.py:50> exception=TimeoutError()>
Traceback (most recent call last):
  File "C:\Users\ajsch\AppData\Local\Programs\Python\Python310\lib\site-packages\websockets\asyncio\connection.py", line 305, in recv
    return await self.recv_messages.get(decode)
  File "C:\Users\ajsch\AppData\Local\Programs\Python\Python310\lib\site-packages\websockets\asyncio\messages.py", line 158, in get
    frame = await self.frames.get(not self.closed)
  File "C:\Users\ajsch\AppData\Local\Programs\Python\Python310\lib\site-packages\websockets\asyncio\messages.py", line 51, in get
    await self.get_waiter
asyncio.exceptions.CancelledError

During handling of the above exception, another exception occurred:

Traceback (most recent call last):
  File "C:\Users\ajsch\AppData\Local\Programs\Python\Python310\lib\asyncio\tasks.py", line 456, in wait_for
    return fut.result()
asyncio.exceptions.CancelledError

The above exception was the direct cause of the following exception:

Traceback (most recent call last):
  File "C:\coding\centauri\printguard\monitor.py", line 239, in main
    await listener
  File "C:\coding\centauri\printguard\printer.py", line 180, in listen_status
    def _handle_notice(self, data):
  File "C:\coding\centauri\printguard\printer.py", line 63, in connect
    data = self._parse_message(await asyncio.wait_for(self.ws.recv(), timeout=5))
  File "C:\Users\ajsch\AppData\Local\Programs\Python\Python310\lib\asyncio\tasks.py", line 458, in wait_for
    raise exceptions.TimeoutError() from exc
asyncio.exceptions.TimeoutError
12:12:09  ============================================================
12:12:09  🛡️  PrintGuard - 3D-Druck-Fehlererkennung
12:12:09  ============================================================
12:12:09  ⚙️  Modus: LIVE
12:12:09  🧠 Lade Ollama-Modell für Startprüfung: qwen2.5vl:7b
12:12:21  HTTP Request: POST http://localhost:11434/api/generate "HTTP/1.1 200 OK"
12:12:21  ✅ Ollama-Modell geladen und bereit: qwen2.5vl:7b
12:12:21  🔌 Verbinde mit Drucker: ws://10.0.0.63:3030/websocket
12:12:22  📡 Status geändert: Maschine Printing (1), Druck Unknown (13)
12:12:22  ✅ Verbunden! MainboardID: 18421c180103147000001c0000000000
12:12:22  📤 Fordere Status nach Verbindung aktiv an (Cmd 0).
12:12:22  📨 Antwort für RequestID 232b6410-bdf0-4434-8d6f-a28c8706245b: Cmd=0, Ack=0
12:12:22  ✅ Status nach Verbindung aktualisiert: Maschine=Printing (1), Druck=Unknown (13)
12:12:22  🔄 Monitorzustand: STARTING -> MONITORING
12:12:22  📷 Öffne Kamera-Stream: http://10.0.0.63:3031/video
12:12:23  ✅ Kamera-Stream geöffnet.
12:12:40  HTTP Request: POST http://localhost:11434/api/chat "HTTP/1.1 200 OK"
12:12:40     ✅ OK
12:12:53  HTTP Request: POST http://localhost:11434/api/chat "HTTP/1.1 200 OK"
12:12:53     ✅ OK
12:13:08  HTTP Request: POST http://localhost:11434/api/chat "HTTP/1.1 200 OK"
12:13:08     ✅ OK
12:13:18  ❌ Kamera-Fehler: Konnte kein Frame von der Kamera lesen!
12:13:19  🔄 Kamera-Stream wird neu verbunden.
12:13:19  📷 Kamera-Stream geschlossen.
12:13:19  📷 Öffne Kamera-Stream: http://10.0.0.63:3031/video
12:13:19  ✅ Kamera-Stream geöffnet.
12:13:19  ✅ Kamera-Reconnect erfolgreich (Versuch 1/3).
12:13:22  HTTP Request: POST http://localhost:11434/api/chat "HTTP/1.1 200 OK"
12:13:22     ✅ OK
12:13:23  ⚠️  WebSocket-Verbindung unterbrochen (Close-Code=1006, Grund='', Fehler=no close frame received or sent); automatischer Reconnect #1.
12:13:23  🔄 Neuer Verbindungsversuch in 2s...
12:13:25  🔌 Verbinde mit Drucker: ws://10.0.0.63:3030/websocket
12:13:27  ✅ Verbunden! MainboardID: 18421c180103147000001c0000000000
12:13:27  📤 Fordere Status nach Verbindung aktiv an (Cmd 0).
12:13:27  📨 Antwort für RequestID 32955d86-5bf8-4765-836c-ada9e5ce233f: Cmd=0, Ack=0
12:13:27  ✅ Status nach Verbindung aktualisiert: Maschine=Printing (1), Druck=Unknown (13)
12:13:27  ✅ Reconnect erfolgreich; Status wurde neu eingelesen.
12:13:39  HTTP Request: POST http://localhost:11434/api/chat "HTTP/1.1 200 OK"
12:13:39     ✅ OK
12:13:56  HTTP Request: POST http://localhost:11434/api/chat "HTTP/1.1 200 OK"
12:13:56     ✅ OK
12:14:13  HTTP Request: POST http://localhost:11434/api/chat "HTTP/1.1 200 OK"
12:14:13     ✅ OK
12:14:28  ⚠️  WebSocket-Verbindung unterbrochen (Close-Code=1006, Grund='', Fehler=no close frame received or sent); automatischer Reconnect #2.
12:14:28  🔄 Neuer Verbindungsversuch in 2s...
12:14:30  🔌 Verbinde mit Drucker: ws://10.0.0.63:3030/websocket
12:14:30  HTTP Request: POST http://localhost:11434/api/chat "HTTP/1.1 200 OK"
12:14:30     ✅ OK
12:14:31  ✅ Verbunden! MainboardID: 18421c180103147000001c0000000000
12:14:31  📤 Fordere Status nach Verbindung aktiv an (Cmd 0).
12:14:31  📨 Antwort für RequestID 71f2f482-9d4b-4e17-91f5-6b6a207ab6a1: Cmd=0, Ack=0
12:14:31  ✅ Status nach Verbindung aktualisiert: Maschine=Printing (1), Druck=Unknown (13)
12:14:31  ✅ Reconnect erfolgreich; Status wurde neu eingelesen.
12:14:40  ❌ Kamera-Fehler: Konnte kein Frame von der Kamera lesen!
12:14:41  🔄 Kamera-Stream wird neu verbunden.
12:14:41  📷 Kamera-Stream geschlossen.
12:14:41  📷 Öffne Kamera-Stream: http://10.0.0.63:3031/video
12:14:41  ✅ Kamera-Stream geöffnet.
12:14:41  ✅ Kamera-Reconnect erfolgreich (Versuch 1/3).
12:14:48  HTTP Request: POST http://localhost:11434/api/chat "HTTP/1.1 200 OK"
12:14:48     ✅ OK
12:15:05  HTTP Request: POST http://localhost:11434/api/chat "HTTP/1.1 200 OK"
12:15:05     ✅ OK
12:15:22  HTTP Request: POST http://localhost:11434/api/chat "HTTP/1.1 200 OK"
12:15:22     ✅ OK
12:15:32  ⚠️  WebSocket-Verbindung unterbrochen (Close-Code=1006, Grund='', Fehler=no close frame received or sent); automatischer Reconnect #3.
12:15:32  🔄 Neuer Verbindungsversuch in 2s...
12:15:34  🔌 Verbinde mit Drucker: ws://10.0.0.63:3030/websocket
12:15:35  ✅ Verbunden! MainboardID: 18421c180103147000001c0000000000
12:15:35  📤 Fordere Status nach Verbindung aktiv an (Cmd 0).
12:15:35  📨 Antwort für RequestID d1f6c576-a0cc-497b-bbef-cb0dcc84a3da: Cmd=0, Ack=0
12:15:35  ✅ Status nach Verbindung aktualisiert: Maschine=Printing (1), Druck=Unknown (13)
12:15:35  ✅ Reconnect erfolgreich; Status wurde neu eingelesen.
12:15:38  HTTP Request: POST http://localhost:11434/api/chat "HTTP/1.1 200 OK"
12:15:38     ✅ OK
12:15:48  ❌ Kamera-Fehler: Konnte kein Frame von der Kamera lesen!
12:15:49  🔄 Kamera-Stream wird neu verbunden.
12:15:49  📷 Kamera-Stream geschlossen.
12:15:49  📷 Öffne Kamera-Stream: http://10.0.0.63:3031/video
12:15:49  ✅ Kamera-Stream geöffnet.
12:15:50  ✅ Kamera-Reconnect erfolgreich (Versuch 1/3).
12:15:57  HTTP Request: POST http://localhost:11434/api/chat "HTTP/1.1 200 OK"
12:15:57     ✅ OK
12:16:13  HTTP Request: POST http://localhost:11434/api/chat "HTTP/1.1 200 OK"
12:16:13     ✅ OK
12:16:30  HTTP Request: POST http://localhost:11434/api/chat "HTTP/1.1 200 OK"
12:16:30     ✅ OK
12:16:36  ⚠️  WebSocket-Verbindung unterbrochen (Close-Code=1006, Grund='', Fehler=no close frame received or sent); automatischer Reconnect #4.
12:16:36  🔄 Neuer Verbindungsversuch in 2s...
12:16:38  🔌 Verbinde mit Drucker: ws://10.0.0.63:3030/websocket
12:16:39  ✅ Verbunden! MainboardID: 18421c180103147000001c0000000000
12:16:39  📤 Fordere Status nach Verbindung aktiv an (Cmd 0).
12:16:39  📨 Antwort für RequestID 92b8a318-420a-4b54-915b-a69beb8fbdfd: Cmd=0, Ack=0
12:16:39  ✅ Status nach Verbindung aktualisiert: Maschine=Printing (1), Druck=Unknown (13)
12:16:39  ✅ Reconnect erfolgreich; Status wurde neu eingelesen.
12:16:47  HTTP Request: POST http://localhost:11434/api/chat "HTTP/1.1 200 OK"
12:16:47     ✅ OK
12:16:57  ❌ Kamera-Fehler: Konnte kein Frame von der Kamera lesen!
12:16:58  🔄 Kamera-Stream wird neu verbunden.
12:16:58  📷 Kamera-Stream geschlossen.
12:16:58  📷 Öffne Kamera-Stream: http://10.0.0.63:3031/video
12:16:58  ✅ Kamera-Stream geöffnet.
12:16:59  ✅ Kamera-Reconnect erfolgreich (Versuch 1/3).
12:17:06  HTTP Request: POST http://localhost:11434/api/chat "HTTP/1.1 200 OK"
12:17:06     ✅ OK
12:17:23  HTTP Request: POST http://localhost:11434/api/chat "HTTP/1.1 200 OK"
12:17:23     ✅ OK
12:17:40  HTTP Request: POST http://localhost:11434/api/chat "HTTP/1.1 200 OK"
12:17:40     ✅ OK
12:17:40  ⚠️  WebSocket-Verbindung unterbrochen (Close-Code=1006, Grund='', Fehler=no close frame received or sent); automatischer Reconnect #5.
12:17:40  🔄 Neuer Verbindungsversuch in 2s...
12:17:42  🔌 Verbinde mit Drucker: ws://10.0.0.63:3030/websocket
12:17:43  ✅ Verbunden! MainboardID: 18421c180103147000001c0000000000
12:17:43  📤 Fordere Status nach Verbindung aktiv an (Cmd 0).
12:17:43  📨 Antwort für RequestID 189ce7f2-32c5-4584-be57-6875ad071ac9: Cmd=0, Ack=0
12:17:43  ✅ Status nach Verbindung aktualisiert: Maschine=Printing (1), Druck=Unknown (13)
12:17:43  ✅ Reconnect erfolgreich; Status wurde neu eingelesen.
12:17:57  HTTP Request: POST http://localhost:11434/api/chat "HTTP/1.1 200 OK"
12:17:57     ✅ OK
12:18:14  HTTP Request: POST http://localhost:11434/api/chat "HTTP/1.1 200 OK"
12:18:14     ✅ OK
12:18:24  ❌ Kamera-Fehler: Konnte kein Frame von der Kamera lesen!
12:18:25  🔄 Kamera-Stream wird neu verbunden.
12:18:25  📷 Kamera-Stream geschlossen.
12:18:25  📷 Öffne Kamera-Stream: http://10.0.0.63:3031/video
12:18:25  ✅ Kamera-Stream geöffnet.
12:18:25  ✅ Kamera-Reconnect erfolgreich (Versuch 1/3).
12:18:33  HTTP Request: POST http://localhost:11434/api/chat "HTTP/1.1 200 OK"
12:18:33     ⚠️  Alarmprüfung: FEHLER: STARK_VERFORMT (1 Fehler, 1/3 Bilder)
12:18:33  📸 10 Bilder für Gegencheck gespeichert: review_frames\20260808_121833_no-task
12:18:44  ⚠️  WebSocket-Verbindung unterbrochen (Close-Code=1006, Grund='', Fehler=no close frame received or sent); automatischer Reconnect #6.
12:18:44  🔄 Neuer Verbindungsversuch in 2s...
12:18:46  🔌 Verbinde mit Drucker: ws://10.0.0.63:3030/websocket
12:18:47  ✅ Verbunden! MainboardID: 18421c180103147000001c0000000000
12:18:47  📤 Fordere Status nach Verbindung aktiv an (Cmd 0).
12:18:47  📨 Antwort für RequestID c733c865-3a41-41b7-904b-1c3e742b70d5: Cmd=0, Ack=0
12:18:47  ✅ Status nach Verbindung aktualisiert: Maschine=Printing (1), Druck=Unknown (13)
12:18:47  ✅ Reconnect erfolgreich; Status wurde neu eingelesen.
12:18:50  HTTP Request: POST http://localhost:11434/api/chat "HTTP/1.1 200 OK"
12:18:50     ⚠️  Alarmprüfung: OK (1 Fehler, 2/3 Bilder)
12:19:07  HTTP Request: POST http://localhost:11434/api/chat "HTTP/1.1 200 OK"
12:19:07     ⚠️  Alarmprüfung: OK (1 Fehler, 3/3 Bilder)
12:19:24  HTTP Request: POST http://localhost:11434/api/chat "HTTP/1.1 200 OK"
12:19:24     ✅ Alarm verworfen: 1/4 Bestätigungsfehler.
12:19:41  HTTP Request: POST http://localhost:11434/api/chat "HTTP/1.1 200 OK"
12:19:41     ✅ OK
12:19:48  ⚠️  WebSocket-Verbindung unterbrochen (Close-Code=1006, Grund='', Fehler=no close frame received or sent); automatischer Reconnect #7.
12:19:48  🔄 Neuer Verbindungsversuch in 2s...
12:19:50  🔌 Verbinde mit Drucker: ws://10.0.0.63:3030/websocket
12:19:51  ❌ Kamera-Fehler: Konnte kein Frame von der Kamera lesen!
12:19:51  ✅ Verbunden! MainboardID: 18421c180103147000001c0000000000
12:19:51  📤 Fordere Status nach Verbindung aktiv an (Cmd 0).
12:19:51  📨 Antwort für RequestID 3a0b46a6-85ce-4f52-adda-4ccecbaf12d4: Cmd=0, Ack=0
12:19:52  ✅ Status nach Verbindung aktualisiert: Maschine=Printing (1), Druck=Unknown (13)
12:19:52  ✅ Reconnect erfolgreich; Status wurde neu eingelesen.
12:19:52  🔄 Kamera-Stream wird neu verbunden.
12:19:52  📷 Kamera-Stream geschlossen.
12:19:52  📷 Öffne Kamera-Stream: http://10.0.0.63:3031/video
12:19:52  ✅ Kamera-Stream geöffnet.
12:19:53  ✅ Kamera-Reconnect erfolgreich (Versuch 1/3).
12:20:00  HTTP Request: POST http://localhost:11434/api/chat "HTTP/1.1 200 OK"
12:20:00     ✅ OK
12:20:17  HTTP Request: POST http://localhost:11434/api/chat "HTTP/1.1 200 OK"
12:20:17     ✅ OK
12:20:34  HTTP Request: POST http://localhost:11434/api/chat "HTTP/1.1 200 OK"
12:20:34     ✅ OK
12:20:51  HTTP Request: POST http://localhost:11434/api/chat "HTTP/1.1 200 OK"
12:20:51     ✅ OK
12:20:52  ⚠️  WebSocket-Verbindung unterbrochen (Close-Code=1006, Grund='', Fehler=no close frame received or sent); automatischer Reconnect #8.
12:20:52  🔄 Neuer Verbindungsversuch in 2s...
12:20:54  🔌 Verbinde mit Drucker: ws://10.0.0.63:3030/websocket
12:20:55  ✅ Verbunden! MainboardID: 18421c180103147000001c0000000000
12:20:55  📤 Fordere Status nach Verbindung aktiv an (Cmd 0).
12:20:55  📨 Antwort für RequestID 29795969-2594-41ad-85fe-4d8e4aa6603a: Cmd=0, Ack=0
12:20:55  ✅ Status nach Verbindung aktualisiert: Maschine=Printing (1), Druck=Unknown (13)
12:20:55  ✅ Reconnect erfolgreich; Status wurde neu eingelesen.
12:21:08  HTTP Request: POST http://localhost:11434/api/chat "HTTP/1.1 200 OK"
12:21:08     ✅ OK
12:21:18  ❌ Kamera-Fehler: Konnte kein Frame von der Kamera lesen!
12:21:19  🔄 Kamera-Stream wird neu verbunden.
12:21:19  📷 Kamera-Stream geschlossen.
12:21:19  📷 Öffne Kamera-Stream: http://10.0.0.63:3031/video
12:21:19  ✅ Kamera-Stream geöffnet.
12:21:20  ✅ Kamera-Reconnect erfolgreich (Versuch 1/3).
12:21:27  HTTP Request: POST http://localhost:11434/api/chat "HTTP/1.1 200 OK"
12:21:27     ✅ OK
12:21:44  HTTP Request: POST http://localhost:11434/api/chat "HTTP/1.1 200 OK"
12:21:44     ✅ OK
12:21:56  ⚠️  WebSocket-Verbindung unterbrochen (Close-Code=1006, Grund='', Fehler=no close frame received or sent); automatischer Reconnect #9.
12:21:56  🔄 Neuer Verbindungsversuch in 2s...
12:21:58  🔌 Verbinde mit Drucker: ws://10.0.0.63:3030/websocket
12:22:00  ✅ Verbunden! MainboardID: 18421c180103147000001c0000000000
12:22:00  📤 Fordere Status nach Verbindung aktiv an (Cmd 0).
12:22:00  📨 Antwort für RequestID 4165f4d0-80b9-49d8-a4b6-9b25b606a846: Cmd=0, Ack=0
12:22:00  ✅ Status nach Verbindung aktualisiert: Maschine=Printing (1), Druck=Unknown (13)
12:22:00  ✅ Reconnect erfolgreich; Status wurde neu eingelesen.
12:22:01  HTTP Request: POST http://localhost:11434/api/chat "HTTP/1.1 200 OK"
12:22:01     ✅ OK
12:22:18  HTTP Request: POST http://localhost:11434/api/chat "HTTP/1.1 200 OK"
12:22:18     ✅ OK
12:22:28  ❌ Kamera-Fehler: Konnte kein Frame von der Kamera lesen!
12:22:29  🔄 Kamera-Stream wird neu verbunden.
12:22:29  📷 Kamera-Stream geschlossen.
12:22:29  📷 Öffne Kamera-Stream: http://10.0.0.63:3031/video
12:22:29  ✅ Kamera-Stream geöffnet.
12:22:29  ✅ Kamera-Reconnect erfolgreich (Versuch 1/3).
12:22:36  HTTP Request: POST http://localhost:11434/api/chat "HTTP/1.1 200 OK"
12:22:36     ✅ OK
12:22:53  HTTP Request: POST http://localhost:11434/api/chat "HTTP/1.1 200 OK"
12:22:53     ✅ OK
12:23:01  ⚠️  WebSocket-Verbindung unterbrochen (Close-Code=1006, Grund='', Fehler=no close frame received or sent); automatischer Reconnect #10.
12:23:01  🔄 Neuer Verbindungsversuch in 2s...
12:23:03  🔌 Verbinde mit Drucker: ws://10.0.0.63:3030/websocket
12:23:04  ✅ Verbunden! MainboardID: 18421c180103147000001c0000000000
12:23:04  📤 Fordere Status nach Verbindung aktiv an (Cmd 0).
12:23:04  📨 Antwort für RequestID d4620b72-6b14-4fff-8cdc-f94adb1e8533: Cmd=0, Ack=0
12:23:04  ✅ Status nach Verbindung aktualisiert: Maschine=Printing (1), Druck=Unknown (13)
12:23:04  ✅ Reconnect erfolgreich; Status wurde neu eingelesen.
12:23:10  HTTP Request: POST http://localhost:11434/api/chat "HTTP/1.1 200 OK"
12:23:10     ✅ OK
12:23:27  HTTP Request: POST http://localhost:11434/api/chat "HTTP/1.1 200 OK"
12:23:27     ✅ OK
12:23:44  HTTP Request: POST http://localhost:11434/api/chat "HTTP/1.1 200 OK"
12:23:44     ✅ OK
12:23:55  ❌ Kamera-Fehler: Konnte kein Frame von der Kamera lesen!
12:23:56  🔄 Kamera-Stream wird neu verbunden.
12:23:56  📷 Kamera-Stream geschlossen.
12:23:56  📷 Öffne Kamera-Stream: http://10.0.0.63:3031/video
12:23:56  ✅ Kamera-Stream geöffnet.
12:23:56  ✅ Kamera-Reconnect erfolgreich (Versuch 1/3).
12:24:03  HTTP Request: POST http://localhost:11434/api/chat "HTTP/1.1 200 OK"
12:24:03     ⚠️  Alarmprüfung: FEHLER: STARK_VERFORMT (1 Fehler, 1/3 Bilder)
12:24:04  📸 10 Bilder für Gegencheck gespeichert: review_frames\20260808_122403_no-task
12:24:05  ⚠️  WebSocket-Verbindung unterbrochen (Close-Code=1006, Grund='', Fehler=no close frame received or sent); automatischer Reconnect #11.
12:24:05  🔄 Neuer Verbindungsversuch in 2s...
12:24:07  🔌 Verbinde mit Drucker: ws://10.0.0.63:3030/websocket
12:24:08  ✅ Verbunden! MainboardID: 18421c180103147000001c0000000000
12:24:08  📤 Fordere Status nach Verbindung aktiv an (Cmd 0).
12:24:08  📨 Antwort für RequestID 8132f2d4-2fcd-43d7-923b-5026482d66e9: Cmd=0, Ack=0
12:24:08  ✅ Status nach Verbindung aktualisiert: Maschine=Printing (1), Druck=Unknown (13)
12:24:08  ✅ Reconnect erfolgreich; Status wurde neu eingelesen.
12:24:21  HTTP Request: POST http://localhost:11434/api/chat "HTTP/1.1 200 OK"
12:24:21     ⚠️  Alarmprüfung: OK (1 Fehler, 2/3 Bilder)
12:24:38  HTTP Request: POST http://localhost:11434/api/chat "HTTP/1.1 200 OK"
12:24:38     ⚠️  Alarmprüfung: OK (1 Fehler, 3/3 Bilder)
12:25:04  HTTP Request: POST http://localhost:11434/api/chat "HTTP/1.1 200 OK"
12:25:04     ✅ Alarm verworfen: 1/4 Bestätigungsfehler.
12:25:09  ⚠️  WebSocket-Verbindung unterbrochen (Close-Code=1006, Grund='', Fehler=no close frame received or sent); automatischer Reconnect #12.
12:25:09  🔄 Neuer Verbindungsversuch in 2s...
12:25:11  🔌 Verbinde mit Drucker: ws://10.0.0.63:3030/websocket
12:25:12  ✅ Verbunden! MainboardID: 18421c180103147000001c0000000000
12:25:12  📤 Fordere Status nach Verbindung aktiv an (Cmd 0).
12:25:12  📨 Antwort für RequestID f7284349-dd7d-4c6c-8f00-4a563edb73a3: Cmd=0, Ack=0
12:25:12  ✅ Status nach Verbindung aktualisiert: Maschine=Printing (1), Druck=Unknown (13)
12:25:12  ✅ Reconnect erfolgreich; Status wurde neu eingelesen.
12:25:14  ❌ Kamera-Fehler: Konnte kein Frame von der Kamera lesen!
12:25:15  🔄 Kamera-Stream wird neu verbunden.
12:25:15  📷 Kamera-Stream geschlossen.
12:25:15  📷 Öffne Kamera-Stream: http://10.0.0.63:3031/video
12:25:16  ✅ Kamera-Stream geöffnet.
12:25:16  ✅ Kamera-Reconnect erfolgreich (Versuch 1/3).
12:25:25  HTTP Request: POST http://localhost:11434/api/chat "HTTP/1.1 200 OK"
12:25:25     ✅ OK
12:25:45  HTTP Request: POST http://localhost:11434/api/chat "HTTP/1.1 200 OK"
12:25:45     ✅ OK
12:26:09  HTTP Request: POST http://localhost:11434/api/chat "HTTP/1.1 200 OK"
12:26:09     ✅ OK
12:26:13  ⚠️  WebSocket-Verbindung unterbrochen (Close-Code=1006, Grund='', Fehler=no close frame received or sent); automatischer Reconnect #13.
12:26:13  🔄 Neuer Verbindungsversuch in 2s...
12:26:15  🔌 Verbinde mit Drucker: ws://10.0.0.63:3030/websocket
12:26:16  ✅ Verbunden! MainboardID: 18421c180103147000001c0000000000
12:26:16  📤 Fordere Status nach Verbindung aktiv an (Cmd 0).
12:26:16  📨 Antwort für RequestID 28750707-5922-45eb-949c-265a08a5f86b: Cmd=0, Ack=0
12:26:16  ✅ Status nach Verbindung aktualisiert: Maschine=Printing (1), Druck=Unknown (13)
12:26:16  ✅ Reconnect erfolgreich; Status wurde neu eingelesen.
12:26:33  HTTP Request: POST http://localhost:11434/api/chat "HTTP/1.1 200 OK"
12:26:33     ✅ OK
12:26:49  HTTP Request: POST http://localhost:11434/api/chat "HTTP/1.1 200 OK"
12:26:49     ✅ OK
12:27:08  HTTP Request: POST http://localhost:11434/api/chat "HTTP/1.1 200 OK"
12:27:08     ✅ OK
12:27:17  ⚠️  WebSocket-Verbindung unterbrochen (Close-Code=1006, Grund='', Fehler=no close frame received or sent); automatischer Reconnect #14.
12:27:17  🔄 Neuer Verbindungsversuch in 2s...
12:27:18  ❌ Kamera-Fehler: Konnte kein Frame von der Kamera lesen!
12:27:19  🔄 Kamera-Stream wird neu verbunden.
12:27:19  📷 Kamera-Stream geschlossen.
12:27:19  📷 Öffne Kamera-Stream: http://10.0.0.63:3031/video
12:27:19  ✅ Kamera-Stream geöffnet.
12:27:19  ✅ Kamera-Reconnect erfolgreich (Versuch 1/3).
12:27:19  🔌 Verbinde mit Drucker: ws://10.0.0.63:3030/websocket
12:27:19  ✅ Verbunden! MainboardID: 18421c180103147000001c0000000000
12:27:19  📤 Fordere Status nach Verbindung aktiv an (Cmd 0).
12:27:19  📨 Antwort für RequestID fb884f52-9c7c-4d39-a27f-29c636d9669a: Cmd=0, Ack=0
12:27:19  ✅ Status nach Verbindung aktualisiert: Maschine=Printing (1), Druck=Unknown (13)
12:27:19  ✅ Reconnect erfolgreich; Status wurde neu eingelesen.
12:27:33  HTTP Request: POST http://localhost:11434/api/chat "HTTP/1.1 200 OK"
12:27:33     ✅ OK
12:27:57  HTTP Request: POST http://localhost:11434/api/chat "HTTP/1.1 200 OK"
12:27:57     ✅ OK
12:28:14  HTTP Request: POST http://localhost:11434/api/chat "HTTP/1.1 200 OK"
12:28:14     ✅ OK
12:28:20  ⚠️  WebSocket-Verbindung unterbrochen (Close-Code=1006, Grund='', Fehler=no close frame received or sent); automatischer Reconnect #15.
12:28:20  🔄 Neuer Verbindungsversuch in 2s...
12:28:22  🔌 Verbinde mit Drucker: ws://10.0.0.63:3030/websocket
12:28:25  ✅ Verbunden! MainboardID: 18421c180103147000001c0000000000
12:28:25  📤 Fordere Status nach Verbindung aktiv an (Cmd 0).
12:28:25  📨 Antwort für RequestID d73eff28-b367-48b0-89b6-1b13f7006a78: Cmd=0, Ack=0
12:28:25  ✅ Status nach Verbindung aktualisiert: Maschine=Printing (1), Druck=Unknown (13)
12:28:25  ✅ Reconnect erfolgreich; Status wurde neu eingelesen.
12:28:31  HTTP Request: POST http://localhost:11434/api/chat "HTTP/1.1 200 OK"
12:28:31     ✅ OK
12:28:48  HTTP Request: POST http://localhost:11434/api/chat "HTTP/1.1 200 OK"
12:28:48     ✅ OK
12:28:58  ❌ Kamera-Fehler: Konnte kein Frame von der Kamera lesen!
12:28:59  🔄 Kamera-Stream wird neu verbunden.
12:28:59  📷 Kamera-Stream geschlossen.
12:28:59  📷 Öffne Kamera-Stream: http://10.0.0.63:3031/video
12:29:00  ✅ Kamera-Stream geöffnet.
12:29:00  ✅ Kamera-Reconnect erfolgreich (Versuch 1/3).
12:29:07  HTTP Request: POST http://localhost:11434/api/chat "HTTP/1.1 200 OK"
12:29:07     ✅ OK
12:29:24  HTTP Request: POST http://localhost:11434/api/chat "HTTP/1.1 200 OK"
12:29:24     ✅ OK
12:29:26  ⚠️  WebSocket-Verbindung unterbrochen (Close-Code=1006, Grund='', Fehler=no close frame received or sent); automatischer Reconnect #16.
12:29:26  🔄 Neuer Verbindungsversuch in 2s...
12:29:28  🔌 Verbinde mit Drucker: ws://10.0.0.63:3030/websocket
12:29:29  ✅ Verbunden! MainboardID: 18421c180103147000001c0000000000
12:29:29  📤 Fordere Status nach Verbindung aktiv an (Cmd 0).
12:29:29  📨 Antwort für RequestID 0c3f85ba-2d2b-4e8a-86bc-cc2edb40e6d9: Cmd=0, Ack=0
12:29:29  ✅ Status nach Verbindung aktualisiert: Maschine=Printing (1), Druck=Unknown (13)
12:29:29  ✅ Reconnect erfolgreich; Status wurde neu eingelesen.
12:29:41  HTTP Request: POST http://localhost:11434/api/chat "HTTP/1.1 200 OK"
12:29:41     ✅ OK
12:29:58  HTTP Request: POST http://localhost:11434/api/chat "HTTP/1.1 200 OK"
12:29:58     ✅ OK
12:30:15  HTTP Request: POST http://localhost:11434/api/chat "HTTP/1.1 200 OK"
12:30:15     ✅ OK
12:30:25  ❌ Kamera-Fehler: Konnte kein Frame von der Kamera lesen!
12:30:26  🔄 Kamera-Stream wird neu verbunden.
12:30:26  📷 Kamera-Stream geschlossen.
12:30:26  📷 Öffne Kamera-Stream: http://10.0.0.63:3031/video
12:30:27  ✅ Kamera-Stream geöffnet.
12:30:27  ✅ Kamera-Reconnect erfolgreich (Versuch 1/3).
12:30:30  ⚠️  WebSocket-Verbindung unterbrochen (Close-Code=1006, Grund='', Fehler=no close frame received or sent); automatischer Reconnect #17.
12:30:30  🔄 Neuer Verbindungsversuch in 2s...
12:30:32  🔌 Verbinde mit Drucker: ws://10.0.0.63:3030/websocket
12:30:33  ✅ Verbunden! MainboardID: 18421c180103147000001c0000000000
12:30:33  📤 Fordere Status nach Verbindung aktiv an (Cmd 0).
12:30:33  📨 Antwort für RequestID 70864a46-3588-465a-96da-174ee1da40e4: Cmd=0, Ack=0
12:30:33  ✅ Status nach Verbindung aktualisiert: Maschine=Printing (1), Druck=Unknown (13)
12:30:33  ✅ Reconnect erfolgreich; Status wurde neu eingelesen.
12:30:34  HTTP Request: POST http://localhost:11434/api/chat "HTTP/1.1 200 OK"
12:30:34     ✅ OK
12:30:51  HTTP Request: POST http://localhost:11434/api/chat "HTTP/1.1 200 OK"
12:30:51     ✅ OK
12:31:08  HTTP Request: POST http://localhost:11434/api/chat "HTTP/1.1 200 OK"
12:31:08     ✅ OK
12:31:25  HTTP Request: POST http://localhost:11434/api/chat "HTTP/1.1 200 OK"
12:31:25     ✅ OK
12:31:34  ⚠️  WebSocket-Verbindung unterbrochen (Close-Code=1006, Grund='', Fehler=no close frame received or sent); automatischer Reconnect #18.
12:31:34  🔄 Neuer Verbindungsversuch in 2s...
12:31:36  🔌 Verbinde mit Drucker: ws://10.0.0.63:3030/websocket
12:31:37  ✅ Verbunden! MainboardID: 18421c180103147000001c0000000000
12:31:37  📤 Fordere Status nach Verbindung aktiv an (Cmd 0).
12:31:37  📨 Antwort für RequestID 80f76f45-b783-4d23-b006-3320830d6d6e: Cmd=0, Ack=0
12:31:37  ✅ Status nach Verbindung aktualisiert: Maschine=Printing (1), Druck=Unknown (13)
12:31:37  ✅ Reconnect erfolgreich; Status wurde neu eingelesen.
12:31:42  HTTP Request: POST http://localhost:11434/api/chat "HTTP/1.1 200 OK"
12:31:42     ✅ OK
12:31:52  ❌ Kamera-Fehler: Konnte kein Frame von der Kamera lesen!
12:31:53  🔄 Kamera-Stream wird neu verbunden.
12:31:53  📷 Kamera-Stream geschlossen.
12:31:53  📷 Öffne Kamera-Stream: http://10.0.0.63:3031/video
12:31:53  ✅ Kamera-Stream geöffnet.
12:31:53  ✅ Kamera-Reconnect erfolgreich (Versuch 1/3).
12:32:00  HTTP Request: POST http://localhost:11434/api/chat "HTTP/1.1 200 OK"
12:32:00     ✅ OK
12:32:17  HTTP Request: POST http://localhost:11434/api/chat "HTTP/1.1 200 OK"
12:32:17     ✅ OK
12:32:35  HTTP Request: POST http://localhost:11434/api/chat "HTTP/1.1 200 OK"
12:32:35     ✅ OK
12:32:38  ⚠️  WebSocket-Verbindung unterbrochen (Close-Code=1006, Grund='', Fehler=no close frame received or sent); automatischer Reconnect #19.
12:32:38  🔄 Neuer Verbindungsversuch in 2s...
12:32:40  🔌 Verbinde mit Drucker: ws://10.0.0.63:3030/websocket
12:32:41  ✅ Verbunden! MainboardID: 18421c180103147000001c0000000000
12:32:41  📤 Fordere Status nach Verbindung aktiv an (Cmd 0).
12:32:41  📨 Antwort für RequestID 2d45fb33-0415-4bcd-94ec-f0962d9ff0c1: Cmd=0, Ack=0
12:32:41  ✅ Status nach Verbindung aktualisiert: Maschine=Printing (1), Druck=Unknown (13)
12:32:41  ✅ Reconnect erfolgreich; Status wurde neu eingelesen.
12:32:52  HTTP Request: POST http://localhost:11434/api/chat "HTTP/1.1 200 OK"
12:32:52     ✅ OK
12:33:09  HTTP Request: POST http://localhost:11434/api/chat "HTTP/1.1 200 OK"
12:33:09     ✅ OK
12:33:19  ❌ Kamera-Fehler: Konnte kein Frame von der Kamera lesen!
12:33:20  🔄 Kamera-Stream wird neu verbunden.
12:33:20  📷 Kamera-Stream geschlossen.
12:33:20  📷 Öffne Kamera-Stream: http://10.0.0.63:3031/video
12:33:20  ✅ Kamera-Stream geöffnet.
12:33:20  ✅ Kamera-Reconnect erfolgreich (Versuch 1/3).
12:33:27  HTTP Request: POST http://localhost:11434/api/chat "HTTP/1.1 200 OK"
12:33:27     ✅ OK
12:33:42  ⚠️  WebSocket-Verbindung unterbrochen (Close-Code=1006, Grund='', Fehler=no close frame received or sent); automatischer Reconnect #20.
12:33:42  🔄 Neuer Verbindungsversuch in 2s...
12:33:44  🔌 Verbinde mit Drucker: ws://10.0.0.63:3030/websocket
12:33:44  HTTP Request: POST http://localhost:11434/api/chat "HTTP/1.1 200 OK"
12:33:44     ✅ OK
12:33:45  ✅ Verbunden! MainboardID: 18421c180103147000001c0000000000
12:33:45  📤 Fordere Status nach Verbindung aktiv an (Cmd 0).
12:33:45  📨 Antwort für RequestID e632897d-4555-4198-921d-2451749e9820: Cmd=0, Ack=0
12:33:45  ✅ Status nach Verbindung aktualisiert: Maschine=Printing (1), Druck=Unknown (13)
12:33:45  ✅ Reconnect erfolgreich; Status wurde neu eingelesen.
12:34:01  HTTP Request: POST http://localhost:11434/api/chat "HTTP/1.1 200 OK"
12:34:01     ✅ OK
12:34:19  HTTP Request: POST http://localhost:11434/api/chat "HTTP/1.1 200 OK"
12:34:19     ✅ OK
12:34:36  HTTP Request: POST http://localhost:11434/api/chat "HTTP/1.1 200 OK"
12:34:36     ✅ OK
12:34:46  ❌ Kamera-Fehler: Konnte kein Frame von der Kamera lesen!
12:34:46  ⚠️  WebSocket-Verbindung unterbrochen (Close-Code=1006, Grund='', Fehler=no close frame received or sent); automatischer Reconnect #21.
12:34:46  🔄 Neuer Verbindungsversuch in 2s...
12:34:47  🔄 Kamera-Stream wird neu verbunden.
12:34:47  📷 Kamera-Stream geschlossen.
12:34:47  📷 Öffne Kamera-Stream: http://10.0.0.63:3031/video
12:34:47  ✅ Kamera-Stream geöffnet.
12:34:47  ✅ Kamera-Reconnect erfolgreich (Versuch 1/3).
12:34:48  🔌 Verbinde mit Drucker: ws://10.0.0.63:3030/websocket
12:34:49  ✅ Verbunden! MainboardID: 18421c180103147000001c0000000000
12:34:49  📤 Fordere Status nach Verbindung aktiv an (Cmd 0).
12:34:50  📨 Antwort für RequestID 07788b9e-6ef7-41f4-96a3-ac7826a0e0b9: Cmd=0, Ack=0
12:34:50  ✅ Status nach Verbindung aktualisiert: Maschine=Printing (1), Druck=Unknown (13)
12:34:50  ✅ Reconnect erfolgreich; Status wurde neu eingelesen.
12:34:54  HTTP Request: POST http://localhost:11434/api/chat "HTTP/1.1 200 OK"
12:34:54     ✅ OK
12:35:11  HTTP Request: POST http://localhost:11434/api/chat "HTTP/1.1 200 OK"
12:35:11     ✅ OK
12:35:29  HTTP Request: POST http://localhost:11434/api/chat "HTTP/1.1 200 OK"
12:35:29     ✅ OK
12:35:46  HTTP Request: POST http://localhost:11434/api/chat "HTTP/1.1 200 OK"
12:35:46     ✅ OK
12:35:50  ⚠️  WebSocket-Verbindung unterbrochen (Close-Code=1006, Grund='', Fehler=no close frame received or sent); automatischer Reconnect #22.
12:35:50  🔄 Neuer Verbindungsversuch in 2s...
12:35:52  🔌 Verbinde mit Drucker: ws://10.0.0.63:3030/websocket
12:35:54  ✅ Verbunden! MainboardID: 18421c180103147000001c0000000000
12:35:54  📤 Fordere Status nach Verbindung aktiv an (Cmd 0).
12:35:54  📨 Antwort für RequestID 34a8748a-a500-4431-a91e-01e44d3c0fcf: Cmd=0, Ack=0
12:35:54  ✅ Status nach Verbindung aktualisiert: Maschine=Printing (1), Druck=Unknown (13)
12:35:54  ✅ Reconnect erfolgreich; Status wurde neu eingelesen.
12:36:03  HTTP Request: POST http://localhost:11434/api/chat "HTTP/1.1 200 OK"
12:36:03     ✅ OK
12:36:13  ❌ Kamera-Fehler: Konnte kein Frame von der Kamera lesen!
12:36:14  🔄 Kamera-Stream wird neu verbunden.
12:36:14  📷 Kamera-Stream geschlossen.
12:36:14  📷 Öffne Kamera-Stream: http://10.0.0.63:3031/video
12:36:14  ✅ Kamera-Stream geöffnet.
12:36:14  ✅ Kamera-Reconnect erfolgreich (Versuch 1/3).
12:36:21  HTTP Request: POST http://localhost:11434/api/chat "HTTP/1.1 200 OK"
12:36:21     ✅ OK
12:36:38  HTTP Request: POST http://localhost:11434/api/chat "HTTP/1.1 200 OK"
12:36:38     ✅ OK
12:36:55  ⚠️  WebSocket-Verbindung unterbrochen (Close-Code=1006, Grund='', Fehler=no close frame received or sent); automatischer Reconnect #23.
12:36:55  🔄 Neuer Verbindungsversuch in 2s...
12:36:55  HTTP Request: POST http://localhost:11434/api/chat "HTTP/1.1 200 OK"
12:36:55     ✅ OK
12:36:57  🔌 Verbinde mit Drucker: ws://10.0.0.63:3030/websocket
12:36:58  ✅ Verbunden! MainboardID: 18421c180103147000001c0000000000
12:36:58  📤 Fordere Status nach Verbindung aktiv an (Cmd 0).
12:36:58  📨 Antwort für RequestID 3ba0001c-ddf0-49c0-ae08-7685d5eb2582: Cmd=0, Ack=0
12:36:58  ✅ Status nach Verbindung aktualisiert: Maschine=Printing (1), Druck=Unknown (13)
12:36:58  ✅ Reconnect erfolgreich; Status wurde neu eingelesen.
12:37:12  HTTP Request: POST http://localhost:11434/api/chat "HTTP/1.1 200 OK"
12:37:12     ✅ OK
12:37:22  ❌ Kamera-Fehler: Konnte kein Frame von der Kamera lesen!
12:37:23  🔄 Kamera-Stream wird neu verbunden.
12:37:23  📷 Kamera-Stream geschlossen.
12:37:23  📷 Öffne Kamera-Stream: http://10.0.0.63:3031/video
12:37:24  ✅ Kamera-Stream geöffnet.
12:37:24  ✅ Kamera-Reconnect erfolgreich (Versuch 1/3).
12:37:31  HTTP Request: POST http://localhost:11434/api/chat "HTTP/1.1 200 OK"
12:37:31     ✅ OK
12:37:48  HTTP Request: POST http://localhost:11434/api/chat "HTTP/1.1 200 OK"
12:37:48     ✅ OK
12:37:59  ⚠️  WebSocket-Verbindung unterbrochen (Close-Code=1006, Grund='', Fehler=no close frame received or sent); automatischer Reconnect #24.
12:37:59  🔄 Neuer Verbindungsversuch in 2s...
12:38:01  🔌 Verbinde mit Drucker: ws://10.0.0.63:3030/websocket
12:38:02  ✅ Verbunden! MainboardID: 18421c180103147000001c0000000000
12:38:02  📤 Fordere Status nach Verbindung aktiv an (Cmd 0).
12:38:03  📨 Antwort für RequestID 52695f3a-9574-4fd6-b881-401a13b4ef92: Cmd=0, Ack=0
12:38:03  ✅ Status nach Verbindung aktualisiert: Maschine=Printing (1), Druck=Unknown (13)
12:38:03  ✅ Reconnect erfolgreich; Status wurde neu eingelesen.
12:38:05  HTTP Request: POST http://localhost:11434/api/chat "HTTP/1.1 200 OK"
12:38:05     ✅ OK
12:38:22  HTTP Request: POST http://localhost:11434/api/chat "HTTP/1.1 200 OK"
12:38:22     ✅ OK
12:38:32  ❌ Kamera-Fehler: Konnte kein Frame von der Kamera lesen!
12:38:33  🔄 Kamera-Stream wird neu verbunden.
12:38:33  📷 Kamera-Stream geschlossen.
12:38:33  📷 Öffne Kamera-Stream: http://10.0.0.63:3031/video
12:38:33  ✅ Kamera-Stream geöffnet.
12:38:33  ✅ Kamera-Reconnect erfolgreich (Versuch 1/3).
12:38:40  HTTP Request: POST http://localhost:11434/api/chat "HTTP/1.1 200 OK"
12:38:40     ✅ OK
12:38:57  HTTP Request: POST http://localhost:11434/api/chat "HTTP/1.1 200 OK"
12:38:57     ✅ OK
12:39:04  ⚠️  WebSocket-Verbindung unterbrochen (Close-Code=1006, Grund='', Fehler=no close frame received or sent); automatischer Reconnect #25.
12:39:04  🔄 Neuer Verbindungsversuch in 2s...
12:39:06  🔌 Verbinde mit Drucker: ws://10.0.0.63:3030/websocket
12:39:07  ✅ Verbunden! MainboardID: 18421c180103147000001c0000000000
12:39:07  📤 Fordere Status nach Verbindung aktiv an (Cmd 0).
12:39:07  📨 Antwort für RequestID 0a3cadd5-2d07-47a5-aa7f-defad71d7019: Cmd=0, Ack=0
12:39:07  ✅ Status nach Verbindung aktualisiert: Maschine=Printing (1), Druck=Unknown (13)
12:39:07  ✅ Reconnect erfolgreich; Status wurde neu eingelesen.
12:39:14  HTTP Request: POST http://localhost:11434/api/chat "HTTP/1.1 200 OK"
12:39:14     ✅ OK
12:39:31  HTTP Request: POST http://localhost:11434/api/chat "HTTP/1.1 200 OK"
12:39:31     ✅ OK
12:39:41  ❌ Kamera-Fehler: Konnte kein Frame von der Kamera lesen!
12:39:42  🔄 Kamera-Stream wird neu verbunden.
12:39:42  📷 Kamera-Stream geschlossen.
12:39:42  📷 Öffne Kamera-Stream: http://10.0.0.63:3031/video
12:39:42  ✅ Kamera-Stream geöffnet.
12:39:43  ✅ Kamera-Reconnect erfolgreich (Versuch 1/3).
12:39:50  HTTP Request: POST http://localhost:11434/api/chat "HTTP/1.1 200 OK"
12:39:50     ✅ OK
12:40:07  HTTP Request: POST http://localhost:11434/api/chat "HTTP/1.1 200 OK"
12:40:07     ✅ OK
12:40:08  ⚠️  WebSocket-Verbindung unterbrochen (Close-Code=1006, Grund='', Fehler=no close frame received or sent); automatischer Reconnect #26.
12:40:08  🔄 Neuer Verbindungsversuch in 2s...
12:40:10  🔌 Verbinde mit Drucker: ws://10.0.0.63:3030/websocket
12:40:11  ✅ Verbunden! MainboardID: 18421c180103147000001c0000000000
12:40:11  📤 Fordere Status nach Verbindung aktiv an (Cmd 0).
12:40:11  📨 Antwort für RequestID c6ce9057-a1d0-4571-8a08-7a8e31f9a5a9: Cmd=0, Ack=0
12:40:11  ✅ Status nach Verbindung aktualisiert: Maschine=Printing (1), Druck=Unknown (13)
12:40:11  ✅ Reconnect erfolgreich; Status wurde neu eingelesen.
12:40:24  HTTP Request: POST http://localhost:11434/api/chat "HTTP/1.1 200 OK"
12:40:24     ✅ OK
12:40:41  HTTP Request: POST http://localhost:11434/api/chat "HTTP/1.1 200 OK"
12:40:41     ✅ OK
12:40:59  HTTP Request: POST http://localhost:11434/api/chat "HTTP/1.1 200 OK"
12:40:59     ⚠️  Alarmprüfung: FEHLER: STARK_VERFORMT (1 Fehler, 1/3 Bilder)
12:40:59  📸 10 Bilder für Gegencheck gespeichert: review_frames\20260808_124059_no-task
12:41:09  ❌ Kamera-Fehler: Konnte kein Frame von der Kamera lesen!
12:41:10  🔄 Kamera-Stream wird neu verbunden.
12:41:10  📷 Kamera-Stream geschlossen.
12:41:10  📷 Öffne Kamera-Stream: http://10.0.0.63:3031/video
12:41:10  ✅ Kamera-Stream geöffnet.
12:41:10  ✅ Kamera-Reconnect erfolgreich (Versuch 1/3).
12:41:12  ⚠️  WebSocket-Verbindung unterbrochen (Close-Code=1006, Grund='', Fehler=no close frame received or sent); automatischer Reconnect #27.
12:41:12  🔄 Neuer Verbindungsversuch in 2s...
12:41:14  🔌 Verbinde mit Drucker: ws://10.0.0.63:3030/websocket
12:41:15  ✅ Verbunden! MainboardID: 18421c180103147000001c0000000000
12:41:15  📤 Fordere Status nach Verbindung aktiv an (Cmd 0).
12:41:15  📨 Antwort für RequestID 0043daa8-49b6-44cc-9e9e-83f4b53cb276: Cmd=0, Ack=0
12:41:15  ✅ Status nach Verbindung aktualisiert: Maschine=Printing (1), Druck=Unknown (13)
12:41:15  ✅ Reconnect erfolgreich; Status wurde neu eingelesen.
12:41:17  HTTP Request: POST http://localhost:11434/api/chat "HTTP/1.1 200 OK"
12:41:17     ⚠️  Alarmprüfung: OK (1 Fehler, 2/3 Bilder)
12:41:34  HTTP Request: POST http://localhost:11434/api/chat "HTTP/1.1 200 OK"
12:41:34     ⚠️  Alarmprüfung: OK (1 Fehler, 3/3 Bilder)
12:41:51  HTTP Request: POST http://localhost:11434/api/chat "HTTP/1.1 200 OK"
12:41:51     ✅ Alarm verworfen: 1/4 Bestätigungsfehler.
12:42:08  HTTP Request: POST http://localhost:11434/api/chat "HTTP/1.1 200 OK"
12:42:08     ✅ OK
12:42:16  ⚠️  WebSocket-Verbindung unterbrochen (Close-Code=1006, Grund='', Fehler=no close frame received or sent); automatischer Reconnect #28.
12:42:16  🔄 Neuer Verbindungsversuch in 2s...
12:42:18  🔌 Verbinde mit Drucker: ws://10.0.0.63:3030/websocket
12:42:19  ✅ Verbunden! MainboardID: 18421c180103147000001c0000000000
12:42:19  📤 Fordere Status nach Verbindung aktiv an (Cmd 0).
12:42:19  📨 Antwort für RequestID ea756c97-f474-48d9-b67a-5e23f8040599: Cmd=0, Ack=0
12:42:19  ✅ Status nach Verbindung aktualisiert: Maschine=Printing (1), Druck=Unknown (13)
12:42:19  ✅ Reconnect erfolgreich; Status wurde neu eingelesen.
12:42:25  HTTP Request: POST http://localhost:11434/api/chat "HTTP/1.1 200 OK"
12:42:25     ✅ OK
12:42:35  ❌ Kamera-Fehler: Konnte kein Frame von der Kamera lesen!
12:42:36  🔄 Kamera-Stream wird neu verbunden.
12:42:36  📷 Kamera-Stream geschlossen.
12:42:36  📷 Öffne Kamera-Stream: http://10.0.0.63:3031/video
12:42:37  ✅ Kamera-Stream geöffnet.
12:42:37  ✅ Kamera-Reconnect erfolgreich (Versuch 1/3).
12:42:44  HTTP Request: POST http://localhost:11434/api/chat "HTTP/1.1 200 OK"
12:42:44     ✅ OK
12:43:01  HTTP Request: POST http://localhost:11434/api/chat "HTTP/1.1 200 OK"
12:43:01     ✅ OK
12:43:18  HTTP Request: POST http://localhost:11434/api/chat "HTTP/1.1 200 OK"
12:43:18     ✅ OK
12:43:20  ⚠️  WebSocket-Verbindung unterbrochen (Close-Code=1006, Grund='', Fehler=no close frame received or sent); automatischer Reconnect #29.
12:43:20  🔄 Neuer Verbindungsversuch in 2s...
12:43:22  🔌 Verbinde mit Drucker: ws://10.0.0.63:3030/websocket
12:43:23  ✅ Verbunden! MainboardID: 18421c180103147000001c0000000000
12:43:23  📤 Fordere Status nach Verbindung aktiv an (Cmd 0).
12:43:24  📨 Antwort für RequestID 14003db1-daaf-4c86-b316-ee3b55e2d895: Cmd=0, Ack=0
12:43:24  ✅ Status nach Verbindung aktualisiert: Maschine=Printing (1), Druck=Unknown (13)
12:43:24  ✅ Reconnect erfolgreich; Status wurde neu eingelesen.
12:43:35  HTTP Request: POST http://localhost:11434/api/chat "HTTP/1.1 200 OK"
12:43:35     ✅ OK
12:43:52  HTTP Request: POST http://localhost:11434/api/chat "HTTP/1.1 200 OK"
12:43:52     ✅ OK
12:44:02  ❌ Kamera-Fehler: Konnte kein Frame von der Kamera lesen!
12:44:03  🔄 Kamera-Stream wird neu verbunden.
12:44:03  📷 Kamera-Stream geschlossen.
12:44:03  📷 Öffne Kamera-Stream: http://10.0.0.63:3031/video
12:44:04  ✅ Kamera-Stream geöffnet.
12:44:04  ✅ Kamera-Reconnect erfolgreich (Versuch 1/3).
12:44:11  HTTP Request: POST http://localhost:11434/api/chat "HTTP/1.1 200 OK"
12:44:11     ✅ OK
12:44:24  ⚠️  WebSocket-Verbindung unterbrochen (Close-Code=1006, Grund='', Fehler=no close frame received or sent); automatischer Reconnect #30.
12:44:24  🔄 Neuer Verbindungsversuch in 2s...
12:44:26  🔌 Verbinde mit Drucker: ws://10.0.0.63:3030/websocket
12:44:28  ✅ Verbunden! MainboardID: 18421c180103147000001c0000000000
12:44:28  📤 Fordere Status nach Verbindung aktiv an (Cmd 0).
12:44:28  📨 Antwort für RequestID 0b8e75d0-2fa8-4c79-9f25-e1587e0438c5: Cmd=0, Ack=0
12:44:28  ✅ Status nach Verbindung aktualisiert: Maschine=Printing (1), Druck=Unknown (13)
12:44:28  ✅ Reconnect erfolgreich; Status wurde neu eingelesen.
12:44:28  HTTP Request: POST http://localhost:11434/api/chat "HTTP/1.1 200 OK"
12:44:28     ⚠️  Alarmprüfung: FEHLER: STARK_VERFORMT (1 Fehler, 1/3 Bilder)
12:44:28  📸 10 Bilder für Gegencheck gespeichert: review_frames\20260808_124428_no-task
12:44:45  HTTP Request: POST http://localhost:11434/api/chat "HTTP/1.1 200 OK"
12:44:45     ⚠️  Alarmprüfung: OK (1 Fehler, 2/3 Bilder)
12:45:03  HTTP Request: POST http://localhost:11434/api/chat "HTTP/1.1 200 OK"
12:45:03     ⚠️  Alarmprüfung: OK (1 Fehler, 3/3 Bilder)
12:45:20  HTTP Request: POST http://localhost:11434/api/chat "HTTP/1.1 200 OK"
12:45:20     ✅ Alarm verworfen: 1/4 Bestätigungsfehler.
12:45:29  ⚠️  WebSocket-Verbindung unterbrochen (Close-Code=1006, Grund='', Fehler=no close frame received or sent); automatischer Reconnect #31.
12:45:29  🔄 Neuer Verbindungsversuch in 2s...
12:45:30  ❌ Kamera-Fehler: Konnte kein Frame von der Kamera lesen!
12:45:31  🔌 Verbinde mit Drucker: ws://10.0.0.63:3030/websocket
12:45:31  🔄 Kamera-Stream wird neu verbunden.
12:45:31  📷 Kamera-Stream geschlossen.
12:45:31  📷 Öffne Kamera-Stream: http://10.0.0.63:3031/video
12:45:31  ✅ Kamera-Stream geöffnet.
12:45:31  ✅ Kamera-Reconnect erfolgreich (Versuch 1/3).
12:45:31  ✅ Verbunden! MainboardID: 18421c180103147000001c0000000000
12:45:31  📤 Fordere Status nach Verbindung aktiv an (Cmd 0).
12:45:31  📨 Antwort für RequestID e51bca34-750c-4028-b460-b8765095fa69: Cmd=0, Ack=0
12:45:31  ✅ Status nach Verbindung aktualisiert: Maschine=Printing (1), Druck=Unknown (13)
12:45:31  ✅ Reconnect erfolgreich; Status wurde neu eingelesen.
12:45:38  HTTP Request: POST http://localhost:11434/api/chat "HTTP/1.1 200 OK"
12:45:38     ✅ OK
12:45:55  HTTP Request: POST http://localhost:11434/api/chat "HTTP/1.1 200 OK"
12:45:55     ✅ OK
12:46:12  HTTP Request: POST http://localhost:11434/api/chat "HTTP/1.1 200 OK"
12:46:12     ✅ OK
12:46:29  HTTP Request: POST http://localhost:11434/api/chat "HTTP/1.1 200 OK"
12:46:29     ✅ OK
12:46:32  ⚠️  WebSocket-Verbindung unterbrochen (Close-Code=1006, Grund='', Fehler=no close frame received or sent); automatischer Reconnect #32.
12:46:32  🔄 Neuer Verbindungsversuch in 2s...
12:46:34  🔌 Verbinde mit Drucker: ws://10.0.0.63:3030/websocket
12:46:36  ✅ Verbunden! MainboardID: 18421c180103147000001c0000000000
12:46:36  📤 Fordere Status nach Verbindung aktiv an (Cmd 0).
12:46:36  📨 Antwort für RequestID c470f493-f248-4814-b2ce-ab0295e6520c: Cmd=0, Ack=0
12:46:36  ✅ Status nach Verbindung aktualisiert: Maschine=Printing (1), Druck=Unknown (13)
12:46:36  ✅ Reconnect erfolgreich; Status wurde neu eingelesen.
12:46:46  HTTP Request: POST http://localhost:11434/api/chat "HTTP/1.1 200 OK"
12:46:46     ✅ OK
12:46:56  ❌ Kamera-Fehler: Konnte kein Frame von der Kamera lesen!
12:46:57  🔄 Kamera-Stream wird neu verbunden.
12:46:57  📷 Kamera-Stream geschlossen.
12:46:57  📷 Öffne Kamera-Stream: http://10.0.0.63:3031/video
12:46:57  ✅ Kamera-Stream geöffnet.
12:46:58  ✅ Kamera-Reconnect erfolgreich (Versuch 1/3).
12:47:05  HTTP Request: POST http://localhost:11434/api/chat "HTTP/1.1 200 OK"
12:47:05     ✅ OK
12:47:22  HTTP Request: POST http://localhost:11434/api/chat "HTTP/1.1 200 OK"
12:47:22     ✅ OK
12:47:37  ⚠️  WebSocket-Verbindung unterbrochen (Close-Code=1006, Grund='', Fehler=no close frame received or sent); automatischer Reconnect #33.
12:47:37  🔄 Neuer Verbindungsversuch in 2s...
12:47:39  HTTP Request: POST http://localhost:11434/api/chat "HTTP/1.1 200 OK"
12:47:39     ✅ OK
12:47:39  🔌 Verbinde mit Drucker: ws://10.0.0.63:3030/websocket
12:47:40  ✅ Verbunden! MainboardID: 18421c180103147000001c0000000000
12:47:40  📤 Fordere Status nach Verbindung aktiv an (Cmd 0).
12:47:40  📨 Antwort für RequestID 62690d85-5b0e-4933-a1fc-3a420d4b30df: Cmd=0, Ack=0
12:47:40  ✅ Status nach Verbindung aktualisiert: Maschine=Printing (1), Druck=Unknown (13)
12:47:40  ✅ Reconnect erfolgreich; Status wurde neu eingelesen.
12:47:56  HTTP Request: POST http://localhost:11434/api/chat "HTTP/1.1 200 OK"
12:47:56     ✅ OK
12:48:06  ❌ Kamera-Fehler: Konnte kein Frame von der Kamera lesen!
12:48:07  🔄 Kamera-Stream wird neu verbunden.
12:48:07  📷 Kamera-Stream geschlossen.
12:48:07  📷 Öffne Kamera-Stream: http://10.0.0.63:3031/video
12:48:07  ✅ Kamera-Stream geöffnet.
12:48:07  ✅ Kamera-Reconnect erfolgreich (Versuch 1/3).
12:48:14  HTTP Request: POST http://localhost:11434/api/chat "HTTP/1.1 200 OK"
12:48:14     ✅ OK
12:48:31  HTTP Request: POST http://localhost:11434/api/chat "HTTP/1.1 200 OK"
12:48:31     ✅ OK
12:48:41  ⚠️  WebSocket-Verbindung unterbrochen (Close-Code=1006, Grund='', Fehler=no close frame received or sent); automatischer Reconnect #34.
12:48:41  🔄 Neuer Verbindungsversuch in 2s...
12:48:43  🔌 Verbinde mit Drucker: ws://10.0.0.63:3030/websocket
12:48:44  ✅ Verbunden! MainboardID: 18421c180103147000001c0000000000
12:48:44  📤 Fordere Status nach Verbindung aktiv an (Cmd 0).
12:48:44  📨 Antwort für RequestID dc12e5c3-3b13-4dd8-b7cf-be13ae612688: Cmd=0, Ack=0
12:48:44  ✅ Status nach Verbindung aktualisiert: Maschine=Printing (1), Druck=Unknown (13)
12:48:44  ✅ Reconnect erfolgreich; Status wurde neu eingelesen.
12:48:48  HTTP Request: POST http://localhost:11434/api/chat "HTTP/1.1 200 OK"
12:48:48     ✅ OK
12:49:05  HTTP Request: POST http://localhost:11434/api/chat "HTTP/1.1 200 OK"
12:49:05     ✅ OK
12:49:22  HTTP Request: POST http://localhost:11434/api/chat "HTTP/1.1 200 OK"
12:49:22     ✅ OK
12:49:32  ❌ Kamera-Fehler: Konnte kein Frame von der Kamera lesen!
12:49:33  🔄 Kamera-Stream wird neu verbunden.
12:49:33  📷 Kamera-Stream geschlossen.
12:49:33  📷 Öffne Kamera-Stream: http://10.0.0.63:3031/video
12:49:33  ✅ Kamera-Stream geöffnet.
12:49:34  ✅ Kamera-Reconnect erfolgreich (Versuch 1/3).
12:49:41  HTTP Request: POST http://localhost:11434/api/chat "HTTP/1.1 200 OK"
12:49:41     ✅ OK
12:49:45  ⚠️  WebSocket-Verbindung unterbrochen (Close-Code=1006, Grund='', Fehler=no close frame received or sent); automatischer Reconnect #35.
12:49:45  🔄 Neuer Verbindungsversuch in 2s...
12:49:47  🔌 Verbinde mit Drucker: ws://10.0.0.63:3030/websocket
12:49:48  ✅ Verbunden! MainboardID: 18421c180103147000001c0000000000
12:49:48  📤 Fordere Status nach Verbindung aktiv an (Cmd 0).
12:49:48  📨 Antwort für RequestID ee7f2e2a-e11e-4661-a63c-c25f44e13012: Cmd=0, Ack=0
12:49:48  ✅ Status nach Verbindung aktualisiert: Maschine=Printing (1), Druck=Unknown (13)
12:49:48  ✅ Reconnect erfolgreich; Status wurde neu eingelesen.
12:49:58  HTTP Request: POST http://localhost:11434/api/chat "HTTP/1.1 200 OK"
12:49:58     ✅ OK
12:50:15  HTTP Request: POST http://localhost:11434/api/chat "HTTP/1.1 200 OK"
12:50:15     ✅ OK
12:50:32  HTTP Request: POST http://localhost:11434/api/chat "HTTP/1.1 200 OK"
12:50:32     ✅ OK
12:50:49  HTTP Request: POST http://localhost:11434/api/chat "HTTP/1.1 200 OK"
12:50:49     ✅ OK
12:50:49  ⚠️  WebSocket-Verbindung unterbrochen (Close-Code=1006, Grund='', Fehler=no close frame received or sent); automatischer Reconnect #36.
12:50:49  🔄 Neuer Verbindungsversuch in 2s...
12:50:51  🔌 Verbinde mit Drucker: ws://10.0.0.63:3030/websocket
12:50:53  ✅ Verbunden! MainboardID: 18421c180103147000001c0000000000
12:50:53  📤 Fordere Status nach Verbindung aktiv an (Cmd 0).
12:50:53  📨 Antwort für RequestID efc28450-78e2-4183-9ca5-bb03baa8e6e3: Cmd=0, Ack=0
12:50:53  ✅ Status nach Verbindung aktualisiert: Maschine=Printing (1), Druck=Unknown (13)
12:50:53  ✅ Reconnect erfolgreich; Status wurde neu eingelesen.
12:50:59  ❌ Kamera-Fehler: Konnte kein Frame von der Kamera lesen!
12:51:00  🔄 Kamera-Stream wird neu verbunden.
12:51:00  📷 Kamera-Stream geschlossen.
12:51:00  📷 Öffne Kamera-Stream: http://10.0.0.63:3031/video
12:51:00  ✅ Kamera-Stream geöffnet.
12:51:00  ✅ Kamera-Reconnect erfolgreich (Versuch 1/3).
12:51:07  HTTP Request: POST http://localhost:11434/api/chat "HTTP/1.1 200 OK"
12:51:07     ✅ OK
12:51:24  HTTP Request: POST http://localhost:11434/api/chat "HTTP/1.1 200 OK"
12:51:24     ✅ OK
12:51:41  HTTP Request: POST http://localhost:11434/api/chat "HTTP/1.1 200 OK"
12:51:41     ✅ OK
12:51:54  ⚠️  WebSocket-Verbindung unterbrochen (Close-Code=1006, Grund='', Fehler=no close frame received or sent); automatischer Reconnect #37.
12:51:54  🔄 Neuer Verbindungsversuch in 2s...
12:51:56  🔌 Verbinde mit Drucker: ws://10.0.0.63:3030/websocket
12:51:57  ✅ Verbunden! MainboardID: 18421c180103147000001c0000000000
12:51:57  📤 Fordere Status nach Verbindung aktiv an (Cmd 0).
12:51:57  📨 Antwort für RequestID 9bd65715-1b6e-42c5-a9bd-41ec478b99b2: Cmd=0, Ack=0
12:51:57  ✅ Status nach Verbindung aktualisiert: Maschine=Printing (1), Druck=Unknown (13)
12:51:57  ✅ Reconnect erfolgreich; Status wurde neu eingelesen.
12:51:58  HTTP Request: POST http://localhost:11434/api/chat "HTTP/1.1 200 OK"
12:51:58     ✅ OK
12:52:08  ❌ Kamera-Fehler: Konnte kein Frame von der Kamera lesen!
12:52:09  🔄 Kamera-Stream wird neu verbunden.
12:52:09  📷 Kamera-Stream geschlossen.
12:52:09  📷 Öffne Kamera-Stream: http://10.0.0.63:3031/video
12:52:09  ✅ Kamera-Stream geöffnet.
12:52:09  ✅ Kamera-Reconnect erfolgreich (Versuch 1/3).
12:52:16  HTTP Request: POST http://localhost:11434/api/chat "HTTP/1.1 200 OK"
12:52:16     ✅ OK
12:52:34  HTTP Request: POST http://localhost:11434/api/chat "HTTP/1.1 200 OK"
12:52:34     ✅ OK
12:52:51  HTTP Request: POST http://localhost:11434/api/chat "HTTP/1.1 200 OK"
12:52:51     ✅ OK
12:52:58  ⚠️  WebSocket-Verbindung unterbrochen (Close-Code=1006, Grund='', Fehler=no close frame received or sent); automatischer Reconnect #38.
12:52:58  🔄 Neuer Verbindungsversuch in 2s...
12:53:00  🔌 Verbinde mit Drucker: ws://10.0.0.63:3030/websocket
12:53:01  ✅ Verbunden! MainboardID: 18421c180103147000001c0000000000
12:53:01  📤 Fordere Status nach Verbindung aktiv an (Cmd 0).
12:53:01  📨 Antwort für RequestID 75fae721-fa3f-427f-ae57-9cf5ee030aea: Cmd=0, Ack=0
12:53:02  ✅ Status nach Verbindung aktualisiert: Maschine=Printing (1), Druck=Unknown (13)
12:53:02  ✅ Reconnect erfolgreich; Status wurde neu eingelesen.
12:53:08  HTTP Request: POST http://localhost:11434/api/chat "HTTP/1.1 200 OK"
12:53:08     ✅ OK
12:53:18  ❌ Kamera-Fehler: Konnte kein Frame von der Kamera lesen!
12:53:19  🔄 Kamera-Stream wird neu verbunden.
12:53:19  📷 Kamera-Stream geschlossen.
12:53:19  📷 Öffne Kamera-Stream: http://10.0.0.63:3031/video
12:53:19  ✅ Kamera-Stream geöffnet.
12:53:19  ✅ Kamera-Reconnect erfolgreich (Versuch 1/3).
12:53:26  HTTP Request: POST http://localhost:11434/api/chat "HTTP/1.1 200 OK"
12:53:26     ✅ OK
12:53:43  HTTP Request: POST http://localhost:11434/api/chat "HTTP/1.1 200 OK"
12:53:43     ✅ OK
12:54:00  HTTP Request: POST http://localhost:11434/api/chat "HTTP/1.1 200 OK"
12:54:00     ✅ OK
12:54:02  ⚠️  WebSocket-Verbindung unterbrochen (Close-Code=1006, Grund='', Fehler=no close frame received or sent); automatischer Reconnect #39.
12:54:02  🔄 Neuer Verbindungsversuch in 2s...
12:54:04  🔌 Verbinde mit Drucker: ws://10.0.0.63:3030/websocket
12:54:05  ✅ Verbunden! MainboardID: 18421c180103147000001c0000000000
12:54:05  📤 Fordere Status nach Verbindung aktiv an (Cmd 0).
12:54:05  📨 Antwort für RequestID ce25005f-d1a1-4adc-b230-e72245a698ba: Cmd=0, Ack=0
12:54:06  ✅ Status nach Verbindung aktualisiert: Maschine=Printing (1), Druck=Unknown (13)
12:54:06  ✅ Reconnect erfolgreich; Status wurde neu eingelesen.
12:54:17  HTTP Request: POST http://localhost:11434/api/chat "HTTP/1.1 200 OK"
12:54:17     ✅ OK
12:54:27  ❌ Kamera-Fehler: Konnte kein Frame von der Kamera lesen!
12:54:28  🔄 Kamera-Stream wird neu verbunden.
12:54:28  📷 Kamera-Stream geschlossen.
12:54:28  📷 Öffne Kamera-Stream: http://10.0.0.63:3031/video
12:54:28  ✅ Kamera-Stream geöffnet.
12:54:28  ✅ Kamera-Reconnect erfolgreich (Versuch 1/3).
12:54:35  HTTP Request: POST http://localhost:11434/api/chat "HTTP/1.1 200 OK"
12:54:35     ✅ OK
12:54:53  HTTP Request: POST http://localhost:11434/api/chat "HTTP/1.1 200 OK"
12:54:53     ✅ OK
12:55:06  ⚠️  WebSocket-Verbindung unterbrochen (Close-Code=1006, Grund='', Fehler=no close frame received or sent); automatischer Reconnect #40.
12:55:06  🔄 Neuer Verbindungsversuch in 2s...
12:55:08  🔌 Verbinde mit Drucker: ws://10.0.0.63:3030/websocket
12:55:09  ✅ Verbunden! MainboardID: 18421c180103147000001c0000000000
12:55:09  📤 Fordere Status nach Verbindung aktiv an (Cmd 0).
12:55:09  📨 Antwort für RequestID fbf2ae94-f253-4788-8ef8-90464afcfe93: Cmd=0, Ack=0
12:55:09  ✅ Status nach Verbindung aktualisiert: Maschine=Printing (1), Druck=Unknown (13)
12:55:09  ✅ Reconnect erfolgreich; Status wurde neu eingelesen.
12:55:10  HTTP Request: POST http://localhost:11434/api/chat "HTTP/1.1 200 OK"
12:55:10     ✅ OK
12:55:27  HTTP Request: POST http://localhost:11434/api/chat "HTTP/1.1 200 OK"
12:55:27     ✅ OK
12:55:44  HTTP Request: POST http://localhost:11434/api/chat "HTTP/1.1 200 OK"
12:55:44     ✅ OK
12:56:01  HTTP Request: POST http://localhost:11434/api/chat "HTTP/1.1 200 OK"
12:56:01     ✅ OK
12:56:10  ⚠️  WebSocket-Verbindung unterbrochen (Close-Code=1006, Grund='', Fehler=no close frame received or sent); automatischer Reconnect #41.
12:56:10  🔄 Neuer Verbindungsversuch in 2s...
12:56:12  🔌 Verbinde mit Drucker: ws://10.0.0.63:3030/websocket
12:56:14  ✅ Verbunden! MainboardID: 18421c180103147000001c0000000000
12:56:14  📤 Fordere Status nach Verbindung aktiv an (Cmd 0).
12:56:14  📨 Antwort für RequestID 20b684f2-6d66-4234-8718-a53b8e2555df: Cmd=0, Ack=0
12:56:14  ✅ Status nach Verbindung aktualisiert: Maschine=Printing (1), Druck=Unknown (13)
12:56:14  ✅ Reconnect erfolgreich; Status wurde neu eingelesen.
12:56:18  HTTP Request: POST http://localhost:11434/api/chat "HTTP/1.1 200 OK"
12:56:18     ✅ OK
12:56:28  ❌ Kamera-Fehler: Konnte kein Frame von der Kamera lesen!
12:56:29  🔄 Kamera-Stream wird neu verbunden.
12:56:29  📷 Kamera-Stream geschlossen.
12:56:29  📷 Öffne Kamera-Stream: http://10.0.0.63:3031/video
12:56:29  ✅ Kamera-Stream geöffnet.
12:56:29  ✅ Kamera-Reconnect erfolgreich (Versuch 1/3).
12:56:36  HTTP Request: POST http://localhost:11434/api/chat "HTTP/1.1 200 OK"
12:56:36     ✅ OK
12:56:53  HTTP Request: POST http://localhost:11434/api/chat "HTTP/1.1 200 OK"
12:56:53     ✅ OK
12:57:10  HTTP Request: POST http://localhost:11434/api/chat "HTTP/1.1 200 OK"
12:57:10     ✅ OK
12:57:15  ⚠️  WebSocket-Verbindung unterbrochen (Close-Code=1006, Grund='', Fehler=no close frame received or sent); automatischer Reconnect #42.
12:57:15  🔄 Neuer Verbindungsversuch in 2s...
12:57:17  🔌 Verbinde mit Drucker: ws://10.0.0.63:3030/websocket
12:57:18  ✅ Verbunden! MainboardID: 18421c180103147000001c0000000000
12:57:18  📤 Fordere Status nach Verbindung aktiv an (Cmd 0).
12:57:18  📨 Antwort für RequestID 88ba5aad-b7c7-48b5-8d4a-d0942a145c21: Cmd=0, Ack=0
12:57:18  ✅ Status nach Verbindung aktualisiert: Maschine=Printing (1), Druck=Unknown (13)
12:57:18  ✅ Reconnect erfolgreich; Status wurde neu eingelesen.
12:57:27  HTTP Request: POST http://localhost:11434/api/chat "HTTP/1.1 200 OK"
12:57:27     ✅ OK
12:57:37  ❌ Kamera-Fehler: Konnte kein Frame von der Kamera lesen!
12:57:38  🔄 Kamera-Stream wird neu verbunden.
12:57:38  📷 Kamera-Stream geschlossen.
12:57:38  📷 Öffne Kamera-Stream: http://10.0.0.63:3031/video
12:57:38  ✅ Kamera-Stream geöffnet.
12:57:38  ✅ Kamera-Reconnect erfolgreich (Versuch 1/3).
12:57:45  HTTP Request: POST http://localhost:11434/api/chat "HTTP/1.1 200 OK"
12:57:45     ✅ OK
12:58:02  HTTP Request: POST http://localhost:11434/api/chat "HTTP/1.1 200 OK"
12:58:02     ✅ OK
12:58:19  ⚠️  WebSocket-Verbindung unterbrochen (Close-Code=1006, Grund='', Fehler=no close frame received or sent); automatischer Reconnect #43.
12:58:19  🔄 Neuer Verbindungsversuch in 2s...
12:58:20  HTTP Request: POST http://localhost:11434/api/chat "HTTP/1.1 200 OK"
12:58:20     ✅ OK
12:58:21  🔌 Verbinde mit Drucker: ws://10.0.0.63:3030/websocket
12:58:22  ✅ Verbunden! MainboardID: 18421c180103147000001c0000000000
12:58:22  📤 Fordere Status nach Verbindung aktiv an (Cmd 0).
12:58:22  📨 Antwort für RequestID 8de3fd4c-6787-4306-a315-637b79710bc9: Cmd=0, Ack=0
12:58:22  ✅ Status nach Verbindung aktualisiert: Maschine=Printing (1), Druck=Unknown (13)
12:58:22  ✅ Reconnect erfolgreich; Status wurde neu eingelesen.
12:58:37  HTTP Request: POST http://localhost:11434/api/chat "HTTP/1.1 200 OK"
12:58:37     ✅ OK
12:58:54  HTTP Request: POST http://localhost:11434/api/chat "HTTP/1.1 200 OK"
12:58:54     ✅ OK
12:59:04  ❌ Kamera-Fehler: Konnte kein Frame von der Kamera lesen!
12:59:05  🔄 Kamera-Stream wird neu verbunden.
12:59:05  📷 Kamera-Stream geschlossen.
12:59:05  📷 Öffne Kamera-Stream: http://10.0.0.63:3031/video
12:59:05  ✅ Kamera-Stream geöffnet.
12:59:05  ✅ Kamera-Reconnect erfolgreich (Versuch 1/3).
12:59:12  HTTP Request: POST http://localhost:11434/api/chat "HTTP/1.1 200 OK"
12:59:12     ✅ OK
12:59:23  ⚠️  WebSocket-Verbindung unterbrochen (Close-Code=1006, Grund='', Fehler=no close frame received or sent); automatischer Reconnect #44.
12:59:23  🔄 Neuer Verbindungsversuch in 2s...
12:59:25  🔌 Verbinde mit Drucker: ws://10.0.0.63:3030/websocket
12:59:26  ✅ Verbunden! MainboardID: 18421c180103147000001c0000000000
12:59:26  📤 Fordere Status nach Verbindung aktiv an (Cmd 0).
12:59:26  📨 Antwort für RequestID c1f6492f-fd6e-443d-918e-53ed16a43171: Cmd=0, Ack=0
12:59:26  ✅ Status nach Verbindung aktualisiert: Maschine=Printing (1), Druck=Unknown (13)
12:59:26  ✅ Reconnect erfolgreich; Status wurde neu eingelesen.
12:59:29  HTTP Request: POST http://localhost:11434/api/chat "HTTP/1.1 200 OK"
12:59:29     ✅ OK
12:59:46  HTTP Request: POST http://localhost:11434/api/chat "HTTP/1.1 200 OK"
12:59:46     ✅ OK
13:00:03  HTTP Request: POST http://localhost:11434/api/chat "HTTP/1.1 200 OK"
13:00:03     ✅ OK
13:00:20  HTTP Request: POST http://localhost:11434/api/chat "HTTP/1.1 200 OK"
13:00:20     ✅ OK
13:00:27  ⚠️  WebSocket-Verbindung unterbrochen (Close-Code=1006, Grund='', Fehler=no close frame received or sent); automatischer Reconnect #45.
13:00:27  🔄 Neuer Verbindungsversuch in 2s...
13:00:29  🔌 Verbinde mit Drucker: ws://10.0.0.63:3030/websocket
13:00:30  ✅ Verbunden! MainboardID: 18421c180103147000001c0000000000
13:00:30  📤 Fordere Status nach Verbindung aktiv an (Cmd 0).
13:00:30  ❌ Kamera-Fehler: Konnte kein Frame von der Kamera lesen!
13:00:30  📨 Antwort für RequestID 85798359-02ce-460b-8ca9-8cd008f7df2b: Cmd=0, Ack=0
13:00:30  ✅ Status nach Verbindung aktualisiert: Maschine=Printing (1), Druck=Unknown (13)
13:00:30  ✅ Reconnect erfolgreich; Status wurde neu eingelesen.
13:00:31  🔄 Kamera-Stream wird neu verbunden.
13:00:31  📷 Kamera-Stream geschlossen.
13:00:31  📷 Öffne Kamera-Stream: http://10.0.0.63:3031/video
13:00:31  ✅ Kamera-Stream geöffnet.
13:00:32  ✅ Kamera-Reconnect erfolgreich (Versuch 1/3).
13:00:39  HTTP Request: POST http://localhost:11434/api/chat "HTTP/1.1 200 OK"
13:00:39     ✅ OK
13:00:56  HTTP Request: POST http://localhost:11434/api/chat "HTTP/1.1 200 OK"
13:00:56     ✅ OK
13:01:13  HTTP Request: POST http://localhost:11434/api/chat "HTTP/1.1 200 OK"
13:01:13     ✅ OK
13:01:30  HTTP Request: POST http://localhost:11434/api/chat "HTTP/1.1 200 OK"
13:01:30     ✅ OK
13:01:31  ⚠️  WebSocket-Verbindung unterbrochen (Close-Code=1006, Grund='', Fehler=no close frame received or sent); automatischer Reconnect #46.
13:01:31  🔄 Neuer Verbindungsversuch in 2s...
13:01:33  🔌 Verbinde mit Drucker: ws://10.0.0.63:3030/websocket
13:01:34  ✅ Verbunden! MainboardID: 18421c180103147000001c0000000000
13:01:34  📤 Fordere Status nach Verbindung aktiv an (Cmd 0).
13:01:34  📨 Antwort für RequestID 8365d584-d0f2-452a-a593-990bdc54468f: Cmd=0, Ack=0
13:01:35  ✅ Status nach Verbindung aktualisiert: Maschine=Printing (1), Druck=Unknown (13)
13:01:35  ✅ Reconnect erfolgreich; Status wurde neu eingelesen.
13:01:46  HTTP Request: POST http://localhost:11434/api/chat "HTTP/1.1 200 OK"
13:01:46     ✅ OK
13:01:56  ❌ Kamera-Fehler: Konnte kein Frame von der Kamera lesen!
13:01:57  🔄 Kamera-Stream wird neu verbunden.
13:01:57  📷 Kamera-Stream geschlossen.
13:01:57  📷 Öffne Kamera-Stream: http://10.0.0.63:3031/video
13:01:57  ✅ Kamera-Stream geöffnet.
13:01:58  ✅ Kamera-Reconnect erfolgreich (Versuch 1/3).
13:02:04  HTTP Request: POST http://localhost:11434/api/chat "HTTP/1.1 200 OK"
13:02:04     ✅ OK
13:02:21  HTTP Request: POST http://localhost:11434/api/chat "HTTP/1.1 200 OK"
13:02:21     ✅ OK
13:02:35  ⚠️  WebSocket-Verbindung unterbrochen (Close-Code=1006, Grund='', Fehler=no close frame received or sent); automatischer Reconnect #47.
13:02:35  🔄 Neuer Verbindungsversuch in 2s...
13:02:37  🔌 Verbinde mit Drucker: ws://10.0.0.63:3030/websocket
13:02:38  HTTP Request: POST http://localhost:11434/api/chat "HTTP/1.1 200 OK"
13:02:38     ✅ OK
13:02:39  ✅ Verbunden! MainboardID: 18421c180103147000001c0000000000
13:02:39  📤 Fordere Status nach Verbindung aktiv an (Cmd 0).
13:02:39  📨 Antwort für RequestID dc702e6a-8d27-4f13-959b-8ae2e861b512: Cmd=0, Ack=0
13:02:39  ✅ Status nach Verbindung aktualisiert: Maschine=Printing (1), Druck=Unknown (13)
13:02:39  ✅ Reconnect erfolgreich; Status wurde neu eingelesen.
13:02:55  HTTP Request: POST http://localhost:11434/api/chat "HTTP/1.1 200 OK"
13:02:55     ✅ OK
13:03:11  HTTP Request: POST http://localhost:11434/api/chat "HTTP/1.1 200 OK"
13:03:11     ✅ OK
13:03:21  ❌ Kamera-Fehler: Konnte kein Frame von der Kamera lesen!
13:03:23  🔄 Kamera-Stream wird neu verbunden.
13:03:23  📷 Kamera-Stream geschlossen.
13:03:23  📷 Öffne Kamera-Stream: http://10.0.0.63:3031/video
13:03:23  ✅ Kamera-Stream geöffnet.
13:03:23  ✅ Kamera-Reconnect erfolgreich (Versuch 1/3).
13:03:30  HTTP Request: POST http://localhost:11434/api/chat "HTTP/1.1 200 OK"
13:03:30     ✅ OK
13:03:40  ⚠️  WebSocket-Verbindung unterbrochen (Close-Code=1006, Grund='', Fehler=no close frame received or sent); automatischer Reconnect #48.
13:03:40  🔄 Neuer Verbindungsversuch in 2s...
13:03:42  🔌 Verbinde mit Drucker: ws://10.0.0.63:3030/websocket
13:03:43  ✅ Verbunden! MainboardID: 18421c180103147000001c0000000000
13:03:43  📤 Fordere Status nach Verbindung aktiv an (Cmd 0).
13:03:43  📨 Antwort für RequestID a19b38a9-f737-4324-99e0-c3c630b028f0: Cmd=0, Ack=0
13:03:43  ✅ Status nach Verbindung aktualisiert: Maschine=Printing (1), Druck=Unknown (13)
13:03:43  ✅ Reconnect erfolgreich; Status wurde neu eingelesen.
13:03:46  HTTP Request: POST http://localhost:11434/api/chat "HTTP/1.1 200 OK"
13:03:46     ✅ OK
13:04:03  HTTP Request: POST http://localhost:11434/api/chat "HTTP/1.1 200 OK"
13:04:03     ✅ OK
13:04:20  HTTP Request: POST http://localhost:11434/api/chat "HTTP/1.1 200 OK"
13:04:20     ✅ OK
13:04:37  HTTP Request: POST http://localhost:11434/api/chat "HTTP/1.1 200 OK"
13:04:37     ✅ OK
13:04:44  ⚠️  WebSocket-Verbindung unterbrochen (Close-Code=1006, Grund='', Fehler=no close frame received or sent); automatischer Reconnect #49.
13:04:44  🔄 Neuer Verbindungsversuch in 2s...
13:04:46  🔌 Verbinde mit Drucker: ws://10.0.0.63:3030/websocket
13:04:47  ✅ Verbunden! MainboardID: 18421c180103147000001c0000000000
13:04:47  📤 Fordere Status nach Verbindung aktiv an (Cmd 0).
13:04:47  📨 Antwort für RequestID 183f3c74-c707-40a1-b3eb-3c05f87757bf: Cmd=0, Ack=0
13:04:47  ✅ Status nach Verbindung aktualisiert: Maschine=Printing (1), Druck=Unknown (13)
13:04:47  ✅ Reconnect erfolgreich; Status wurde neu eingelesen.
13:04:54  HTTP Request: POST http://localhost:11434/api/chat "HTTP/1.1 200 OK"
13:04:54     ✅ OK
13:05:04  ❌ Kamera-Fehler: Konnte kein Frame von der Kamera lesen!
13:05:05  🔄 Kamera-Stream wird neu verbunden.
13:05:05  📷 Kamera-Stream geschlossen.
13:05:05  📷 Öffne Kamera-Stream: http://10.0.0.63:3031/video
13:05:05  ✅ Kamera-Stream geöffnet.
13:05:05  ✅ Kamera-Reconnect erfolgreich (Versuch 1/3).
13:05:12  HTTP Request: POST http://localhost:11434/api/chat "HTTP/1.1 200 OK"
13:05:12     ✅ OK
13:05:28  HTTP Request: POST http://localhost:11434/api/chat "HTTP/1.1 200 OK"
13:05:28     ✅ OK
13:05:45  HTTP Request: POST http://localhost:11434/api/chat "HTTP/1.1 200 OK"
13:05:45     ✅ OK
13:05:48  ⚠️  WebSocket-Verbindung unterbrochen (Close-Code=1006, Grund='', Fehler=no close frame received or sent); automatischer Reconnect #50.
13:05:48  🔄 Neuer Verbindungsversuch in 2s...
13:05:50  🔌 Verbinde mit Drucker: ws://10.0.0.63:3030/websocket
13:05:51  ✅ Verbunden! MainboardID: 18421c180103147000001c0000000000
13:05:51  📤 Fordere Status nach Verbindung aktiv an (Cmd 0).
13:05:51  📨 Antwort für RequestID 15ba3155-6015-4205-a6e2-ece29ef40e32: Cmd=0, Ack=0
13:05:51  ✅ Status nach Verbindung aktualisiert: Maschine=Printing (1), Druck=Unknown (13)
13:05:51  ✅ Reconnect erfolgreich; Status wurde neu eingelesen.
13:06:02  HTTP Request: POST http://localhost:11434/api/chat "HTTP/1.1 200 OK"
13:06:02     ✅ OK
13:06:19  HTTP Request: POST http://localhost:11434/api/chat "HTTP/1.1 200 OK"
13:06:19     ✅ OK
13:06:36  HTTP Request: POST http://localhost:11434/api/chat "HTTP/1.1 200 OK"
13:06:36     ✅ OK
13:06:52  ⚠️  WebSocket-Verbindung unterbrochen (Close-Code=1006, Grund='', Fehler=no close frame received or sent); automatischer Reconnect #51.
13:06:52  🔄 Neuer Verbindungsversuch in 2s...
13:06:52  HTTP Request: POST http://localhost:11434/api/chat "HTTP/1.1 200 OK"
13:06:52     ✅ OK
13:06:54  🔌 Verbinde mit Drucker: ws://10.0.0.63:3030/websocket
13:06:55  ✅ Verbunden! MainboardID: 18421c180103147000001c0000000000
13:06:55  📤 Fordere Status nach Verbindung aktiv an (Cmd 0).
13:06:55  📨 Antwort für RequestID ae84b0de-9fe2-47e5-b1f9-828c512875d0: Cmd=0, Ack=0
13:06:55  ✅ Status nach Verbindung aktualisiert: Maschine=Printing (1), Druck=Unknown (13)
13:06:55  ✅ Reconnect erfolgreich; Status wurde neu eingelesen.
13:07:09  HTTP Request: POST http://localhost:11434/api/chat "HTTP/1.1 200 OK"
13:07:09     ✅ OK
13:07:19  ❌ Kamera-Fehler: Konnte kein Frame von der Kamera lesen!
13:07:20  🔄 Kamera-Stream wird neu verbunden.
13:07:20  📷 Kamera-Stream geschlossen.
13:07:20  📷 Öffne Kamera-Stream: http://10.0.0.63:3031/video
13:07:20  ✅ Kamera-Stream geöffnet.
13:07:20  ✅ Kamera-Reconnect erfolgreich (Versuch 1/3).
13:07:27  HTTP Request: POST http://localhost:11434/api/chat "HTTP/1.1 200 OK"
13:07:27     ✅ OK
13:07:44  HTTP Request: POST http://localhost:11434/api/chat "HTTP/1.1 200 OK"
13:07:44     ✅ OK
13:07:56  ⚠️  WebSocket-Verbindung unterbrochen (Close-Code=1006, Grund='', Fehler=no close frame received or sent); automatischer Reconnect #52.
13:07:56  🔄 Neuer Verbindungsversuch in 2s...
13:07:58  🔌 Verbinde mit Drucker: ws://10.0.0.63:3030/websocket
13:07:59  ✅ Verbunden! MainboardID: 18421c180103147000001c0000000000
13:07:59  📤 Fordere Status nach Verbindung aktiv an (Cmd 0).
13:07:59  📨 Antwort für RequestID b1ec8852-e62a-4679-8df0-d7f07b3326a9: Cmd=0, Ack=0
13:08:00  ✅ Status nach Verbindung aktualisiert: Maschine=Printing (1), Druck=Unknown (13)
13:08:00  ✅ Reconnect erfolgreich; Status wurde neu eingelesen.
13:08:01  HTTP Request: POST http://localhost:11434/api/chat "HTTP/1.1 200 OK"
13:08:01     ✅ OK
13:08:18  HTTP Request: POST http://localhost:11434/api/chat "HTTP/1.1 200 OK"
13:08:18     ✅ OK
13:08:34  HTTP Request: POST http://localhost:11434/api/chat "HTTP/1.1 200 OK"
13:08:34     ✅ OK
13:08:51  HTTP Request: POST http://localhost:11434/api/chat "HTTP/1.1 200 OK"
13:08:51     ✅ OK
13:09:00  ⚠️  WebSocket-Verbindung unterbrochen (Close-Code=1006, Grund='', Fehler=no close frame received or sent); automatischer Reconnect #53.
13:09:00  🔄 Neuer Verbindungsversuch in 2s...
13:09:01  ❌ Kamera-Fehler: Konnte kein Frame von der Kamera lesen!
13:09:02  🔄 Kamera-Stream wird neu verbunden.
13:09:02  📷 Kamera-Stream geschlossen.
13:09:02  📷 Öffne Kamera-Stream: http://10.0.0.63:3031/video
13:09:02  ✅ Kamera-Stream geöffnet.
13:09:02  ✅ Kamera-Reconnect erfolgreich (Versuch 1/3).
13:09:02  🔌 Verbinde mit Drucker: ws://10.0.0.63:3030/websocket
13:09:03  ✅ Verbunden! MainboardID: 18421c180103147000001c0000000000
13:09:03  📤 Fordere Status nach Verbindung aktiv an (Cmd 0).
13:09:03  📨 Antwort für RequestID f6b44ef0-16d2-492f-b4e1-5c9b2142caee: Cmd=0, Ack=0
13:09:03  ✅ Status nach Verbindung aktualisiert: Maschine=Printing (1), Druck=Unknown (13)
13:09:03  ✅ Reconnect erfolgreich; Status wurde neu eingelesen.
13:09:10  HTTP Request: POST http://localhost:11434/api/chat "HTTP/1.1 200 OK"
13:09:10     ⚠️  Alarmprüfung: FEHLER: STARK_VERFORMT (1 Fehler, 1/3 Bilder)
13:09:10  📸 10 Bilder für Gegencheck gespeichert: review_frames\20260808_130910_no-task
13:09:26  HTTP Request: POST http://localhost:11434/api/chat "HTTP/1.1 200 OK"
13:09:26     ⚠️  Alarmprüfung: OK (1 Fehler, 2/3 Bilder)
13:09:43  HTTP Request: POST http://localhost:11434/api/chat "HTTP/1.1 200 OK"
13:09:43     ⚠️  Alarmprüfung: OK (1 Fehler, 3/3 Bilder)
13:10:01  HTTP Request: POST http://localhost:11434/api/chat "HTTP/1.1 200 OK"
13:10:01  📸 4 Bilder für Gegencheck gespeichert: review_frames\20260808_131001_ee975dbc-6d32-4e55-8cc4-05df19274ef6
13:10:01  🔄 Monitorzustand: MONITORING -> PAUSING
13:10:01  📤 Sende Cmd 129 an sdcp/request/18421c180103147000001c0000000000
13:10:01  📨 Antwort für RequestID 931cb7af-a7b3-408c-a59c-2a699a72243b: Cmd=129, Ack=0
13:10:01  📤 Sende Cmd 0 an sdcp/request/18421c180103147000001c0000000000
13:10:01  📨 Antwort für RequestID 3ea4ec8e-1ada-46b1-90e0-f6ee0065452f: Cmd=0, Ack=0
13:10:01  📡 Status geändert: Maschine Printing (1), Druck Pausing (5)
13:10:01  ✅ Druck pausiert bestätigt (Druck=5).
13:10:01  🔄 Monitorzustand: PAUSING -> PAUSED
13:10:01  ⏸️  DRUCK PAUSIERT!
13:10:03  HTTP Request: POST http://localhost:11434/api/generate "HTTP/1.1 200 OK"
13:10:03  🧠 Ollama-Modell aus VRAM entladen: qwen2.5vl:7b
13:10:03  📸 10 Bilder für Gegencheck gespeichert: review_frames\20260808_131001_ee975dbc-6d32-4e55-8cc4-05df19274ef6
13:10:03  🛑 PrintGuard beendet. Bitte Druck manuell prüfen!
13:10:03  Laufzusammenfassung: Dauer=0:57:53.724966, Checks=198, OK=192, Fehler=6, UNKNOWN=0, Kamera=40, Reconnects=53, Verbindungsabbrüche=53, Pauseversuche=1, Endzustand=PAUSED
13:10:05  HTTP Request: POST http://localhost:11434/api/generate "HTTP/1.1 200 OK"
13:10:05  🧠 Ollama-Modell aus VRAM entladen: qwen2.5vl:7b
13:10:05  📷 Kamera-Stream geschlossen.
13:10:05  🏁 PrintGuard beendet.
13:21:32  ============================================================
13:21:32  🛡️  PrintGuard - 3D-Druck-Fehlererkennung
13:21:32  ============================================================
13:21:32  ⚙️  Modus: LIVE
13:21:32  🧠 Lade Ollama-Modell für Startprüfung: qwen2.5vl:7b
13:21:44  HTTP Request: POST http://localhost:11434/api/generate "HTTP/1.1 200 OK"
13:21:44  ✅ Ollama-Modell geladen und bereit: qwen2.5vl:7b
13:21:44  🔌 Verbinde mit Drucker: ws://10.0.0.63:3030/websocket
13:21:44  📡 Status geändert: Maschine Printing (1), Druck Unknown (13)
13:21:44  ✅ Verbunden! MainboardID: 18421c180103147000001c0000000000
13:21:44  📤 Fordere Status nach Verbindung aktiv an (Cmd 0).
13:21:44  📨 Antwort für RequestID 8e7069d1-05dc-40c2-ac06-e6564e209e3e: Cmd=0, Ack=0
13:21:44  ✅ Status nach Verbindung aktualisiert: Maschine=Printing (1), Druck=Unknown (13)
13:21:44  🔄 Monitorzustand: STARTING -> MONITORING
13:21:44  📷 Öffne Kamera-Stream: http://10.0.0.63:3031/video
13:21:45  ✅ Kamera-Stream geöffnet.
13:22:02  HTTP Request: POST http://localhost:11434/api/chat "HTTP/1.1 200 OK"
13:22:02     ✅ OK
13:22:15  HTTP Request: POST http://localhost:11434/api/chat "HTTP/1.1 200 OK"
13:22:15     ✅ OK
13:22:30  HTTP Request: POST http://localhost:11434/api/chat "HTTP/1.1 200 OK"
13:22:30     ✅ OK
13:22:40  ❌ Kamera-Fehler: Konnte kein Frame von der Kamera lesen!
13:22:41  🔄 Kamera-Stream wird neu verbunden.
13:22:41  📷 Kamera-Stream geschlossen.
13:22:41  📷 Öffne Kamera-Stream: http://10.0.0.63:3031/video
13:22:41  ✅ Kamera-Stream geöffnet.
13:22:41  ✅ Kamera-Reconnect erfolgreich (Versuch 1/3).
13:22:44  HTTP Request: POST http://localhost:11434/api/chat "HTTP/1.1 200 OK"
13:22:44     ✅ OK
13:22:45  ⚠️  WebSocket-Verbindung unterbrochen (Close-Code=1006, Grund='', Fehler=no close frame received or sent); automatischer Reconnect #1.
13:22:45  🔄 Neuer Verbindungsversuch in 2s...
13:22:47  🔌 Verbinde mit Drucker: ws://10.0.0.63:3030/websocket
13:22:48  ✅ Verbunden! MainboardID: 18421c180103147000001c0000000000
13:22:48  📤 Fordere Status nach Verbindung aktiv an (Cmd 0).
13:22:48  📨 Antwort für RequestID ad90b148-9787-4bd2-b24b-778896df5a23: Cmd=0, Ack=0
13:22:48  ✅ Status nach Verbindung aktualisiert: Maschine=Printing (1), Druck=Unknown (13)
13:22:48  ✅ Reconnect erfolgreich; Status wurde neu eingelesen.
13:23:01  HTTP Request: POST http://localhost:11434/api/chat "HTTP/1.1 200 OK"
13:23:01     ✅ OK
13:23:18  HTTP Request: POST http://localhost:11434/api/chat "HTTP/1.1 200 OK"
13:23:18     ✅ OK
13:23:35  HTTP Request: POST http://localhost:11434/api/chat "HTTP/1.1 200 OK"
13:23:35     ✅ OK
13:23:49  ⚠️  WebSocket-Verbindung unterbrochen (Close-Code=1006, Grund='', Fehler=no close frame received or sent); automatischer Reconnect #2.
13:23:49  🔄 Neuer Verbindungsversuch in 2s...
13:23:51  🔌 Verbinde mit Drucker: ws://10.0.0.63:3030/websocket
13:23:51  HTTP Request: POST http://localhost:11434/api/chat "HTTP/1.1 200 OK"
13:23:51     ✅ OK
13:23:53  ✅ Verbunden! MainboardID: 18421c180103147000001c0000000000
13:23:53  📤 Fordere Status nach Verbindung aktiv an (Cmd 0).
13:23:53  📨 Antwort für RequestID f24be096-0d7b-433b-ba5e-f86e24175c79: Cmd=0, Ack=0
13:23:53  ✅ Status nach Verbindung aktualisiert: Maschine=Printing (1), Druck=Unknown (13)
13:23:53  ✅ Reconnect erfolgreich; Status wurde neu eingelesen.
13:24:01  ❌ Kamera-Fehler: Konnte kein Frame von der Kamera lesen!
13:24:03  🔄 Kamera-Stream wird neu verbunden.
13:24:03  📷 Kamera-Stream geschlossen.
13:24:03  📷 Öffne Kamera-Stream: http://10.0.0.63:3031/video
13:24:03  ✅ Kamera-Stream geöffnet.
13:24:03  ✅ Kamera-Reconnect erfolgreich (Versuch 1/3).
13:24:10  HTTP Request: POST http://localhost:11434/api/chat "HTTP/1.1 200 OK"
13:24:10     ✅ OK
13:24:27  HTTP Request: POST http://localhost:11434/api/chat "HTTP/1.1 200 OK"
13:24:27     ✅ OK
13:24:43  HTTP Request: POST http://localhost:11434/api/chat "HTTP/1.1 200 OK"
13:24:43     ✅ OK
13:24:54  ⚠️  WebSocket-Verbindung unterbrochen (Close-Code=1006, Grund='', Fehler=no close frame received or sent); automatischer Reconnect #3.
13:24:54  🔄 Neuer Verbindungsversuch in 2s...
13:24:56  🔌 Verbinde mit Drucker: ws://10.0.0.63:3030/websocket
13:24:57  ✅ Verbunden! MainboardID: 18421c180103147000001c0000000000
13:24:57  📤 Fordere Status nach Verbindung aktiv an (Cmd 0).
13:24:57  📨 Antwort für RequestID 5ee4c3d4-7f67-4dbf-9559-5c42963ff8f8: Cmd=0, Ack=0
13:24:57  ✅ Status nach Verbindung aktualisiert: Maschine=Printing (1), Druck=Unknown (13)
13:24:57  ✅ Reconnect erfolgreich; Status wurde neu eingelesen.
13:25:00  HTTP Request: POST http://localhost:11434/api/chat "HTTP/1.1 200 OK"
13:25:00     ✅ OK
13:25:17  HTTP Request: POST http://localhost:11434/api/chat "HTTP/1.1 200 OK"
13:25:17     ✅ OK
13:25:27  ❌ Kamera-Fehler: Konnte kein Frame von der Kamera lesen!
13:25:28  🔄 Kamera-Stream wird neu verbunden.
13:25:28  📷 Kamera-Stream geschlossen.
13:25:28  📷 Öffne Kamera-Stream: http://10.0.0.63:3031/video
13:25:28  ✅ Kamera-Stream geöffnet.
13:25:29  ✅ Kamera-Reconnect erfolgreich (Versuch 1/3).
13:25:35  HTTP Request: POST http://localhost:11434/api/chat "HTTP/1.1 200 OK"
13:25:35     ✅ OK
13:25:52  HTTP Request: POST http://localhost:11434/api/chat "HTTP/1.1 200 OK"
13:25:52     ✅ OK
13:25:58  ⚠️  WebSocket-Verbindung unterbrochen (Close-Code=1006, Grund='', Fehler=no close frame received or sent); automatischer Reconnect #4.
13:25:58  🔄 Neuer Verbindungsversuch in 2s...
13:26:00  🔌 Verbinde mit Drucker: ws://10.0.0.63:3030/websocket
13:26:01  ✅ Verbunden! MainboardID: 18421c180103147000001c0000000000
13:26:01  📤 Fordere Status nach Verbindung aktiv an (Cmd 0).
13:26:01  📨 Antwort für RequestID 1e3ec48b-aa5d-48f7-ac0e-82b9be5087e7: Cmd=0, Ack=0
13:26:01  ✅ Status nach Verbindung aktualisiert: Maschine=Printing (1), Druck=Unknown (13)
13:26:01  ✅ Reconnect erfolgreich; Status wurde neu eingelesen.
13:26:09  HTTP Request: POST http://localhost:11434/api/chat "HTTP/1.1 200 OK"
13:26:09     ✅ OK
13:26:26  HTTP Request: POST http://localhost:11434/api/chat "HTTP/1.1 200 OK"
13:26:26     ✅ OK
13:26:43  HTTP Request: POST http://localhost:11434/api/chat "HTTP/1.1 200 OK"
13:26:43     ✅ OK
13:26:53  ❌ Kamera-Fehler: Konnte kein Frame von der Kamera lesen!
13:26:54  🔄 Kamera-Stream wird neu verbunden.
13:26:54  📷 Kamera-Stream geschlossen.
13:26:54  📷 Öffne Kamera-Stream: http://10.0.0.63:3031/video
13:26:54  ✅ Kamera-Stream geöffnet.
13:26:54  ✅ Kamera-Reconnect erfolgreich (Versuch 1/3).
13:27:01  HTTP Request: POST http://localhost:11434/api/chat "HTTP/1.1 200 OK"
13:27:01     ✅ OK
13:27:02  ⚠️  WebSocket-Verbindung unterbrochen (Close-Code=1006, Grund='', Fehler=no close frame received or sent); automatischer Reconnect #5.
13:27:02  🔄 Neuer Verbindungsversuch in 2s...
13:27:04  🔌 Verbinde mit Drucker: ws://10.0.0.63:3030/websocket
13:27:05  ✅ Verbunden! MainboardID: 18421c180103147000001c0000000000
13:27:05  📤 Fordere Status nach Verbindung aktiv an (Cmd 0).
13:27:05  📨 Antwort für RequestID 4217a1ae-0b03-4879-bef6-4afcb05f8a4d: Cmd=0, Ack=0
13:27:05  ✅ Status nach Verbindung aktualisiert: Maschine=Printing (1), Druck=Unknown (13)
13:27:05  ✅ Reconnect erfolgreich; Status wurde neu eingelesen.
13:27:18  HTTP Request: POST http://localhost:11434/api/chat "HTTP/1.1 200 OK"
13:27:18     ✅ OK
13:27:35  HTTP Request: POST http://localhost:11434/api/chat "HTTP/1.1 200 OK"
13:27:35     ✅ OK
13:27:52  HTTP Request: POST http://localhost:11434/api/chat "HTTP/1.1 200 OK"
13:27:52     ✅ OK
13:28:06  ⚠️  WebSocket-Verbindung unterbrochen (Close-Code=1006, Grund='', Fehler=no close frame received or sent); automatischer Reconnect #6.
13:28:06  🔄 Neuer Verbindungsversuch in 2s...
13:28:08  🔌 Verbinde mit Drucker: ws://10.0.0.63:3030/websocket
13:28:09  HTTP Request: POST http://localhost:11434/api/chat "HTTP/1.1 200 OK"
13:28:09     ✅ OK
13:28:09  ✅ Verbunden! MainboardID: 18421c180103147000001c0000000000
13:28:09  📤 Fordere Status nach Verbindung aktiv an (Cmd 0).
13:28:09  📨 Antwort für RequestID 6d3b4ccc-8156-432f-a617-af6de8c37178: Cmd=0, Ack=0
13:28:09  ✅ Status nach Verbindung aktualisiert: Maschine=Printing (1), Druck=Unknown (13)
13:28:09  ✅ Reconnect erfolgreich; Status wurde neu eingelesen.
13:28:26  HTTP Request: POST http://localhost:11434/api/chat "HTTP/1.1 200 OK"
13:28:26     ✅ OK
13:28:36  ❌ Kamera-Fehler: Konnte kein Frame von der Kamera lesen!
13:28:37  🔄 Kamera-Stream wird neu verbunden.
13:28:37  📷 Kamera-Stream geschlossen.
13:28:37  📷 Öffne Kamera-Stream: http://10.0.0.63:3031/video
13:28:37  ✅ Kamera-Stream geöffnet.
13:28:37  ✅ Kamera-Reconnect erfolgreich (Versuch 1/3).
13:28:44  HTTP Request: POST http://localhost:11434/api/chat "HTTP/1.1 200 OK"
13:28:44     ✅ OK
13:29:01  HTTP Request: POST http://localhost:11434/api/chat "HTTP/1.1 200 OK"
13:29:01     ✅ OK
13:29:10  ⚠️  WebSocket-Verbindung unterbrochen (Close-Code=1006, Grund='', Fehler=no close frame received or sent); automatischer Reconnect #7.
13:29:10  🔄 Neuer Verbindungsversuch in 2s...
13:29:12  🔌 Verbinde mit Drucker: ws://10.0.0.63:3030/websocket
13:29:13  ✅ Verbunden! MainboardID: 18421c180103147000001c0000000000
13:29:13  📤 Fordere Status nach Verbindung aktiv an (Cmd 0).
13:29:13  📨 Antwort für RequestID ac06b4a2-4d0f-4306-967f-46d8897301c3: Cmd=0, Ack=0
13:29:13  ✅ Status nach Verbindung aktualisiert: Maschine=Printing (1), Druck=Unknown (13)
13:29:13  ✅ Reconnect erfolgreich; Status wurde neu eingelesen.
13:29:18  HTTP Request: POST http://localhost:11434/api/chat "HTTP/1.1 200 OK"
13:29:18     ✅ OK
13:29:35  HTTP Request: POST http://localhost:11434/api/chat "HTTP/1.1 200 OK"
13:29:35     ✅ OK
13:29:56  HTTP Request: POST http://localhost:11434/api/chat "HTTP/1.1 200 OK"
13:29:56     ✅ OK
13:30:06  ❌ Kamera-Fehler: Konnte kein Frame von der Kamera lesen!
13:30:07  🔄 Kamera-Stream wird neu verbunden.
13:30:07  📷 Kamera-Stream geschlossen.
13:30:07  📷 Öffne Kamera-Stream: http://10.0.0.63:3031/video
13:30:07  ✅ Kamera-Stream geöffnet.
13:30:07  ✅ Kamera-Reconnect erfolgreich (Versuch 1/3).
13:30:14  ⚠️  WebSocket-Verbindung unterbrochen (Close-Code=1006, Grund='', Fehler=no close frame received or sent); automatischer Reconnect #8.
13:30:14  🔄 Neuer Verbindungsversuch in 2s...
13:30:16  🔌 Verbinde mit Drucker: ws://10.0.0.63:3030/websocket
13:30:17  ✅ Verbunden! MainboardID: 18421c180103147000001c0000000000
13:30:17  📤 Fordere Status nach Verbindung aktiv an (Cmd 0).
13:30:18  📨 Antwort für RequestID 8e3d2a06-efbc-4c3c-9e37-ec4c9b804ade: Cmd=0, Ack=0
13:30:18  ✅ Status nach Verbindung aktualisiert: Maschine=Printing (1), Druck=Unknown (13)
13:30:18  ✅ Reconnect erfolgreich; Status wurde neu eingelesen.
13:30:18  HTTP Request: POST http://localhost:11434/api/chat "HTTP/1.1 200 OK"
13:30:18     ✅ OK
13:30:38  HTTP Request: POST http://localhost:11434/api/chat "HTTP/1.1 200 OK"
13:30:38     ✅ OK
13:30:59  HTTP Request: POST http://localhost:11434/api/chat "HTTP/1.1 200 OK"
13:30:59     ✅ OK
13:31:18  ⚠️  WebSocket-Verbindung unterbrochen (Close-Code=1006, Grund='', Fehler=no close frame received or sent); automatischer Reconnect #9.
13:31:18  🔄 Neuer Verbindungsversuch in 2s...
13:31:20  HTTP Request: POST http://localhost:11434/api/chat "HTTP/1.1 200 OK"
13:31:20     ✅ OK
13:31:20  🔌 Verbinde mit Drucker: ws://10.0.0.63:3030/websocket
13:31:22  ✅ Verbunden! MainboardID: 18421c180103147000001c0000000000
13:31:22  📤 Fordere Status nach Verbindung aktiv an (Cmd 0).
13:31:22  📨 Antwort für RequestID 522f3c47-7c5f-4e25-836e-1775a08da843: Cmd=0, Ack=0
13:31:22  ✅ Status nach Verbindung aktualisiert: Maschine=Printing (1), Druck=Unknown (13)
13:31:22  ✅ Reconnect erfolgreich; Status wurde neu eingelesen.
13:31:41  HTTP Request: POST http://localhost:11434/api/chat "HTTP/1.1 200 OK"
13:31:41     ✅ OK
13:31:51  ❌ Kamera-Fehler: Konnte kein Frame von der Kamera lesen!
13:31:52  🔄 Kamera-Stream wird neu verbunden.
13:31:52  📷 Kamera-Stream geschlossen.
13:31:52  📷 Öffne Kamera-Stream: http://10.0.0.63:3031/video
13:31:52  ✅ Kamera-Stream geöffnet.
13:31:52  ✅ Kamera-Reconnect erfolgreich (Versuch 1/3).
13:32:03  HTTP Request: POST http://localhost:11434/api/chat "HTTP/1.1 200 OK"
13:32:03     ✅ OK
13:32:23  ⚠️  WebSocket-Verbindung unterbrochen (Close-Code=1006, Grund='', Fehler=no close frame received or sent); automatischer Reconnect #10.
13:32:23  🔄 Neuer Verbindungsversuch in 2s...
13:32:23  HTTP Request: POST http://localhost:11434/api/chat "HTTP/1.1 200 OK"
13:32:23     ✅ OK
13:32:25  🔌 Verbinde mit Drucker: ws://10.0.0.63:3030/websocket
13:32:25  ✅ Verbunden! MainboardID: 18421c180103147000001c0000000000
13:32:25  📤 Fordere Status nach Verbindung aktiv an (Cmd 0).
13:32:25  📨 Antwort für RequestID 8a0bc831-a5e9-467e-90c0-6b00dcf3ee8f: Cmd=0, Ack=0
13:32:25  ✅ Status nach Verbindung aktualisiert: Maschine=Printing (1), Druck=Unknown (13)
13:32:25  ✅ Reconnect erfolgreich; Status wurde neu eingelesen.
13:32:44  HTTP Request: POST http://localhost:11434/api/chat "HTTP/1.1 200 OK"
13:32:44     ✅ OK
13:33:04  HTTP Request: POST http://localhost:11434/api/chat "HTTP/1.1 200 OK"
13:33:04     ✅ OK
13:33:25  HTTP Request: POST http://localhost:11434/api/chat "HTTP/1.1 200 OK"
13:33:25     ✅ OK
13:33:26  ⚠️  WebSocket-Verbindung unterbrochen (Close-Code=1006, Grund='', Fehler=no close frame received or sent); automatischer Reconnect #11.
13:33:26  🔄 Neuer Verbindungsversuch in 2s...
13:33:28  🔌 Verbinde mit Drucker: ws://10.0.0.63:3030/websocket
13:33:30  ✅ Verbunden! MainboardID: 18421c180103147000001c0000000000
13:33:30  📤 Fordere Status nach Verbindung aktiv an (Cmd 0).
13:33:30  📨 Antwort für RequestID 6772d863-dde8-408c-b60e-eb577fcee75e: Cmd=0, Ack=0
13:33:30  ✅ Status nach Verbindung aktualisiert: Maschine=Printing (1), Druck=Unknown (13)
13:33:30  ✅ Reconnect erfolgreich; Status wurde neu eingelesen.
13:33:45  HTTP Request: POST http://localhost:11434/api/chat "HTTP/1.1 200 OK"
13:33:45     ✅ OK
13:34:06  HTTP Request: POST http://localhost:11434/api/chat "HTTP/1.1 200 OK"
13:34:06     ✅ OK
13:34:16  ❌ Kamera-Fehler: Konnte kein Frame von der Kamera lesen!
13:34:17  🔄 Kamera-Stream wird neu verbunden.
13:34:17  📷 Kamera-Stream geschlossen.
13:34:17  📷 Öffne Kamera-Stream: http://10.0.0.63:3031/video
13:34:17  ✅ Kamera-Stream geöffnet.
13:34:17  ✅ Kamera-Reconnect erfolgreich (Versuch 1/3).
13:34:27  HTTP Request: POST http://localhost:11434/api/chat "HTTP/1.1 200 OK"
13:34:27     ✅ OK
13:34:31  ⚠️  WebSocket-Verbindung unterbrochen (Close-Code=1006, Grund='', Fehler=no close frame received or sent); automatischer Reconnect #12.
13:34:31  🔄 Neuer Verbindungsversuch in 2s...
13:34:33  🔌 Verbinde mit Drucker: ws://10.0.0.63:3030/websocket
13:34:35  ✅ Verbunden! MainboardID: 18421c180103147000001c0000000000
13:34:35  📤 Fordere Status nach Verbindung aktiv an (Cmd 0).
13:34:35  📨 Antwort für RequestID debd2053-e3a7-48b3-8056-aa06a743440a: Cmd=0, Ack=0
13:34:35  ✅ Status nach Verbindung aktualisiert: Maschine=Printing (1), Druck=Unknown (13)
13:34:35  ✅ Reconnect erfolgreich; Status wurde neu eingelesen.
13:34:48  HTTP Request: POST http://localhost:11434/api/chat "HTTP/1.1 200 OK"
13:34:48     ✅ OK
13:35:08  HTTP Request: POST http://localhost:11434/api/chat "HTTP/1.1 200 OK"
13:35:08     ✅ OK
13:35:29  HTTP Request: POST http://localhost:11434/api/chat "HTTP/1.1 200 OK"
13:35:29     ✅ OK
13:35:36  ⚠️  WebSocket-Verbindung unterbrochen (Close-Code=1006, Grund='', Fehler=no close frame received or sent); automatischer Reconnect #13.
13:35:36  🔄 Neuer Verbindungsversuch in 2s...
13:35:38  🔌 Verbinde mit Drucker: ws://10.0.0.63:3030/websocket
13:35:39  ✅ Verbunden! MainboardID: 18421c180103147000001c0000000000
13:35:39  📤 Fordere Status nach Verbindung aktiv an (Cmd 0).
13:35:39  📨 Antwort für RequestID d0c1bd23-e83a-49b3-b64f-823635a1dd24: Cmd=0, Ack=0
13:35:39  ✅ Status nach Verbindung aktualisiert: Maschine=Printing (1), Druck=Unknown (13)
13:35:39  ✅ Reconnect erfolgreich; Status wurde neu eingelesen.
13:35:49  HTTP Request: POST http://localhost:11434/api/chat "HTTP/1.1 200 OK"
13:35:49     ✅ OK
13:36:10  HTTP Request: POST http://localhost:11434/api/chat "HTTP/1.1 200 OK"
13:36:10     ✅ OK
13:36:20  ❌ Kamera-Fehler: Konnte kein Frame von der Kamera lesen!
13:36:21  🔄 Kamera-Stream wird neu verbunden.
13:36:21  📷 Kamera-Stream geschlossen.
13:36:21  📷 Öffne Kamera-Stream: http://10.0.0.63:3031/video
13:36:21  ✅ Kamera-Stream geöffnet.
13:36:21  ✅ Kamera-Reconnect erfolgreich (Versuch 1/3).
13:36:32  HTTP Request: POST http://localhost:11434/api/chat "HTTP/1.1 200 OK"
13:36:32     ✅ OK
13:36:40  ⚠️  WebSocket-Verbindung unterbrochen (Close-Code=1006, Grund='', Fehler=no close frame received or sent); automatischer Reconnect #14.
13:36:40  🔄 Neuer Verbindungsversuch in 2s...
13:36:42  🔌 Verbinde mit Drucker: ws://10.0.0.63:3030/websocket
13:36:43  ✅ Verbunden! MainboardID: 18421c180103147000001c0000000000
13:36:43  📤 Fordere Status nach Verbindung aktiv an (Cmd 0).
13:36:43  📨 Antwort für RequestID 14482493-621d-4cd5-97a3-6d7b0ebc39ed: Cmd=0, Ack=0
13:36:43  ✅ Status nach Verbindung aktualisiert: Maschine=Printing (1), Druck=Unknown (13)
13:36:43  ✅ Reconnect erfolgreich; Status wurde neu eingelesen.
13:36:52  HTTP Request: POST http://localhost:11434/api/chat "HTTP/1.1 200 OK"
13:36:52     ✅ OK
13:37:12  HTTP Request: POST http://localhost:11434/api/chat "HTTP/1.1 200 OK"
13:37:12     ✅ OK
13:37:31  HTTP Request: POST http://localhost:11434/api/chat "HTTP/1.1 200 OK"
13:37:31     ✅ OK
13:37:44  ⚠️  WebSocket-Verbindung unterbrochen (Close-Code=1006, Grund='', Fehler=no close frame received or sent); automatischer Reconnect #15.
13:37:44  🔄 Neuer Verbindungsversuch in 2s...
13:37:46  🔌 Verbinde mit Drucker: ws://10.0.0.63:3030/websocket
13:37:47  ✅ Verbunden! MainboardID: 18421c180103147000001c0000000000
13:37:47  📤 Fordere Status nach Verbindung aktiv an (Cmd 0).
13:37:47  📨 Antwort für RequestID 606a314b-53be-4432-96e1-3dbbd713d885: Cmd=0, Ack=0
13:37:47  ✅ Status nach Verbindung aktualisiert: Maschine=Printing (1), Druck=Unknown (13)
13:37:47  ✅ Reconnect erfolgreich; Status wurde neu eingelesen.
13:37:51  HTTP Request: POST http://localhost:11434/api/chat "HTTP/1.1 200 OK"
13:37:51     ✅ OK
13:38:11  HTTP Request: POST http://localhost:11434/api/chat "HTTP/1.1 200 OK"
13:38:11     ✅ OK
13:38:31  HTTP Request: POST http://localhost:11434/api/chat "HTTP/1.1 200 OK"
13:38:31     ✅ OK
13:38:48  ⚠️  WebSocket-Verbindung unterbrochen (Close-Code=1006, Grund='', Fehler=no close frame received or sent); automatischer Reconnect #16.
13:38:48  🔄 Neuer Verbindungsversuch in 2s...
13:38:50  🔌 Verbinde mit Drucker: ws://10.0.0.63:3030/websocket
13:38:51  HTTP Request: POST http://localhost:11434/api/chat "HTTP/1.1 200 OK"
13:38:51     ✅ OK
13:38:51  ✅ Verbunden! MainboardID: 18421c180103147000001c0000000000
13:38:51  📤 Fordere Status nach Verbindung aktiv an (Cmd 0).
13:38:51  📨 Antwort für RequestID c5ca0c42-54ba-4b2f-acf8-560c252ec9eb: Cmd=0, Ack=0
13:38:52  ✅ Status nach Verbindung aktualisiert: Maschine=Printing (1), Druck=Unknown (13)
13:38:52  ✅ Reconnect erfolgreich; Status wurde neu eingelesen.
13:39:01  ❌ Kamera-Fehler: Konnte kein Frame von der Kamera lesen!
13:39:02  🔄 Kamera-Stream wird neu verbunden.
13:39:02  📷 Kamera-Stream geschlossen.
13:39:02  📷 Öffne Kamera-Stream: http://10.0.0.63:3031/video
13:39:02  ✅ Kamera-Stream geöffnet.
13:39:02  ✅ Kamera-Reconnect erfolgreich (Versuch 1/3).
13:39:12  HTTP Request: POST http://localhost:11434/api/chat "HTTP/1.1 200 OK"
13:39:12     ✅ OK
13:39:32  HTTP Request: POST http://localhost:11434/api/chat "HTTP/1.1 200 OK"
13:39:32     ✅ OK
13:39:52  HTTP Request: POST http://localhost:11434/api/chat "HTTP/1.1 200 OK"
13:39:52     ✅ OK
13:39:52  ⚠️  WebSocket-Verbindung unterbrochen (Close-Code=1006, Grund='', Fehler=no close frame received or sent); automatischer Reconnect #17.
13:39:52  🔄 Neuer Verbindungsversuch in 2s...
13:39:54  🔌 Verbinde mit Drucker: ws://10.0.0.63:3030/websocket
13:39:56  ✅ Verbunden! MainboardID: 18421c180103147000001c0000000000
13:39:56  📤 Fordere Status nach Verbindung aktiv an (Cmd 0).
13:39:56  📨 Antwort für RequestID 672b06cc-b8b0-4ec0-9a51-90356d23e8aa: Cmd=0, Ack=0
13:39:56  ✅ Status nach Verbindung aktualisiert: Maschine=Printing (1), Druck=Unknown (13)
13:39:56  ✅ Reconnect erfolgreich; Status wurde neu eingelesen.
13:40:12  HTTP Request: POST http://localhost:11434/api/chat "HTTP/1.1 200 OK"
13:40:12     ✅ OK
13:40:22  ❌ Kamera-Fehler: Konnte kein Frame von der Kamera lesen!
13:40:23  🔄 Kamera-Stream wird neu verbunden.
13:40:23  📷 Kamera-Stream geschlossen.
13:40:23  📷 Öffne Kamera-Stream: http://10.0.0.63:3031/video
13:40:23  ✅ Kamera-Stream geöffnet.
13:40:24  ✅ Kamera-Reconnect erfolgreich (Versuch 1/3).
13:40:33  HTTP Request: POST http://localhost:11434/api/chat "HTTP/1.1 200 OK"
13:40:33     ✅ OK
13:40:53  HTTP Request: POST http://localhost:11434/api/chat "HTTP/1.1 200 OK"
13:40:53     ✅ OK
13:40:57  ⚠️  WebSocket-Verbindung unterbrochen (Close-Code=1006, Grund='', Fehler=no close frame received or sent); automatischer Reconnect #18.
13:40:57  🔄 Neuer Verbindungsversuch in 2s...
13:40:59  🔌 Verbinde mit Drucker: ws://10.0.0.63:3030/websocket
13:41:00  ✅ Verbunden! MainboardID: 18421c180103147000001c0000000000
13:41:00  📤 Fordere Status nach Verbindung aktiv an (Cmd 0).
13:41:00  📨 Antwort für RequestID d01a789b-0067-4588-a376-3595d4d73a13: Cmd=0, Ack=0
13:41:00  ✅ Status nach Verbindung aktualisiert: Maschine=Printing (1), Druck=Unknown (13)
13:41:00  ✅ Reconnect erfolgreich; Status wurde neu eingelesen.
13:41:13  HTTP Request: POST http://localhost:11434/api/chat "HTTP/1.1 200 OK"
13:41:13     ✅ OK
13:41:33  HTTP Request: POST http://localhost:11434/api/chat "HTTP/1.1 200 OK"
13:41:33     ✅ OK
13:41:52  HTTP Request: POST http://localhost:11434/api/chat "HTTP/1.1 200 OK"
13:41:52     ✅ OK
13:42:01  ⚠️  WebSocket-Verbindung unterbrochen (Close-Code=1006, Grund='', Fehler=no close frame received or sent); automatischer Reconnect #19.
13:42:01  🔄 Neuer Verbindungsversuch in 2s...
13:42:02  ❌ Kamera-Fehler: Konnte kein Frame von der Kamera lesen!
13:42:03  🔌 Verbinde mit Drucker: ws://10.0.0.63:3030/websocket
13:42:03  🔄 Kamera-Stream wird neu verbunden.
13:42:03  📷 Kamera-Stream geschlossen.
13:42:03  📷 Öffne Kamera-Stream: http://10.0.0.63:3031/video
13:42:03  ✅ Kamera-Stream geöffnet.
13:42:04  ✅ Kamera-Reconnect erfolgreich (Versuch 1/3).
13:42:04  ✅ Verbunden! MainboardID: 18421c180103147000001c0000000000
13:42:04  📤 Fordere Status nach Verbindung aktiv an (Cmd 0).
13:42:04  📨 Antwort für RequestID 549ac6f3-bd9d-46e6-9b98-d90db69a9e5c: Cmd=0, Ack=0
13:42:04  ✅ Status nach Verbindung aktualisiert: Maschine=Printing (1), Druck=Unknown (13)
13:42:04  ✅ Reconnect erfolgreich; Status wurde neu eingelesen.
13:42:14  HTTP Request: POST http://localhost:11434/api/chat "HTTP/1.1 200 OK"
13:42:14     ✅ OK
13:42:33  HTTP Request: POST http://localhost:11434/api/chat "HTTP/1.1 200 OK"
13:42:33     ✅ OK
13:42:53  HTTP Request: POST http://localhost:11434/api/chat "HTTP/1.1 200 OK"
13:42:53     ✅ OK
13:43:05  ⚠️  WebSocket-Verbindung unterbrochen (Close-Code=1006, Grund='', Fehler=no close frame received or sent); automatischer Reconnect #20.
13:43:05  🔄 Neuer Verbindungsversuch in 2s...
13:43:07  🔌 Verbinde mit Drucker: ws://10.0.0.63:3030/websocket
13:43:08  ✅ Verbunden! MainboardID: 18421c180103147000001c0000000000
13:43:08  📤 Fordere Status nach Verbindung aktiv an (Cmd 0).
13:43:08  📨 Antwort für RequestID 12d88313-8028-46a8-bd49-fae1fa88383e: Cmd=0, Ack=0
13:43:08  ✅ Status nach Verbindung aktualisiert: Maschine=Printing (1), Druck=Unknown (13)
13:43:08  ✅ Reconnect erfolgreich; Status wurde neu eingelesen.
13:43:13  HTTP Request: POST http://localhost:11434/api/chat "HTTP/1.1 200 OK"
13:43:13     ✅ OK
13:43:32  HTTP Request: POST http://localhost:11434/api/chat "HTTP/1.1 200 OK"
13:43:32     ✅ OK
13:43:42  ❌ Kamera-Fehler: Konnte kein Frame von der Kamera lesen!
13:43:43  🔄 Kamera-Stream wird neu verbunden.
13:43:43  📷 Kamera-Stream geschlossen.
13:43:43  📷 Öffne Kamera-Stream: http://10.0.0.63:3031/video
13:43:43  ✅ Kamera-Stream geöffnet.
13:43:44  ✅ Kamera-Reconnect erfolgreich (Versuch 1/3).
13:43:53  HTTP Request: POST http://localhost:11434/api/chat "HTTP/1.1 200 OK"
13:43:53     ✅ OK
13:44:09  ⚠️  WebSocket-Verbindung unterbrochen (Close-Code=1006, Grund='', Fehler=no close frame received or sent); automatischer Reconnect #21.
13:44:09  🔄 Neuer Verbindungsversuch in 2s...
13:44:11  🔌 Verbinde mit Drucker: ws://10.0.0.63:3030/websocket
13:44:12  ✅ Verbunden! MainboardID: 18421c180103147000001c0000000000
13:44:12  📤 Fordere Status nach Verbindung aktiv an (Cmd 0).
13:44:13  📨 Antwort für RequestID 50bdacac-9935-447a-8ff2-16cb83604aa1: Cmd=0, Ack=0
13:44:13  ✅ Status nach Verbindung aktualisiert: Maschine=Printing (1), Druck=Unknown (13)
13:44:13  ✅ Reconnect erfolgreich; Status wurde neu eingelesen.
13:44:13  HTTP Request: POST http://localhost:11434/api/chat "HTTP/1.1 200 OK"
13:44:13     ✅ OK
13:44:33  HTTP Request: POST http://localhost:11434/api/chat "HTTP/1.1 200 OK"
13:44:33     ✅ OK
13:44:53  HTTP Request: POST http://localhost:11434/api/chat "HTTP/1.1 200 OK"
13:44:53     ✅ OK
13:45:03  ❌ Kamera-Fehler: Konnte kein Frame von der Kamera lesen!
13:45:04  🔄 Kamera-Stream wird neu verbunden.
13:45:04  📷 Kamera-Stream geschlossen.
13:45:04  📷 Öffne Kamera-Stream: http://10.0.0.63:3031/video
13:45:04  ✅ Kamera-Stream geöffnet.
13:45:04  ✅ Kamera-Reconnect erfolgreich (Versuch 1/3).
13:45:13  ⚠️  WebSocket-Verbindung unterbrochen (Close-Code=1006, Grund='', Fehler=no close frame received or sent); automatischer Reconnect #22.
13:45:13  🔄 Neuer Verbindungsversuch in 2s...
13:45:14  HTTP Request: POST http://localhost:11434/api/chat "HTTP/1.1 200 OK"
13:45:14     ✅ OK
13:45:15  🔌 Verbinde mit Drucker: ws://10.0.0.63:3030/websocket
13:45:17  ✅ Verbunden! MainboardID: 18421c180103147000001c0000000000
13:45:17  📤 Fordere Status nach Verbindung aktiv an (Cmd 0).
13:45:17  📨 Antwort für RequestID 405bc9ab-7dea-45ea-bef5-ad262c9dcbc4: Cmd=0, Ack=0
13:45:17  ✅ Status nach Verbindung aktualisiert: Maschine=Printing (1), Druck=Unknown (13)
13:45:17  ✅ Reconnect erfolgreich; Status wurde neu eingelesen.
13:45:33  HTTP Request: POST http://localhost:11434/api/chat "HTTP/1.1 200 OK"
13:45:33     ✅ OK
13:45:53  HTTP Request: POST http://localhost:11434/api/chat "HTTP/1.1 200 OK"
13:45:53     ✅ OK
13:46:13  HTTP Request: POST http://localhost:11434/api/chat "HTTP/1.1 200 OK"
13:46:13     ✅ OK
13:46:18  ⚠️  WebSocket-Verbindung unterbrochen (Close-Code=1006, Grund='', Fehler=no close frame received or sent); automatischer Reconnect #23.
13:46:18  🔄 Neuer Verbindungsversuch in 2s...
13:46:20  🔌 Verbinde mit Drucker: ws://10.0.0.63:3030/websocket
13:46:21  ✅ Verbunden! MainboardID: 18421c180103147000001c0000000000
13:46:21  📤 Fordere Status nach Verbindung aktiv an (Cmd 0).
13:46:21  📨 Antwort für RequestID d11d4f30-987c-4851-88d0-ac346f718583: Cmd=0, Ack=0
13:46:21  ✅ Status nach Verbindung aktualisiert: Maschine=Printing (1), Druck=Unknown (13)
13:46:21  ✅ Reconnect erfolgreich; Status wurde neu eingelesen.
13:46:32  HTTP Request: POST http://localhost:11434/api/chat "HTTP/1.1 200 OK"
13:46:32     ✅ OK
13:46:42  ❌ Kamera-Fehler: Konnte kein Frame von der Kamera lesen!
13:46:43  🔄 Kamera-Stream wird neu verbunden.
13:46:43  📷 Kamera-Stream geschlossen.
13:46:43  📷 Öffne Kamera-Stream: http://10.0.0.63:3031/video
13:46:44  ✅ Kamera-Stream geöffnet.
13:46:44  ✅ Kamera-Reconnect erfolgreich (Versuch 1/3).
13:46:53  HTTP Request: POST http://localhost:11434/api/chat "HTTP/1.1 200 OK"
13:46:53     ✅ OK
13:47:13  HTTP Request: POST http://localhost:11434/api/chat "HTTP/1.1 200 OK"
13:47:13     ✅ OK
13:47:22  ⚠️  WebSocket-Verbindung unterbrochen (Close-Code=1006, Grund='', Fehler=no close frame received or sent); automatischer Reconnect #24.
13:47:22  🔄 Neuer Verbindungsversuch in 2s...
13:47:24  🔌 Verbinde mit Drucker: ws://10.0.0.63:3030/websocket
13:47:25  ✅ Verbunden! MainboardID: 18421c180103147000001c0000000000
13:47:25  📤 Fordere Status nach Verbindung aktiv an (Cmd 0).
13:47:25  📨 Antwort für RequestID f857e610-0579-4e00-bfc4-7431e23a233f: Cmd=0, Ack=0
13:47:25  ✅ Status nach Verbindung aktualisiert: Maschine=Printing (1), Druck=Unknown (13)
13:47:25  ✅ Reconnect erfolgreich; Status wurde neu eingelesen.
13:47:33  HTTP Request: POST http://localhost:11434/api/chat "HTTP/1.1 200 OK"
13:47:33     ✅ OK
13:47:53  HTTP Request: POST http://localhost:11434/api/chat "HTTP/1.1 200 OK"
13:47:53     ✅ OK
13:48:12  HTTP Request: POST http://localhost:11434/api/chat "HTTP/1.1 200 OK"
13:48:12     ✅ OK
13:48:22  ❌ Kamera-Fehler: Konnte kein Frame von der Kamera lesen!
13:48:23  🔄 Kamera-Stream wird neu verbunden.
13:48:23  📷 Kamera-Stream geschlossen.
13:48:23  📷 Öffne Kamera-Stream: http://10.0.0.63:3031/video
13:48:24  ✅ Kamera-Stream geöffnet.
13:48:24  ✅ Kamera-Reconnect erfolgreich (Versuch 1/3).
13:48:26  ⚠️  WebSocket-Verbindung unterbrochen (Close-Code=1006, Grund='', Fehler=no close frame received or sent); automatischer Reconnect #25.
13:48:26  🔄 Neuer Verbindungsversuch in 2s...
13:48:28  🔌 Verbinde mit Drucker: ws://10.0.0.63:3030/websocket
13:48:29  ✅ Verbunden! MainboardID: 18421c180103147000001c0000000000
13:48:29  📤 Fordere Status nach Verbindung aktiv an (Cmd 0).
13:48:29  📨 Antwort für RequestID b502ec94-8131-42e0-b4a0-4c513e7e6512: Cmd=0, Ack=0
13:48:29  ✅ Status nach Verbindung aktualisiert: Maschine=Printing (1), Druck=Unknown (13)
13:48:29  ✅ Reconnect erfolgreich; Status wurde neu eingelesen.
13:48:33  HTTP Request: POST http://localhost:11434/api/chat "HTTP/1.1 200 OK"
13:48:33     ✅ OK
13:48:53  HTTP Request: POST http://localhost:11434/api/chat "HTTP/1.1 200 OK"
13:48:53     ✅ OK
13:49:13  HTTP Request: POST http://localhost:11434/api/chat "HTTP/1.1 200 OK"
13:49:13     ✅ OK
13:49:30  ⚠️  WebSocket-Verbindung unterbrochen (Close-Code=1006, Grund='', Fehler=no close frame received or sent); automatischer Reconnect #26.
13:49:30  🔄 Neuer Verbindungsversuch in 2s...
13:49:32  🔌 Verbinde mit Drucker: ws://10.0.0.63:3030/websocket
13:49:33  HTTP Request: POST http://localhost:11434/api/chat "HTTP/1.1 200 OK"
13:49:33     ✅ OK
13:49:33  ✅ Verbunden! MainboardID: 18421c180103147000001c0000000000
13:49:33  📤 Fordere Status nach Verbindung aktiv an (Cmd 0).
13:49:33  📨 Antwort für RequestID d3b5d6ba-73b9-45a4-9235-2e35153a5505: Cmd=0, Ack=0
13:49:33  ✅ Status nach Verbindung aktualisiert: Maschine=Printing (1), Druck=Unknown (13)
13:49:33  ✅ Reconnect erfolgreich; Status wurde neu eingelesen.
13:49:43  ❌ Kamera-Fehler: Konnte kein Frame von der Kamera lesen!
13:49:44  🔄 Kamera-Stream wird neu verbunden.
13:49:44  📷 Kamera-Stream geschlossen.
13:49:44  📷 Öffne Kamera-Stream: http://10.0.0.63:3031/video
13:49:44  ✅ Kamera-Stream geöffnet.
13:49:44  ✅ Kamera-Reconnect erfolgreich (Versuch 1/3).
13:49:54  HTTP Request: POST http://localhost:11434/api/chat "HTTP/1.1 200 OK"
13:49:54     ✅ OK
13:50:14  HTTP Request: POST http://localhost:11434/api/chat "HTTP/1.1 200 OK"
13:50:14     ✅ OK
13:50:34  HTTP Request: POST http://localhost:11434/api/chat "HTTP/1.1 200 OK"
13:50:34     ✅ OK
13:50:34  ⚠️  WebSocket-Verbindung unterbrochen (Close-Code=1006, Grund='', Fehler=no close frame received or sent); automatischer Reconnect #27.
13:50:34  🔄 Neuer Verbindungsversuch in 2s...
13:50:36  🔌 Verbinde mit Drucker: ws://10.0.0.63:3030/websocket
13:50:37  ✅ Verbunden! MainboardID: 18421c180103147000001c0000000000
13:50:37  📤 Fordere Status nach Verbindung aktiv an (Cmd 0).
13:50:37  📨 Antwort für RequestID b6b479ab-d617-48c0-a100-42c9d342b39c: Cmd=0, Ack=0
13:50:37  ✅ Status nach Verbindung aktualisiert: Maschine=Printing (1), Druck=Unknown (13)
13:50:37  ✅ Reconnect erfolgreich; Status wurde neu eingelesen.
13:50:53  HTTP Request: POST http://localhost:11434/api/chat "HTTP/1.1 200 OK"
13:50:53     ✅ OK
13:51:03  ❌ Kamera-Fehler: Konnte kein Frame von der Kamera lesen!
13:51:04  🔄 Kamera-Stream wird neu verbunden.
13:51:04  📷 Kamera-Stream geschlossen.
13:51:04  📷 Öffne Kamera-Stream: http://10.0.0.63:3031/video
13:51:04  ✅ Kamera-Stream geöffnet.
13:51:05  ✅ Kamera-Reconnect erfolgreich (Versuch 1/3).
13:51:14  HTTP Request: POST http://localhost:11434/api/chat "HTTP/1.1 200 OK"
13:51:14     ✅ OK
13:51:34  HTTP Request: POST http://localhost:11434/api/chat "HTTP/1.1 200 OK"
13:51:34     ✅ OK
13:51:38  ⚠️  WebSocket-Verbindung unterbrochen (Close-Code=1006, Grund='', Fehler=no close frame received or sent); automatischer Reconnect #28.
13:51:38  🔄 Neuer Verbindungsversuch in 2s...
13:51:40  🔌 Verbinde mit Drucker: ws://10.0.0.63:3030/websocket
13:51:41  ✅ Verbunden! MainboardID: 18421c180103147000001c0000000000
13:51:41  📤 Fordere Status nach Verbindung aktiv an (Cmd 0).
13:51:41  📨 Antwort für RequestID e3e8d5c4-9cf9-466d-9000-44b3189a2ec9: Cmd=0, Ack=0
13:51:41  ✅ Status nach Verbindung aktualisiert: Maschine=Printing (1), Druck=Unknown (13)
13:51:41  ✅ Reconnect erfolgreich; Status wurde neu eingelesen.
13:51:54  HTTP Request: POST http://localhost:11434/api/chat "HTTP/1.1 200 OK"
13:51:54     ✅ OK
13:52:14  HTTP Request: POST http://localhost:11434/api/chat "HTTP/1.1 200 OK"
13:52:14     ✅ OK
13:52:24  ❌ Kamera-Fehler: Konnte kein Frame von der Kamera lesen!
13:52:25  🔄 Kamera-Stream wird neu verbunden.
13:52:25  📷 Kamera-Stream geschlossen.
13:52:25  📷 Öffne Kamera-Stream: http://10.0.0.63:3031/video
13:52:25  ✅ Kamera-Stream geöffnet.
13:52:25  ✅ Kamera-Reconnect erfolgreich (Versuch 1/3).
13:52:35  HTTP Request: POST http://localhost:11434/api/chat "HTTP/1.1 200 OK"
13:52:35     ✅ OK
13:52:42  ⚠️  WebSocket-Verbindung unterbrochen (Close-Code=1006, Grund='', Fehler=no close frame received or sent); automatischer Reconnect #29.
13:52:42  🔄 Neuer Verbindungsversuch in 2s...
13:52:44  🔌 Verbinde mit Drucker: ws://10.0.0.63:3030/websocket
13:52:45  ✅ Verbunden! MainboardID: 18421c180103147000001c0000000000
13:52:45  📤 Fordere Status nach Verbindung aktiv an (Cmd 0).
13:52:45  📨 Antwort für RequestID 80be32ae-3d02-46b0-bb16-b37411b6fe25: Cmd=0, Ack=0
13:52:45  ✅ Status nach Verbindung aktualisiert: Maschine=Printing (1), Druck=Unknown (13)
13:52:45  ✅ Reconnect erfolgreich; Status wurde neu eingelesen.
13:52:54  HTTP Request: POST http://localhost:11434/api/chat "HTTP/1.1 200 OK"
13:52:54     ✅ OK
13:53:14  HTTP Request: POST http://localhost:11434/api/chat "HTTP/1.1 200 OK"
13:53:14     ✅ OK
13:53:34  HTTP Request: POST http://localhost:11434/api/chat "HTTP/1.1 200 OK"
13:53:34     ✅ OK
13:53:44  ❌ Kamera-Fehler: Konnte kein Frame von der Kamera lesen!
13:53:45  🔄 Kamera-Stream wird neu verbunden.
13:53:45  📷 Kamera-Stream geschlossen.
13:53:45  📷 Öffne Kamera-Stream: http://10.0.0.63:3031/video
13:53:45  ✅ Kamera-Stream geöffnet.
13:53:45  ✅ Kamera-Reconnect erfolgreich (Versuch 1/3).
13:53:46  ⚠️  WebSocket-Verbindung unterbrochen (Close-Code=1006, Grund='', Fehler=no close frame received or sent); automatischer Reconnect #30.
13:53:46  🔄 Neuer Verbindungsversuch in 2s...
13:53:48  🔌 Verbinde mit Drucker: ws://10.0.0.63:3030/websocket
13:53:50  ✅ Verbunden! MainboardID: 18421c180103147000001c0000000000
13:53:50  📤 Fordere Status nach Verbindung aktiv an (Cmd 0).
13:53:50  📨 Antwort für RequestID d39ded0a-1523-4bb5-8eec-929504573467: Cmd=0, Ack=0
13:53:50  ✅ Status nach Verbindung aktualisiert: Maschine=Printing (1), Druck=Unknown (13)
13:53:50  ✅ Reconnect erfolgreich; Status wurde neu eingelesen.
13:53:55  HTTP Request: POST http://localhost:11434/api/chat "HTTP/1.1 200 OK"
13:53:55     ✅ OK
13:54:15  HTTP Request: POST http://localhost:11434/api/chat "HTTP/1.1 200 OK"
13:54:15     ✅ OK
13:54:35  HTTP Request: POST http://localhost:11434/api/chat "HTTP/1.1 200 OK"
13:54:35     ✅ OK
13:54:51  ⚠️  WebSocket-Verbindung unterbrochen (Close-Code=1006, Grund='', Fehler=no close frame received or sent); automatischer Reconnect #31.
13:54:51  🔄 Neuer Verbindungsversuch in 2s...
13:54:53  🔌 Verbinde mit Drucker: ws://10.0.0.63:3030/websocket
13:54:54  ✅ Verbunden! MainboardID: 18421c180103147000001c0000000000
13:54:54  📤 Fordere Status nach Verbindung aktiv an (Cmd 0).
13:54:54  📨 Antwort für RequestID 0f078794-a4a9-41b9-b47a-694fac728552: Cmd=0, Ack=0
13:54:54  ✅ Status nach Verbindung aktualisiert: Maschine=Printing (1), Druck=Unknown (13)
13:54:54  ✅ Reconnect erfolgreich; Status wurde neu eingelesen.
13:54:55  HTTP Request: POST http://localhost:11434/api/chat "HTTP/1.1 200 OK"
13:54:55     ✅ OK
13:55:14  HTTP Request: POST http://localhost:11434/api/chat "HTTP/1.1 200 OK"
13:55:14     ✅ OK
13:55:24  ❌ Kamera-Fehler: Konnte kein Frame von der Kamera lesen!
13:55:25  🔄 Kamera-Stream wird neu verbunden.
13:55:25  📷 Kamera-Stream geschlossen.
13:55:25  📷 Öffne Kamera-Stream: http://10.0.0.63:3031/video
13:55:26  ✅ Kamera-Stream geöffnet.
13:55:26  ✅ Kamera-Reconnect erfolgreich (Versuch 1/3).
13:55:35  HTTP Request: POST http://localhost:11434/api/chat "HTTP/1.1 200 OK"
13:55:35     ✅ OK
13:55:55  ⚠️  WebSocket-Verbindung unterbrochen (Close-Code=1006, Grund='', Fehler=no close frame received or sent); automatischer Reconnect #32.
13:55:55  🔄 Neuer Verbindungsversuch in 2s...
13:55:55  HTTP Request: POST http://localhost:11434/api/chat "HTTP/1.1 200 OK"
13:55:55     ✅ OK
13:55:57  🔌 Verbinde mit Drucker: ws://10.0.0.63:3030/websocket
13:55:58  ✅ Verbunden! MainboardID: 18421c180103147000001c0000000000
13:55:58  📤 Fordere Status nach Verbindung aktiv an (Cmd 0).
13:55:58  📨 Antwort für RequestID c8dbf1cb-0b98-4f9e-a91a-1efd6df1973d: Cmd=0, Ack=0
13:55:58  ✅ Status nach Verbindung aktualisiert: Maschine=Printing (1), Druck=Unknown (13)
13:55:58  ✅ Reconnect erfolgreich; Status wurde neu eingelesen.
13:56:16  HTTP Request: POST http://localhost:11434/api/chat "HTTP/1.1 200 OK"
13:56:16     ✅ OK
13:56:36  HTTP Request: POST http://localhost:11434/api/chat "HTTP/1.1 200 OK"
13:56:36     ✅ OK
13:56:57  HTTP Request: POST http://localhost:11434/api/chat "HTTP/1.1 200 OK"
13:56:57     ✅ OK
13:56:59  ⚠️  WebSocket-Verbindung unterbrochen (Close-Code=1006, Grund='', Fehler=no close frame received or sent); automatischer Reconnect #33.
13:56:59  🔄 Neuer Verbindungsversuch in 2s...
13:57:01  🔌 Verbinde mit Drucker: ws://10.0.0.63:3030/websocket
13:57:02  ✅ Verbunden! MainboardID: 18421c180103147000001c0000000000
13:57:02  📤 Fordere Status nach Verbindung aktiv an (Cmd 0).
13:57:02  📨 Antwort für RequestID 21b7f18e-917d-41e5-8dbd-8955649a2594: Cmd=0, Ack=0
13:57:02  ✅ Status nach Verbindung aktualisiert: Maschine=Printing (1), Druck=Unknown (13)
13:57:02  ✅ Reconnect erfolgreich; Status wurde neu eingelesen.
13:57:07  ❌ Kamera-Fehler: Konnte kein Frame von der Kamera lesen!
13:57:08  🔄 Kamera-Stream wird neu verbunden.
13:57:08  📷 Kamera-Stream geschlossen.
13:57:08  📷 Öffne Kamera-Stream: http://10.0.0.63:3031/video
13:57:08  ✅ Kamera-Stream geöffnet.
13:57:08  ✅ Kamera-Reconnect erfolgreich (Versuch 1/3).
13:57:18  HTTP Request: POST http://localhost:11434/api/chat "HTTP/1.1 200 OK"
13:57:18     ✅ OK
13:57:39  HTTP Request: POST http://localhost:11434/api/chat "HTTP/1.1 200 OK"
13:57:39     ✅ OK
13:57:59  HTTP Request: POST http://localhost:11434/api/chat "HTTP/1.1 200 OK"
13:57:59     ✅ OK
13:58:03  ⚠️  WebSocket-Verbindung unterbrochen (Close-Code=1006, Grund='', Fehler=no close frame received or sent); automatischer Reconnect #34.
13:58:03  🔄 Neuer Verbindungsversuch in 2s...
13:58:05  🔌 Verbinde mit Drucker: ws://10.0.0.63:3030/websocket
13:58:07  ✅ Verbunden! MainboardID: 18421c180103147000001c0000000000
13:58:07  📤 Fordere Status nach Verbindung aktiv an (Cmd 0).
13:58:07  📨 Antwort für RequestID 6942ccec-ee6d-453f-817e-9d9d4fda5d56: Cmd=0, Ack=0
13:58:07  ✅ Status nach Verbindung aktualisiert: Maschine=Printing (1), Druck=Unknown (13)
13:58:07  ✅ Reconnect erfolgreich; Status wurde neu eingelesen.
13:58:20  HTTP Request: POST http://localhost:11434/api/chat "HTTP/1.1 200 OK"
13:58:20     ✅ OK
13:58:40  HTTP Request: POST http://localhost:11434/api/chat "HTTP/1.1 200 OK"
13:58:40     ✅ OK
13:58:50  ❌ Kamera-Fehler: Konnte kein Frame von der Kamera lesen!
13:58:51  🔄 Kamera-Stream wird neu verbunden.
13:58:51  📷 Kamera-Stream geschlossen.
13:58:51  📷 Öffne Kamera-Stream: http://10.0.0.63:3031/video
13:58:51  ✅ Kamera-Stream geöffnet.
13:58:51  ✅ Kamera-Reconnect erfolgreich (Versuch 1/3).
13:59:02  HTTP Request: POST http://localhost:11434/api/chat "HTTP/1.1 200 OK"
13:59:02     ✅ OK
13:59:08  ⚠️  WebSocket-Verbindung unterbrochen (Close-Code=1006, Grund='', Fehler=no close frame received or sent); automatischer Reconnect #35.
13:59:08  🔄 Neuer Verbindungsversuch in 2s...
13:59:10  🔌 Verbinde mit Drucker: ws://10.0.0.63:3030/websocket
13:59:11  ✅ Verbunden! MainboardID: 18421c180103147000001c0000000000
13:59:11  📤 Fordere Status nach Verbindung aktiv an (Cmd 0).
13:59:11  📨 Antwort für RequestID f884dc60-d56b-421b-a952-4649de50e69d: Cmd=0, Ack=0
13:59:11  ✅ Status nach Verbindung aktualisiert: Maschine=Printing (1), Druck=Unknown (13)
13:59:11  ✅ Reconnect erfolgreich; Status wurde neu eingelesen.
13:59:22  HTTP Request: POST http://localhost:11434/api/chat "HTTP/1.1 200 OK"
13:59:22     ✅ OK
13:59:43  HTTP Request: POST http://localhost:11434/api/chat "HTTP/1.1 200 OK"
13:59:43     ✅ OK
14:00:03  HTTP Request: POST http://localhost:11434/api/chat "HTTP/1.1 200 OK"
14:00:03     ✅ OK
14:00:12  ⚠️  WebSocket-Verbindung unterbrochen (Close-Code=1006, Grund='', Fehler=no close frame received or sent); automatischer Reconnect #36.
14:00:12  🔄 Neuer Verbindungsversuch in 2s...
14:00:14  🔌 Verbinde mit Drucker: ws://10.0.0.63:3030/websocket
14:00:15  ✅ Verbunden! MainboardID: 18421c180103147000001c0000000000
14:00:15  📤 Fordere Status nach Verbindung aktiv an (Cmd 0).
14:00:15  📨 Antwort für RequestID 5377baab-ac0d-441a-b63c-10fd85a99457: Cmd=0, Ack=0
14:00:15  ✅ Status nach Verbindung aktualisiert: Maschine=Printing (1), Druck=Unknown (13)
14:00:15  ✅ Reconnect erfolgreich; Status wurde neu eingelesen.
14:00:23  HTTP Request: POST http://localhost:11434/api/chat "HTTP/1.1 200 OK"
14:00:23     ✅ OK
14:00:33  ❌ Kamera-Fehler: Konnte kein Frame von der Kamera lesen!
14:00:34  🔄 Kamera-Stream wird neu verbunden.
14:00:34  📷 Kamera-Stream geschlossen.
14:00:34  📷 Öffne Kamera-Stream: http://10.0.0.63:3031/video
14:00:35  ✅ Kamera-Stream geöffnet.
14:00:35  ✅ Kamera-Reconnect erfolgreich (Versuch 1/3).
14:00:45  HTTP Request: POST http://localhost:11434/api/chat "HTTP/1.1 200 OK"
14:00:45     ✅ OK
14:01:06  HTTP Request: POST http://localhost:11434/api/chat "HTTP/1.1 200 OK"
14:01:06     ✅ OK
14:01:16  ⚠️  WebSocket-Verbindung unterbrochen (Close-Code=1006, Grund='', Fehler=no close frame received or sent); automatischer Reconnect #37.
14:01:16  🔄 Neuer Verbindungsversuch in 2s...
14:01:18  🔌 Verbinde mit Drucker: ws://10.0.0.63:3030/websocket
14:01:19  ✅ Verbunden! MainboardID: 18421c180103147000001c0000000000
14:01:19  📤 Fordere Status nach Verbindung aktiv an (Cmd 0).
14:01:19  📨 Antwort für RequestID 548da0cb-1069-4571-959f-f640ddc8c83a: Cmd=0, Ack=0
14:01:19  ✅ Status nach Verbindung aktualisiert: Maschine=Printing (1), Druck=Unknown (13)
14:01:19  ✅ Reconnect erfolgreich; Status wurde neu eingelesen.
14:01:26  HTTP Request: POST http://localhost:11434/api/chat "HTTP/1.1 200 OK"
14:01:26     ✅ OK
14:01:46  HTTP Request: POST http://localhost:11434/api/chat "HTTP/1.1 200 OK"
14:01:46     ✅ OK
14:02:07  HTTP Request: POST http://localhost:11434/api/chat "HTTP/1.1 200 OK"
14:02:07     ✅ OK
14:02:17  ❌ Kamera-Fehler: Konnte kein Frame von der Kamera lesen!
14:02:18  🔄 Kamera-Stream wird neu verbunden.
14:02:18  📷 Kamera-Stream geschlossen.
14:02:18  📷 Öffne Kamera-Stream: http://10.0.0.63:3031/video
14:02:18  ✅ Kamera-Stream geöffnet.
14:02:18  ✅ Kamera-Reconnect erfolgreich (Versuch 1/3).
14:02:20  ⚠️  WebSocket-Verbindung unterbrochen (Close-Code=1006, Grund='', Fehler=no close frame received or sent); automatischer Reconnect #38.
14:02:20  🔄 Neuer Verbindungsversuch in 2s...
14:02:22  🔌 Verbinde mit Drucker: ws://10.0.0.63:3030/websocket
14:02:23  ✅ Verbunden! MainboardID: 18421c180103147000001c0000000000
14:02:23  📤 Fordere Status nach Verbindung aktiv an (Cmd 0).
14:02:23  📨 Antwort für RequestID 4250be4d-152f-4b42-8934-c314fa70cb5d: Cmd=0, Ack=0
14:02:23  ✅ Status nach Verbindung aktualisiert: Maschine=Printing (1), Druck=Unknown (13)
14:02:23  ✅ Reconnect erfolgreich; Status wurde neu eingelesen.
14:02:29  HTTP Request: POST http://localhost:11434/api/chat "HTTP/1.1 200 OK"
14:02:29     ✅ OK
14:02:49  HTTP Request: POST http://localhost:11434/api/chat "HTTP/1.1 200 OK"
14:02:49     ✅ OK
14:03:09  HTTP Request: POST http://localhost:11434/api/chat "HTTP/1.1 200 OK"
14:03:09     ✅ OK
14:03:24  ⚠️  WebSocket-Verbindung unterbrochen (Close-Code=1006, Grund='', Fehler=no close frame received or sent); automatischer Reconnect #39.
14:03:24  🔄 Neuer Verbindungsversuch in 2s...
14:03:26  🔌 Verbinde mit Drucker: ws://10.0.0.63:3030/websocket
14:03:26  ✅ Verbunden! MainboardID: 18421c180103147000001c0000000000
14:03:26  📤 Fordere Status nach Verbindung aktiv an (Cmd 0).
14:03:27  📨 Antwort für RequestID 9fad8bf4-e015-4693-a48f-ad182157c788: Cmd=0, Ack=0
14:03:27  ✅ Status nach Verbindung aktualisiert: Maschine=Printing (1), Druck=Unknown (13)
14:03:27  ✅ Reconnect erfolgreich; Status wurde neu eingelesen.
14:03:30  HTTP Request: POST http://localhost:11434/api/chat "HTTP/1.1 200 OK"
14:03:30     ✅ OK
14:03:50  HTTP Request: POST http://localhost:11434/api/chat "HTTP/1.1 200 OK"
14:03:50     ✅ OK
14:04:00  ❌ Kamera-Fehler: Konnte kein Frame von der Kamera lesen!
14:04:01  🔄 Kamera-Stream wird neu verbunden.
14:04:01  📷 Kamera-Stream geschlossen.
14:04:01  📷 Öffne Kamera-Stream: http://10.0.0.63:3031/video
14:04:01  ✅ Kamera-Stream geöffnet.
14:04:02  ✅ Kamera-Reconnect erfolgreich (Versuch 1/3).
14:04:12  HTTP Request: POST http://localhost:11434/api/chat "HTTP/1.1 200 OK"
14:04:12     ✅ OK
14:04:27  ⚠️  WebSocket-Verbindung unterbrochen (Close-Code=1006, Grund='', Fehler=no close frame received or sent); automatischer Reconnect #40.
14:04:27  🔄 Neuer Verbindungsversuch in 2s...
14:04:29  🔌 Verbinde mit Drucker: ws://10.0.0.63:3030/websocket
14:04:32  ✅ Verbunden! MainboardID: 18421c180103147000001c0000000000
14:04:32  📤 Fordere Status nach Verbindung aktiv an (Cmd 0).
14:04:32  📨 Antwort für RequestID 4fc70cf1-0f51-4793-ac4c-0c0c1e3babb0: Cmd=0, Ack=0
14:04:32  ✅ Status nach Verbindung aktualisiert: Maschine=Printing (1), Druck=Unknown (13)
14:04:32  ✅ Reconnect erfolgreich; Status wurde neu eingelesen.
14:04:32  HTTP Request: POST http://localhost:11434/api/chat "HTTP/1.1 200 OK"
14:04:32     ✅ OK
14:04:53  HTTP Request: POST http://localhost:11434/api/chat "HTTP/1.1 200 OK"
14:04:53     ✅ OK
14:05:13  HTTP Request: POST http://localhost:11434/api/chat "HTTP/1.1 200 OK"
14:05:13     ✅ OK
14:05:23  ❌ Kamera-Fehler: Konnte kein Frame von der Kamera lesen!
14:05:24  🔄 Kamera-Stream wird neu verbunden.
14:05:24  📷 Kamera-Stream geschlossen.
14:05:24  📷 Öffne Kamera-Stream: http://10.0.0.63:3031/video
14:05:24  ✅ Kamera-Stream geöffnet.
14:05:25  ✅ Kamera-Reconnect erfolgreich (Versuch 1/3).
14:05:33  ⚠️  WebSocket-Verbindung unterbrochen (Close-Code=1006, Grund='', Fehler=no close frame received or sent); automatischer Reconnect #41.
14:05:33  🔄 Neuer Verbindungsversuch in 2s...
14:05:35  🔌 Verbinde mit Drucker: ws://10.0.0.63:3030/websocket
14:05:35  ✅ Verbunden! MainboardID: 18421c180103147000001c0000000000
14:05:35  📤 Fordere Status nach Verbindung aktiv an (Cmd 0).
14:05:35  📨 Antwort für RequestID 9dcb2988-a91a-42e9-9066-241ef3973696: Cmd=0, Ack=0
14:05:35  ✅ Status nach Verbindung aktualisiert: Maschine=Printing (1), Druck=Unknown (13)
14:05:35  ✅ Reconnect erfolgreich; Status wurde neu eingelesen.
14:05:35  HTTP Request: POST http://localhost:11434/api/chat "HTTP/1.1 200 OK"
14:05:35     ✅ OK
14:05:55  HTTP Request: POST http://localhost:11434/api/chat "HTTP/1.1 200 OK"
14:05:55     ✅ OK
14:06:16  HTTP Request: POST http://localhost:11434/api/chat "HTTP/1.1 200 OK"
14:06:16     ✅ OK
14:06:36  ⚠️  WebSocket-Verbindung unterbrochen (Close-Code=1006, Grund='', Fehler=no close frame received or sent); automatischer Reconnect #42.
14:06:36  🔄 Neuer Verbindungsversuch in 2s...
14:06:36  HTTP Request: POST http://localhost:11434/api/chat "HTTP/1.1 200 OK"
14:06:36     ✅ OK
14:06:38  🔌 Verbinde mit Drucker: ws://10.0.0.63:3030/websocket
14:06:38  ✅ Verbunden! MainboardID: 18421c180103147000001c0000000000
14:06:38  📤 Fordere Status nach Verbindung aktiv an (Cmd 0).
14:06:38  📨 Antwort für RequestID 3ba36bd0-4268-42cc-a8cd-b15b5efdda6e: Cmd=0, Ack=0
14:06:38  ✅ Status nach Verbindung aktualisiert: Maschine=Printing (1), Druck=Unknown (13)
14:06:38  ✅ Reconnect erfolgreich; Status wurde neu eingelesen.
14:06:57  HTTP Request: POST http://localhost:11434/api/chat "HTTP/1.1 200 OK"
14:06:57     ✅ OK
14:07:07  ❌ Kamera-Fehler: Konnte kein Frame von der Kamera lesen!
14:07:08  🔄 Kamera-Stream wird neu verbunden.
14:07:08  📷 Kamera-Stream geschlossen.
14:07:08  📷 Öffne Kamera-Stream: http://10.0.0.63:3031/video
14:07:08  ✅ Kamera-Stream geöffnet.
14:07:08  ✅ Kamera-Reconnect erfolgreich (Versuch 1/3).
14:07:18  HTTP Request: POST http://localhost:11434/api/chat "HTTP/1.1 200 OK"
14:07:18     ✅ OK
14:07:39  HTTP Request: POST http://localhost:11434/api/chat "HTTP/1.1 200 OK"
14:07:39     ✅ OK
14:07:39  ⚠️  WebSocket-Verbindung unterbrochen (Close-Code=1006, Grund='', Fehler=no close frame received or sent); automatischer Reconnect #43.
14:07:39  🔄 Neuer Verbindungsversuch in 2s...
14:07:41  🔌 Verbinde mit Drucker: ws://10.0.0.63:3030/websocket
14:07:41  ✅ Verbunden! MainboardID: 18421c180103147000001c0000000000
14:07:41  📤 Fordere Status nach Verbindung aktiv an (Cmd 0).
14:07:42  📨 Antwort für RequestID cbf4ad77-e6ff-4800-8cdf-d5a0c76b3c6a: Cmd=0, Ack=0
14:07:42  ✅ Status nach Verbindung aktualisiert: Maschine=Printing (1), Druck=Unknown (13)
14:07:42  ✅ Reconnect erfolgreich; Status wurde neu eingelesen.
14:07:59  HTTP Request: POST http://localhost:11434/api/chat "HTTP/1.1 200 OK"
14:07:59     ✅ OK
14:08:20  HTTP Request: POST http://localhost:11434/api/chat "HTTP/1.1 200 OK"
14:08:20     ✅ OK
14:08:40  HTTP Request: POST http://localhost:11434/api/chat "HTTP/1.1 200 OK"
14:08:40     ✅ OK
14:08:42  ⚠️  WebSocket-Verbindung unterbrochen (Close-Code=1006, Grund='', Fehler=no close frame received or sent); automatischer Reconnect #44.
14:08:42  🔄 Neuer Verbindungsversuch in 2s...
14:08:44  🔌 Verbinde mit Drucker: ws://10.0.0.63:3030/websocket
14:08:46  ✅ Verbunden! MainboardID: 18421c180103147000001c0000000000
14:08:46  📤 Fordere Status nach Verbindung aktiv an (Cmd 0).
14:08:46  📨 Antwort für RequestID 2aaa087e-6c02-491a-99c7-28d2cd495018: Cmd=0, Ack=0
14:08:46  ✅ Status nach Verbindung aktualisiert: Maschine=Printing (1), Druck=Unknown (13)
14:08:46  ✅ Reconnect erfolgreich; Status wurde neu eingelesen.
14:08:50  ❌ Kamera-Fehler: Konnte kein Frame von der Kamera lesen!
14:08:51  🔄 Kamera-Stream wird neu verbunden.
14:08:51  📷 Kamera-Stream geschlossen.
14:08:51  📷 Öffne Kamera-Stream: http://10.0.0.63:3031/video
14:08:51  ✅ Kamera-Stream geöffnet.
14:08:51  ✅ Kamera-Reconnect erfolgreich (Versuch 1/3).
14:09:02  HTTP Request: POST http://localhost:11434/api/chat "HTTP/1.1 200 OK"
14:09:02     ✅ OK
14:09:22  HTTP Request: POST http://localhost:11434/api/chat "HTTP/1.1 200 OK"
14:09:22     ✅ OK
14:09:42  HTTP Request: POST http://localhost:11434/api/chat "HTTP/1.1 200 OK"
14:09:42     ✅ OK
14:09:47  ⚠️  WebSocket-Verbindung unterbrochen (Close-Code=1006, Grund='', Fehler=no close frame received or sent); automatischer Reconnect #45.
14:09:47  🔄 Neuer Verbindungsversuch in 2s...
14:09:49  🔌 Verbinde mit Drucker: ws://10.0.0.63:3030/websocket
14:09:50  ✅ Verbunden! MainboardID: 18421c180103147000001c0000000000
14:09:50  📤 Fordere Status nach Verbindung aktiv an (Cmd 0).
14:09:50  📨 Antwort für RequestID e5e1e62e-d74e-4f90-88c3-9037e7a1a419: Cmd=0, Ack=0
14:09:50  ✅ Status nach Verbindung aktualisiert: Maschine=Printing (1), Druck=Unknown (13)
14:09:50  ✅ Reconnect erfolgreich; Status wurde neu eingelesen.
14:09:52  ❌ Kamera-Fehler: Konnte kein Frame von der Kamera lesen!
14:09:53  🔄 Kamera-Stream wird neu verbunden.
14:09:53  📷 Kamera-Stream geschlossen.
14:09:53  📷 Öffne Kamera-Stream: http://10.0.0.63:3031/video
14:09:54  ✅ Kamera-Stream geöffnet.
14:09:54  ✅ Kamera-Reconnect erfolgreich (Versuch 1/3).
14:10:04  HTTP Request: POST http://localhost:11434/api/chat "HTTP/1.1 200 OK"
14:10:04     ✅ OK
14:10:25  HTTP Request: POST http://localhost:11434/api/chat "HTTP/1.1 200 OK"
14:10:25     ✅ OK
14:10:45  HTTP Request: POST http://localhost:11434/api/chat "HTTP/1.1 200 OK"
14:10:45     ✅ OK
14:10:51  ⚠️  WebSocket-Verbindung unterbrochen (Close-Code=1006, Grund='', Fehler=no close frame received or sent); automatischer Reconnect #46.
14:10:51  🔄 Neuer Verbindungsversuch in 2s...
14:10:53  🔌 Verbinde mit Drucker: ws://10.0.0.63:3030/websocket
14:10:53  ✅ Verbunden! MainboardID: 18421c180103147000001c0000000000
14:10:53  📤 Fordere Status nach Verbindung aktiv an (Cmd 0).
14:10:53  📨 Antwort für RequestID 1624f889-d4d9-438a-8091-c4b248943e2a: Cmd=0, Ack=0
14:10:53  ✅ Status nach Verbindung aktualisiert: Maschine=Printing (1), Druck=Unknown (13)
14:10:53  ✅ Reconnect erfolgreich; Status wurde neu eingelesen.
14:11:05  HTTP Request: POST http://localhost:11434/api/chat "HTTP/1.1 200 OK"
14:11:05     ✅ OK
14:11:15  ❌ Kamera-Fehler: Konnte kein Frame von der Kamera lesen!
14:11:16  🔄 Kamera-Stream wird neu verbunden.
14:11:16  📷 Kamera-Stream geschlossen.
14:11:16  📷 Öffne Kamera-Stream: http://10.0.0.63:3031/video
14:11:17  ✅ Kamera-Stream geöffnet.
14:11:17  ✅ Kamera-Reconnect erfolgreich (Versuch 1/3).
14:11:27  HTTP Request: POST http://localhost:11434/api/chat "HTTP/1.1 200 OK"
14:11:27     ✅ OK
14:11:48  HTTP Request: POST http://localhost:11434/api/chat "HTTP/1.1 200 OK"
14:11:48     ✅ OK
14:11:54  ⚠️  WebSocket-Verbindung unterbrochen (Close-Code=1006, Grund='', Fehler=no close frame received or sent); automatischer Reconnect #47.
14:11:54  🔄 Neuer Verbindungsversuch in 2s...
14:11:56  🔌 Verbinde mit Drucker: ws://10.0.0.63:3030/websocket
14:11:56  ✅ Verbunden! MainboardID: 18421c180103147000001c0000000000
14:11:56  📤 Fordere Status nach Verbindung aktiv an (Cmd 0).
14:11:57  📨 Antwort für RequestID f7ee3f77-22c3-42de-a40e-f79d14191418: Cmd=0, Ack=0
14:11:57  ✅ Status nach Verbindung aktualisiert: Maschine=Printing (1), Druck=Unknown (13)
14:11:57  ✅ Reconnect erfolgreich; Status wurde neu eingelesen.
14:12:08  HTTP Request: POST http://localhost:11434/api/chat "HTTP/1.1 200 OK"
14:12:08     ✅ OK
14:12:31  HTTP Request: POST http://localhost:11434/api/chat "HTTP/1.1 200 OK"
14:12:31     ✅ OK
14:12:41  ❌ Kamera-Fehler: Konnte kein Frame von der Kamera lesen!
14:12:42  🔄 Kamera-Stream wird neu verbunden.
14:12:42  📷 Kamera-Stream geschlossen.
14:12:42  📷 Öffne Kamera-Stream: http://10.0.0.63:3031/video
14:12:42  ✅ Kamera-Stream geöffnet.
14:12:42  ✅ Kamera-Reconnect erfolgreich (Versuch 1/3).
14:12:54  HTTP Request: POST http://localhost:11434/api/chat "HTTP/1.1 200 OK"
14:12:54     ✅ OK
14:12:57  ⚠️  WebSocket-Verbindung unterbrochen (Close-Code=1006, Grund='', Fehler=no close frame received or sent); automatischer Reconnect #48.
14:12:57  🔄 Neuer Verbindungsversuch in 2s...
14:12:59  🔌 Verbinde mit Drucker: ws://10.0.0.63:3030/websocket
14:13:00  ✅ Verbunden! MainboardID: 18421c180103147000001c0000000000
14:13:00  📤 Fordere Status nach Verbindung aktiv an (Cmd 0).
14:13:00  📨 Antwort für RequestID 7435dda7-13eb-45e1-8e35-cacd15f38a75: Cmd=0, Ack=0
14:13:00  ✅ Status nach Verbindung aktualisiert: Maschine=Printing (1), Druck=Unknown (13)
14:13:00  ✅ Reconnect erfolgreich; Status wurde neu eingelesen.
14:13:14  HTTP Request: POST http://localhost:11434/api/chat "HTTP/1.1 200 OK"
14:13:14     ✅ OK
14:13:35  HTTP Request: POST http://localhost:11434/api/chat "HTTP/1.1 200 OK"
14:13:35     ✅ OK
14:13:56  HTTP Request: POST http://localhost:11434/api/chat "HTTP/1.1 200 OK"
14:13:56     ✅ OK
14:14:01  ⚠️  WebSocket-Verbindung unterbrochen (Close-Code=1006, Grund='', Fehler=no close frame received or sent); automatischer Reconnect #49.
14:14:01  🔄 Neuer Verbindungsversuch in 2s...
14:14:03  🔌 Verbinde mit Drucker: ws://10.0.0.63:3030/websocket
14:14:03  ✅ Verbunden! MainboardID: 18421c180103147000001c0000000000
14:14:03  📤 Fordere Status nach Verbindung aktiv an (Cmd 0).
14:14:03  📨 Antwort für RequestID ff87633c-9da4-4958-8fa9-b2c409d186c7: Cmd=0, Ack=0
14:14:03  ✅ Status nach Verbindung aktualisiert: Maschine=Printing (1), Druck=Unknown (13)
14:14:03  ✅ Reconnect erfolgreich; Status wurde neu eingelesen.
14:14:06  ❌ Kamera-Fehler: Konnte kein Frame von der Kamera lesen!
14:14:07  🔄 Kamera-Stream wird neu verbunden.
14:14:07  📷 Kamera-Stream geschlossen.
14:14:07  📷 Öffne Kamera-Stream: http://10.0.0.63:3031/video
14:14:07  ✅ Kamera-Stream geöffnet.
14:14:07  ✅ Kamera-Reconnect erfolgreich (Versuch 1/3).
14:14:17  HTTP Request: POST http://localhost:11434/api/chat "HTTP/1.1 200 OK"
14:14:17     ✅ OK
14:14:38  HTTP Request: POST http://localhost:11434/api/chat "HTTP/1.1 200 OK"
14:14:38     ✅ OK
14:14:58  HTTP Request: POST http://localhost:11434/api/chat "HTTP/1.1 200 OK"
14:14:58     ✅ OK
14:15:04  ⚠️  WebSocket-Verbindung unterbrochen (Close-Code=1006, Grund='', Fehler=no close frame received or sent); automatischer Reconnect #50.
14:15:04  🔄 Neuer Verbindungsversuch in 2s...
14:15:06  🔌 Verbinde mit Drucker: ws://10.0.0.63:3030/websocket
14:15:08  ✅ Verbunden! MainboardID: 18421c180103147000001c0000000000
14:15:08  📤 Fordere Status nach Verbindung aktiv an (Cmd 0).
14:15:08  📨 Antwort für RequestID de927cfb-ab88-4c5c-b5de-925f5eaa9491: Cmd=0, Ack=0
14:15:08  ✅ Status nach Verbindung aktualisiert: Maschine=Printing (1), Druck=Unknown (13)
14:15:08  ✅ Reconnect erfolgreich; Status wurde neu eingelesen.
14:15:19  HTTP Request: POST http://localhost:11434/api/chat "HTTP/1.1 200 OK"
14:15:19     ✅ OK
14:15:29  ❌ Kamera-Fehler: Konnte kein Frame von der Kamera lesen!
14:15:30  🔄 Kamera-Stream wird neu verbunden.
14:15:30  📷 Kamera-Stream geschlossen.
14:15:30  📷 Öffne Kamera-Stream: http://10.0.0.63:3031/video
14:15:30  ✅ Kamera-Stream geöffnet.
14:15:30  ✅ Kamera-Reconnect erfolgreich (Versuch 1/3).
14:15:40  HTTP Request: POST http://localhost:11434/api/chat "HTTP/1.1 200 OK"
14:15:40     ✅ OK
14:16:01  HTTP Request: POST http://localhost:11434/api/chat "HTTP/1.1 200 OK"
14:16:01     ✅ OK
14:16:09  ⚠️  WebSocket-Verbindung unterbrochen (Close-Code=1006, Grund='', Fehler=no close frame received or sent); automatischer Reconnect #51.
14:16:09  🔄 Neuer Verbindungsversuch in 2s...
14:16:11  🔌 Verbinde mit Drucker: ws://10.0.0.63:3030/websocket
14:16:12  ✅ Verbunden! MainboardID: 18421c180103147000001c0000000000
14:16:12  📤 Fordere Status nach Verbindung aktiv an (Cmd 0).
14:16:12  📨 Antwort für RequestID 07601dd7-1461-4ab2-b5e1-72192305f163: Cmd=0, Ack=0
14:16:12  ✅ Status nach Verbindung aktualisiert: Maschine=Printing (1), Druck=Unknown (13)
14:16:12  ✅ Reconnect erfolgreich; Status wurde neu eingelesen.
14:16:21  HTTP Request: POST http://localhost:11434/api/chat "HTTP/1.1 200 OK"
14:16:21     ✅ OK
14:16:42  HTTP Request: POST http://localhost:11434/api/chat "HTTP/1.1 200 OK"
14:16:42     ✅ OK
14:16:52  ❌ Kamera-Fehler: Konnte kein Frame von der Kamera lesen!
14:16:53  🔄 Kamera-Stream wird neu verbunden.
14:16:53  📷 Kamera-Stream geschlossen.
14:16:53  📷 Öffne Kamera-Stream: http://10.0.0.63:3031/video
14:16:53  ✅ Kamera-Stream geöffnet.
14:16:53  ✅ Kamera-Reconnect erfolgreich (Versuch 1/3).
14:17:04  HTTP Request: POST http://localhost:11434/api/chat "HTTP/1.1 200 OK"
14:17:04     ✅ OK
14:17:13  ⚠️  WebSocket-Verbindung unterbrochen (Close-Code=1006, Grund='', Fehler=no close frame received or sent); automatischer Reconnect #52.
14:17:13  🔄 Neuer Verbindungsversuch in 2s...
14:17:15  🔌 Verbinde mit Drucker: ws://10.0.0.63:3030/websocket
14:17:17  ✅ Verbunden! MainboardID: 18421c180103147000001c0000000000
14:17:17  📤 Fordere Status nach Verbindung aktiv an (Cmd 0).
14:17:17  📨 Antwort für RequestID d8ca07ba-c1e5-4857-99d2-54e3a802c8e2: Cmd=0, Ack=0
14:17:17  ✅ Status nach Verbindung aktualisiert: Maschine=Printing (1), Druck=Unknown (13)
14:17:17  ✅ Reconnect erfolgreich; Status wurde neu eingelesen.
14:17:24  HTTP Request: POST http://localhost:11434/api/chat "HTTP/1.1 200 OK"
14:17:24     ✅ OK
14:17:44  HTTP Request: POST http://localhost:11434/api/chat "HTTP/1.1 200 OK"
14:17:44     ✅ OK
14:18:05  HTTP Request: POST http://localhost:11434/api/chat "HTTP/1.1 200 OK"
14:18:05     ✅ OK
14:18:15  ❌ Kamera-Fehler: Konnte kein Frame von der Kamera lesen!
14:18:16  🔄 Kamera-Stream wird neu verbunden.
14:18:16  📷 Kamera-Stream geschlossen.
14:18:16  📷 Öffne Kamera-Stream: http://10.0.0.63:3031/video
14:18:16  ✅ Kamera-Stream geöffnet.
14:18:16  ✅ Kamera-Reconnect erfolgreich (Versuch 1/3).
14:18:18  ⚠️  WebSocket-Verbindung unterbrochen (Close-Code=1006, Grund='', Fehler=no close frame received or sent); automatischer Reconnect #53.
14:18:18  🔄 Neuer Verbindungsversuch in 2s...
14:18:20  🔌 Verbinde mit Drucker: ws://10.0.0.63:3030/websocket
14:18:21  ✅ Verbunden! MainboardID: 18421c180103147000001c0000000000
14:18:21  📤 Fordere Status nach Verbindung aktiv an (Cmd 0).
14:18:21  📨 Antwort für RequestID 18ec84c9-6c21-44ac-b172-2cb21e8344e3: Cmd=0, Ack=0
14:18:21  ✅ Status nach Verbindung aktualisiert: Maschine=Printing (1), Druck=Unknown (13)
14:18:21  ✅ Reconnect erfolgreich; Status wurde neu eingelesen.
14:18:27  HTTP Request: POST http://localhost:11434/api/chat "HTTP/1.1 200 OK"
14:18:27     ✅ OK
14:18:47  HTTP Request: POST http://localhost:11434/api/chat "HTTP/1.1 200 OK"
14:18:47     ✅ OK
14:19:07  HTTP Request: POST http://localhost:11434/api/chat "HTTP/1.1 200 OK"
14:19:07     ✅ OK
14:19:22  ⚠️  WebSocket-Verbindung unterbrochen (Close-Code=1006, Grund='', Fehler=no close frame received or sent); automatischer Reconnect #54.
14:19:22  🔄 Neuer Verbindungsversuch in 2s...
14:19:24  🔌 Verbinde mit Drucker: ws://10.0.0.63:3030/websocket
14:19:24  ✅ Verbunden! MainboardID: 18421c180103147000001c0000000000
14:19:24  📤 Fordere Status nach Verbindung aktiv an (Cmd 0).
14:19:24  📨 Antwort für RequestID c91ec928-4a72-4d9c-acc0-045a2548af86: Cmd=0, Ack=0
14:19:24  ✅ Status nach Verbindung aktualisiert: Maschine=Printing (1), Druck=Unknown (13)
14:19:24  ✅ Reconnect erfolgreich; Status wurde neu eingelesen.
14:19:28  HTTP Request: POST http://localhost:11434/api/chat "HTTP/1.1 200 OK"
14:19:28     ✅ OK
14:19:38  ❌ Kamera-Fehler: Konnte kein Frame von der Kamera lesen!
14:19:39  🔄 Kamera-Stream wird neu verbunden.
14:19:39  📷 Kamera-Stream geschlossen.
14:19:39  📷 Öffne Kamera-Stream: http://10.0.0.63:3031/video
14:19:39  ✅ Kamera-Stream geöffnet.
14:19:39  ✅ Kamera-Reconnect erfolgreich (Versuch 1/3).
14:19:50  HTTP Request: POST http://localhost:11434/api/chat "HTTP/1.1 200 OK"
14:19:50     ✅ OK
14:20:10  HTTP Request: POST http://localhost:11434/api/chat "HTTP/1.1 200 OK"
14:20:10     ✅ OK
14:20:25  ⚠️  WebSocket-Verbindung unterbrochen (Close-Code=1006, Grund='', Fehler=no close frame received or sent); automatischer Reconnect #55.
14:20:25  🔄 Neuer Verbindungsversuch in 2s...
14:20:27  🔌 Verbinde mit Drucker: ws://10.0.0.63:3030/websocket
14:20:29  ✅ Verbunden! MainboardID: 18421c180103147000001c0000000000
14:20:29  📤 Fordere Status nach Verbindung aktiv an (Cmd 0).
14:20:29  📨 Antwort für RequestID f0727b8d-e1fd-40aa-830f-36c450cb4f58: Cmd=0, Ack=0
14:20:29  ✅ Status nach Verbindung aktualisiert: Maschine=Printing (1), Druck=Unknown (13)
14:20:29  ✅ Reconnect erfolgreich; Status wurde neu eingelesen.
14:20:30  HTTP Request: POST http://localhost:11434/api/chat "HTTP/1.1 200 OK"
14:20:30     ✅ OK
14:20:51  HTTP Request: POST http://localhost:11434/api/chat "HTTP/1.1 200 OK"
14:20:51     ✅ OK
14:21:01  ❌ Kamera-Fehler: Konnte kein Frame von der Kamera lesen!
14:21:02  🔄 Kamera-Stream wird neu verbunden.
14:21:02  📷 Kamera-Stream geschlossen.
14:21:02  📷 Öffne Kamera-Stream: http://10.0.0.63:3031/video
14:21:02  ✅ Kamera-Stream geöffnet.
14:21:02  ✅ Kamera-Reconnect erfolgreich (Versuch 1/3).
14:21:13  HTTP Request: POST http://localhost:11434/api/chat "HTTP/1.1 200 OK"
14:21:13     ✅ OK
14:21:30  ⚠️  WebSocket-Verbindung unterbrochen (Close-Code=1006, Grund='', Fehler=no close frame received or sent); automatischer Reconnect #56.
14:21:30  🔄 Neuer Verbindungsversuch in 2s...
14:21:32  🔌 Verbinde mit Drucker: ws://10.0.0.63:3030/websocket
14:21:33  ✅ Verbunden! MainboardID: 18421c180103147000001c0000000000
14:21:33  📤 Fordere Status nach Verbindung aktiv an (Cmd 0).
14:21:33  HTTP Request: POST http://localhost:11434/api/chat "HTTP/1.1 200 OK"
14:21:33     ✅ OK
14:21:33  📨 Antwort für RequestID a1cbe5be-43e6-4821-a14d-6c81ff3edac0: Cmd=0, Ack=0
14:21:33  ✅ Status nach Verbindung aktualisiert: Maschine=Printing (1), Druck=Unknown (13)
14:21:33  ✅ Reconnect erfolgreich; Status wurde neu eingelesen.
14:21:54  HTTP Request: POST http://localhost:11434/api/chat "HTTP/1.1 200 OK"
14:21:54     ✅ OK
14:22:14  HTTP Request: POST http://localhost:11434/api/chat "HTTP/1.1 200 OK"
14:22:14     ✅ OK
14:22:24  ❌ Kamera-Fehler: Konnte kein Frame von der Kamera lesen!
14:22:25  🔄 Kamera-Stream wird neu verbunden.
14:22:25  📷 Kamera-Stream geschlossen.
14:22:25  📷 Öffne Kamera-Stream: http://10.0.0.63:3031/video
14:22:25  ✅ Kamera-Stream geöffnet.
14:22:25  ✅ Kamera-Reconnect erfolgreich (Versuch 1/3).
14:22:34  ⚠️  WebSocket-Verbindung unterbrochen (Close-Code=1006, Grund='', Fehler=no close frame received or sent); automatischer Reconnect #57.
14:22:34  🔄 Neuer Verbindungsversuch in 2s...
14:22:36  HTTP Request: POST http://localhost:11434/api/chat "HTTP/1.1 200 OK"
14:22:36     ✅ OK
14:22:36  🔌 Verbinde mit Drucker: ws://10.0.0.63:3030/websocket
14:22:37  ✅ Verbunden! MainboardID: 18421c180103147000001c0000000000
14:22:37  📤 Fordere Status nach Verbindung aktiv an (Cmd 0).
14:22:37  📨 Antwort für RequestID 4369a7a0-6031-4f36-87d9-430fa6b47e62: Cmd=0, Ack=0
14:22:37  ✅ Status nach Verbindung aktualisiert: Maschine=Printing (1), Druck=Unknown (13)
14:22:37  ✅ Reconnect erfolgreich; Status wurde neu eingelesen.
14:22:56  HTTP Request: POST http://localhost:11434/api/chat "HTTP/1.1 200 OK"
14:22:56     ✅ OK
14:23:16  HTTP Request: POST http://localhost:11434/api/chat "HTTP/1.1 200 OK"
14:23:16     ✅ OK
14:23:37  HTTP Request: POST http://localhost:11434/api/chat "HTTP/1.1 200 OK"
14:23:37     ✅ OK
14:23:38  ⚠️  WebSocket-Verbindung unterbrochen (Close-Code=1006, Grund='', Fehler=no close frame received or sent); automatischer Reconnect #58.
14:23:38  🔄 Neuer Verbindungsversuch in 2s...
14:23:40  🔌 Verbinde mit Drucker: ws://10.0.0.63:3030/websocket
14:23:41  ✅ Verbunden! MainboardID: 18421c180103147000001c0000000000
14:23:41  📤 Fordere Status nach Verbindung aktiv an (Cmd 0).
14:23:41  📨 Antwort für RequestID cef8ff5a-1906-48f3-b85c-6358bbf5dc27: Cmd=0, Ack=0
14:23:42  ✅ Status nach Verbindung aktualisiert: Maschine=Printing (1), Druck=Unknown (13)
14:23:42  ✅ Reconnect erfolgreich; Status wurde neu eingelesen.
14:23:47  ❌ Kamera-Fehler: Konnte kein Frame von der Kamera lesen!
14:23:48  🔄 Kamera-Stream wird neu verbunden.
14:23:48  📷 Kamera-Stream geschlossen.
14:23:48  📷 Öffne Kamera-Stream: http://10.0.0.63:3031/video
14:23:48  ✅ Kamera-Stream geöffnet.
14:23:48  ✅ Kamera-Reconnect erfolgreich (Versuch 1/3).
14:23:59  HTTP Request: POST http://localhost:11434/api/chat "HTTP/1.1 200 OK"
14:23:59     ✅ OK
14:24:19  HTTP Request: POST http://localhost:11434/api/chat "HTTP/1.1 200 OK"
14:24:19     ✅ OK
14:24:39  HTTP Request: POST http://localhost:11434/api/chat "HTTP/1.1 200 OK"
14:24:39     ✅ OK
14:24:42  ⚠️  WebSocket-Verbindung unterbrochen (Close-Code=1006, Grund='', Fehler=no close frame received or sent); automatischer Reconnect #59.
14:24:42  🔄 Neuer Verbindungsversuch in 2s...
14:24:44  🔌 Verbinde mit Drucker: ws://10.0.0.63:3030/websocket
14:24:46  ✅ Verbunden! MainboardID: 18421c180103147000001c0000000000
14:24:46  📤 Fordere Status nach Verbindung aktiv an (Cmd 0).
14:24:46  📨 Antwort für RequestID 605f3096-774d-4d78-bf61-665db8a8d7c9: Cmd=0, Ack=0
14:24:46  ✅ Status nach Verbindung aktualisiert: Maschine=Printing (1), Druck=Unknown (13)
14:24:46  ✅ Reconnect erfolgreich; Status wurde neu eingelesen.
14:25:00  HTTP Request: POST http://localhost:11434/api/chat "HTTP/1.1 200 OK"
14:25:00     ✅ OK
14:25:10  ❌ Kamera-Fehler: Konnte kein Frame von der Kamera lesen!
14:25:11  🔄 Kamera-Stream wird neu verbunden.
14:25:11  📷 Kamera-Stream geschlossen.
14:25:11  📷 Öffne Kamera-Stream: http://10.0.0.63:3031/video
14:25:11  ✅ Kamera-Stream geöffnet.
14:25:11  ✅ Kamera-Reconnect erfolgreich (Versuch 1/3).
14:25:22  HTTP Request: POST http://localhost:11434/api/chat "HTTP/1.1 200 OK"
14:25:22     ✅ OK
14:25:42  HTTP Request: POST http://localhost:11434/api/chat "HTTP/1.1 200 OK"
14:25:42     ✅ OK
14:25:47  ⚠️  WebSocket-Verbindung unterbrochen (Close-Code=1006, Grund='', Fehler=no close frame received or sent); automatischer Reconnect #60.
14:25:47  🔄 Neuer Verbindungsversuch in 2s...
14:25:49  🔌 Verbinde mit Drucker: ws://10.0.0.63:3030/websocket
14:25:50  ✅ Verbunden! MainboardID: 18421c180103147000001c0000000000
14:25:50  📤 Fordere Status nach Verbindung aktiv an (Cmd 0).
14:25:50  📨 Antwort für RequestID f52cddea-5526-4330-be24-c80eab451d23: Cmd=0, Ack=0
14:25:50  ✅ Status nach Verbindung aktualisiert: Maschine=Printing (1), Druck=Unknown (13)
14:25:50  ✅ Reconnect erfolgreich; Status wurde neu eingelesen.
14:26:02  HTTP Request: POST http://localhost:11434/api/chat "HTTP/1.1 200 OK"
14:26:02     ✅ OK
14:26:23  HTTP Request: POST http://localhost:11434/api/chat "HTTP/1.1 200 OK"
14:26:23     ✅ OK
14:26:43  HTTP Request: POST http://localhost:11434/api/chat "HTTP/1.1 200 OK"
14:26:43     ✅ OK
14:26:51  ⚠️  WebSocket-Verbindung unterbrochen (Close-Code=1006, Grund='', Fehler=no close frame received or sent); automatischer Reconnect #61.
14:26:51  🔄 Neuer Verbindungsversuch in 2s...
14:26:53  🔌 Verbinde mit Drucker: ws://10.0.0.63:3030/websocket
14:26:53  ✅ Verbunden! MainboardID: 18421c180103147000001c0000000000
14:26:53  📤 Fordere Status nach Verbindung aktiv an (Cmd 0).
14:26:53  ❌ Kamera-Fehler: Konnte kein Frame von der Kamera lesen!
14:26:53  📨 Antwort für RequestID b41ce80f-8df5-4619-b4e9-2ab502fe7174: Cmd=0, Ack=0
14:26:53  ✅ Status nach Verbindung aktualisiert: Maschine=Printing (1), Druck=Unknown (13)
14:26:53  ✅ Reconnect erfolgreich; Status wurde neu eingelesen.
14:26:54  🔄 Kamera-Stream wird neu verbunden.
14:26:54  📷 Kamera-Stream geschlossen.
14:26:54  📷 Öffne Kamera-Stream: http://10.0.0.63:3031/video
14:26:54  ✅ Kamera-Stream geöffnet.
14:26:55  ✅ Kamera-Reconnect erfolgreich (Versuch 1/3).
14:27:05  HTTP Request: POST http://localhost:11434/api/chat "HTTP/1.1 200 OK"
14:27:05     ✅ OK
14:27:25  HTTP Request: POST http://localhost:11434/api/chat "HTTP/1.1 200 OK"
14:27:25     ✅ OK
14:27:46  HTTP Request: POST http://localhost:11434/api/chat "HTTP/1.1 200 OK"
14:27:46     ✅ OK
14:27:54  ⚠️  WebSocket-Verbindung unterbrochen (Close-Code=1006, Grund='', Fehler=no close frame received or sent); automatischer Reconnect #62.
14:27:54  🔄 Neuer Verbindungsversuch in 2s...
14:27:56  🔌 Verbinde mit Drucker: ws://10.0.0.63:3030/websocket
14:27:58  ✅ Verbunden! MainboardID: 18421c180103147000001c0000000000
14:27:58  📤 Fordere Status nach Verbindung aktiv an (Cmd 0).
14:27:58  📨 Antwort für RequestID 3f385c40-ab40-421d-97fc-e23530c21f34: Cmd=0, Ack=0
14:27:58  ✅ Status nach Verbindung aktualisiert: Maschine=Printing (1), Druck=Unknown (13)
14:27:58  ✅ Reconnect erfolgreich; Status wurde neu eingelesen.
14:28:06  HTTP Request: POST http://localhost:11434/api/chat "HTTP/1.1 200 OK"
14:28:06     ✅ OK
14:28:16  ❌ Kamera-Fehler: Konnte kein Frame von der Kamera lesen!
14:28:17  🔄 Kamera-Stream wird neu verbunden.
14:28:17  📷 Kamera-Stream geschlossen.
14:28:17  📷 Öffne Kamera-Stream: http://10.0.0.63:3031/video
14:28:17  ✅ Kamera-Stream geöffnet.
14:28:17  ✅ Kamera-Reconnect erfolgreich (Versuch 1/3).
14:28:28  HTTP Request: POST http://localhost:11434/api/chat "HTTP/1.1 200 OK"
14:28:28     ✅ OK
14:28:48  HTTP Request: POST http://localhost:11434/api/chat "HTTP/1.1 200 OK"
14:28:48     ✅ OK
14:28:59  ⚠️  WebSocket-Verbindung unterbrochen (Close-Code=1006, Grund='', Fehler=no close frame received or sent); automatischer Reconnect #63.
14:28:59  🔄 Neuer Verbindungsversuch in 2s...
14:29:01  🔌 Verbinde mit Drucker: ws://10.0.0.63:3030/websocket
14:29:02  ✅ Verbunden! MainboardID: 18421c180103147000001c0000000000
14:29:02  📤 Fordere Status nach Verbindung aktiv an (Cmd 0).
14:29:02  📨 Antwort für RequestID 28ab022f-f7ce-4607-9db7-c67c6b0f1cd4: Cmd=0, Ack=0
14:29:02  ✅ Status nach Verbindung aktualisiert: Maschine=Printing (1), Druck=Unknown (13)
14:29:02  ✅ Reconnect erfolgreich; Status wurde neu eingelesen.
14:29:09  HTTP Request: POST http://localhost:11434/api/chat "HTTP/1.1 200 OK"
14:29:09     ✅ OK
14:29:29  HTTP Request: POST http://localhost:11434/api/chat "HTTP/1.1 200 OK"
14:29:29     ✅ OK
14:29:39  ❌ Kamera-Fehler: Konnte kein Frame von der Kamera lesen!
14:29:40  🔄 Kamera-Stream wird neu verbunden.
14:29:40  📷 Kamera-Stream geschlossen.
14:29:40  📷 Öffne Kamera-Stream: http://10.0.0.63:3031/video
14:29:40  ✅ Kamera-Stream geöffnet.
14:29:40  ✅ Kamera-Reconnect erfolgreich (Versuch 1/3).
14:29:51  HTTP Request: POST http://localhost:11434/api/chat "HTTP/1.1 200 OK"
14:29:51     ✅ OK
14:30:03  ⚠️  WebSocket-Verbindung unterbrochen (Close-Code=1006, Grund='', Fehler=no close frame received or sent); automatischer Reconnect #64.
14:30:03  🔄 Neuer Verbindungsversuch in 2s...
14:30:05  🔌 Verbinde mit Drucker: ws://10.0.0.63:3030/websocket
14:30:06  ✅ Verbunden! MainboardID: 18421c180103147000001c0000000000
14:30:06  📤 Fordere Status nach Verbindung aktiv an (Cmd 0).
14:30:06  📨 Antwort für RequestID d19d5d7a-f74d-44ee-8572-db08d2915849: Cmd=0, Ack=0
14:30:06  ✅ Status nach Verbindung aktualisiert: Maschine=Printing (1), Druck=Unknown (13)
14:30:06  ✅ Reconnect erfolgreich; Status wurde neu eingelesen.
14:30:11  HTTP Request: POST http://localhost:11434/api/chat "HTTP/1.1 200 OK"
14:30:11     ✅ OK
14:30:32  HTTP Request: POST http://localhost:11434/api/chat "HTTP/1.1 200 OK"
14:30:32     ✅ OK
14:30:52  HTTP Request: POST http://localhost:11434/api/chat "HTTP/1.1 200 OK"
14:30:52     ✅ OK
14:31:02  ❌ Kamera-Fehler: Konnte kein Frame von der Kamera lesen!
14:31:03  🔄 Kamera-Stream wird neu verbunden.
14:31:03  📷 Kamera-Stream geschlossen.
14:31:03  📷 Öffne Kamera-Stream: http://10.0.0.63:3031/video
14:31:03  ✅ Kamera-Stream geöffnet.
14:31:03  ✅ Kamera-Reconnect erfolgreich (Versuch 1/3).
14:31:07  ⚠️  WebSocket-Verbindung unterbrochen (Close-Code=1006, Grund='', Fehler=no close frame received or sent); automatischer Reconnect #65.
14:31:07  🔄 Neuer Verbindungsversuch in 2s...
14:31:09  🔌 Verbinde mit Drucker: ws://10.0.0.63:3030/websocket
14:31:10  ✅ Verbunden! MainboardID: 18421c180103147000001c0000000000
14:31:10  📤 Fordere Status nach Verbindung aktiv an (Cmd 0).
14:31:11  📨 Antwort für RequestID a411d304-e81a-4cec-8b25-e8da6e1f3abe: Cmd=0, Ack=0
14:31:11  ✅ Status nach Verbindung aktualisiert: Maschine=Printing (1), Druck=Unknown (13)
14:31:11  ✅ Reconnect erfolgreich; Status wurde neu eingelesen.
14:31:14  HTTP Request: POST http://localhost:11434/api/chat "HTTP/1.1 200 OK"
14:31:14     ✅ OK
14:31:34  HTTP Request: POST http://localhost:11434/api/chat "HTTP/1.1 200 OK"
14:31:34     ✅ OK
14:31:55  HTTP Request: POST http://localhost:11434/api/chat "HTTP/1.1 200 OK"
14:31:55     ✅ OK
14:32:11  ⚠️  WebSocket-Verbindung unterbrochen (Close-Code=1006, Grund='', Fehler=no close frame received or sent); automatischer Reconnect #66.
14:32:11  🔄 Neuer Verbindungsversuch in 2s...
14:32:13  🔌 Verbinde mit Drucker: ws://10.0.0.63:3030/websocket
14:32:14  ✅ Verbunden! MainboardID: 18421c180103147000001c0000000000
14:32:14  📤 Fordere Status nach Verbindung aktiv an (Cmd 0).
14:32:15  📨 Antwort für RequestID d5de9375-7c72-4b7c-81c3-831b190fcfc9: Cmd=0, Ack=0
14:32:15  ✅ Status nach Verbindung aktualisiert: Maschine=Printing (1), Druck=Unknown (13)
14:32:15  ✅ Reconnect erfolgreich; Status wurde neu eingelesen.
14:32:15  HTTP Request: POST http://localhost:11434/api/chat "HTTP/1.1 200 OK"
14:32:15     ✅ OK
14:32:35  HTTP Request: POST http://localhost:11434/api/chat "HTTP/1.1 200 OK"
14:32:35     ✅ OK
14:32:56  HTTP Request: POST http://localhost:11434/api/chat "HTTP/1.1 200 OK"
14:32:56     ✅ OK
14:33:06  ❌ Kamera-Fehler: Konnte kein Frame von der Kamera lesen!
14:33:07  🔄 Kamera-Stream wird neu verbunden.
14:33:07  📷 Kamera-Stream geschlossen.
14:33:07  📷 Öffne Kamera-Stream: http://10.0.0.63:3031/video
14:33:07  ✅ Kamera-Stream geöffnet.
14:33:07  ✅ Kamera-Reconnect erfolgreich (Versuch 1/3).
14:33:16  ⚠️  WebSocket-Verbindung unterbrochen (Close-Code=1006, Grund='', Fehler=no close frame received or sent); automatischer Reconnect #67.
14:33:16  🔄 Neuer Verbindungsversuch in 2s...
14:33:18  🔌 Verbinde mit Drucker: ws://10.0.0.63:3030/websocket
14:33:18  HTTP Request: POST http://localhost:11434/api/chat "HTTP/1.1 200 OK"
14:33:18     ✅ OK
14:33:19  ✅ Verbunden! MainboardID: 18421c180103147000001c0000000000
14:33:19  📤 Fordere Status nach Verbindung aktiv an (Cmd 0).
14:33:19  📨 Antwort für RequestID 6ab2fc44-edec-40e8-8ca4-3e6e9e3da11d: Cmd=0, Ack=0
14:33:19  ✅ Status nach Verbindung aktualisiert: Maschine=Printing (1), Druck=Unknown (13)
14:33:19  ✅ Reconnect erfolgreich; Status wurde neu eingelesen.
14:33:38  HTTP Request: POST http://localhost:11434/api/chat "HTTP/1.1 200 OK"
14:33:38     ✅ OK
14:33:58  HTTP Request: POST http://localhost:11434/api/chat "HTTP/1.1 200 OK"
14:33:58     ✅ OK
14:34:19  HTTP Request: POST http://localhost:11434/api/chat "HTTP/1.1 200 OK"
14:34:19     ✅ OK
14:34:20  ⚠️  WebSocket-Verbindung unterbrochen (Close-Code=1006, Grund='', Fehler=no close frame received or sent); automatischer Reconnect #68.
14:34:20  🔄 Neuer Verbindungsversuch in 2s...
14:34:22  🔌 Verbinde mit Drucker: ws://10.0.0.63:3030/websocket
14:34:23  ✅ Verbunden! MainboardID: 18421c180103147000001c0000000000
14:34:23  📤 Fordere Status nach Verbindung aktiv an (Cmd 0).
14:34:23  📨 Antwort für RequestID c556a4a2-9cd1-4182-8005-9dc473a525d6: Cmd=0, Ack=0
14:34:23  ✅ Status nach Verbindung aktualisiert: Maschine=Printing (1), Druck=Unknown (13)
14:34:23  ✅ Reconnect erfolgreich; Status wurde neu eingelesen.
14:34:39  HTTP Request: POST http://localhost:11434/api/chat "HTTP/1.1 200 OK"
14:34:39     ✅ OK
14:34:49  ❌ Kamera-Fehler: Konnte kein Frame von der Kamera lesen!
14:34:50  🔄 Kamera-Stream wird neu verbunden.
14:34:50  📷 Kamera-Stream geschlossen.
14:34:50  📷 Öffne Kamera-Stream: http://10.0.0.63:3031/video
14:34:50  ✅ Kamera-Stream geöffnet.
14:34:51  ✅ Kamera-Reconnect erfolgreich (Versuch 1/3).
14:35:01  HTTP Request: POST http://localhost:11434/api/chat "HTTP/1.1 200 OK"
14:35:01     ✅ OK
14:35:21  HTTP Request: POST http://localhost:11434/api/chat "HTTP/1.1 200 OK"
14:35:21     ✅ OK
14:35:24  ⚠️  WebSocket-Verbindung unterbrochen (Close-Code=1006, Grund='', Fehler=no close frame received or sent); automatischer Reconnect #69.
14:35:24  🔄 Neuer Verbindungsversuch in 2s...
14:35:26  🔌 Verbinde mit Drucker: ws://10.0.0.63:3030/websocket
14:35:27  ✅ Verbunden! MainboardID: 18421c180103147000001c0000000000
14:35:27  📤 Fordere Status nach Verbindung aktiv an (Cmd 0).
14:35:27  📨 Antwort für RequestID 7bf91249-dac4-4f76-b5d1-cc0eca1678bc: Cmd=0, Ack=0
14:35:27  ✅ Status nach Verbindung aktualisiert: Maschine=Printing (1), Druck=Unknown (13)
14:35:27  ✅ Reconnect erfolgreich; Status wurde neu eingelesen.
14:35:42  HTTP Request: POST http://localhost:11434/api/chat "HTTP/1.1 200 OK"
14:35:42     ✅ OK
14:36:02  HTTP Request: POST http://localhost:11434/api/chat "HTTP/1.1 200 OK"
14:36:02     ✅ OK
14:36:12  ❌ Kamera-Fehler: Konnte kein Frame von der Kamera lesen!
14:36:13  🔄 Kamera-Stream wird neu verbunden.
14:36:13  📷 Kamera-Stream geschlossen.
14:36:13  📷 Öffne Kamera-Stream: http://10.0.0.63:3031/video
14:36:13  ✅ Kamera-Stream geöffnet.
14:36:13  ✅ Kamera-Reconnect erfolgreich (Versuch 1/3).
14:36:24  HTTP Request: POST http://localhost:11434/api/chat "HTTP/1.1 200 OK"
14:36:24     ✅ OK
14:36:28  ⚠️  WebSocket-Verbindung unterbrochen (Close-Code=1006, Grund='', Fehler=no close frame received or sent); automatischer Reconnect #70.
14:36:28  🔄 Neuer Verbindungsversuch in 2s...
14:36:30  🔌 Verbinde mit Drucker: ws://10.0.0.63:3030/websocket
14:36:31  ✅ Verbunden! MainboardID: 18421c180103147000001c0000000000
14:36:31  📤 Fordere Status nach Verbindung aktiv an (Cmd 0).
14:36:31  📨 Antwort für RequestID ee42ae67-a378-4e02-a1d3-577117d61b4c: Cmd=0, Ack=0
14:36:31  ✅ Status nach Verbindung aktualisiert: Maschine=Printing (1), Druck=Unknown (13)
14:36:31  ✅ Reconnect erfolgreich; Status wurde neu eingelesen.
14:36:44  HTTP Request: POST http://localhost:11434/api/chat "HTTP/1.1 200 OK"
14:36:44     ✅ OK
14:37:05  HTTP Request: POST http://localhost:11434/api/chat "HTTP/1.1 200 OK"
14:37:05     ✅ OK
14:37:25  HTTP Request: POST http://localhost:11434/api/chat "HTTP/1.1 200 OK"
14:37:25     ✅ OK
14:37:32  ⚠️  WebSocket-Verbindung unterbrochen (Close-Code=1006, Grund='', Fehler=no close frame received or sent); automatischer Reconnect #71.
14:37:32  🔄 Neuer Verbindungsversuch in 2s...
14:37:34  🔌 Verbinde mit Drucker: ws://10.0.0.63:3030/websocket
14:37:35  ✅ Verbunden! MainboardID: 18421c180103147000001c0000000000
14:37:35  📤 Fordere Status nach Verbindung aktiv an (Cmd 0).
14:37:35  📨 Antwort für RequestID f5180665-f3ae-485a-9f1b-6bcf112be4c3: Cmd=0, Ack=0
14:37:35  ✅ Status nach Verbindung aktualisiert: Maschine=Printing (1), Druck=Unknown (13)
14:37:35  ✅ Reconnect erfolgreich; Status wurde neu eingelesen.
14:37:45  HTTP Request: POST http://localhost:11434/api/chat "HTTP/1.1 200 OK"
14:37:45     ✅ OK
14:37:55  ❌ Kamera-Fehler: Konnte kein Frame von der Kamera lesen!
14:37:56  🔄 Kamera-Stream wird neu verbunden.
14:37:56  📷 Kamera-Stream geschlossen.
14:37:56  📷 Öffne Kamera-Stream: http://10.0.0.63:3031/video
14:37:57  ✅ Kamera-Stream geöffnet.
14:37:57  ✅ Kamera-Reconnect erfolgreich (Versuch 1/3).
14:38:07  HTTP Request: POST http://localhost:11434/api/chat "HTTP/1.1 200 OK"
14:38:07     ✅ OK
14:38:28  HTTP Request: POST http://localhost:11434/api/chat "HTTP/1.1 200 OK"
14:38:28     ✅ OK
14:38:36  ⚠️  WebSocket-Verbindung unterbrochen (Close-Code=1006, Grund='', Fehler=no close frame received or sent); automatischer Reconnect #72.
14:38:36  🔄 Neuer Verbindungsversuch in 2s...
14:38:38  🔌 Verbinde mit Drucker: ws://10.0.0.63:3030/websocket
14:38:39  ✅ Verbunden! MainboardID: 18421c180103147000001c0000000000
14:38:39  📤 Fordere Status nach Verbindung aktiv an (Cmd 0).
14:38:39  📨 Antwort für RequestID 130e1b39-9ec4-46ca-a245-0c11b93751c7: Cmd=0, Ack=0
14:38:39  ✅ Status nach Verbindung aktualisiert: Maschine=Printing (1), Druck=Unknown (13)
14:38:39  ✅ Reconnect erfolgreich; Status wurde neu eingelesen.
14:38:48  HTTP Request: POST http://localhost:11434/api/chat "HTTP/1.1 200 OK"
14:38:48     ✅ OK
14:39:08  HTTP Request: POST http://localhost:11434/api/chat "HTTP/1.1 200 OK"
14:39:08     ✅ OK
14:39:29  HTTP Request: POST http://localhost:11434/api/chat "HTTP/1.1 200 OK"
14:39:29     ✅ OK
14:39:39  ❌ Kamera-Fehler: Konnte kein Frame von der Kamera lesen!
14:39:40  🔄 Kamera-Stream wird neu verbunden.
14:39:40  📷 Kamera-Stream geschlossen.
14:39:40  📷 Öffne Kamera-Stream: http://10.0.0.63:3031/video
14:39:40  ✅ Kamera-Stream geöffnet.
14:39:40  ✅ Kamera-Reconnect erfolgreich (Versuch 1/3).
14:39:40  ⚠️  WebSocket-Verbindung unterbrochen (Close-Code=1006, Grund='', Fehler=no close frame received or sent); automatischer Reconnect #73.
14:39:40  🔄 Neuer Verbindungsversuch in 2s...
14:39:42  🔌 Verbinde mit Drucker: ws://10.0.0.63:3030/websocket
14:39:43  ✅ Verbunden! MainboardID: 18421c180103147000001c0000000000
14:39:43  📤 Fordere Status nach Verbindung aktiv an (Cmd 0).
14:39:43  📨 Antwort für RequestID f25ed5a3-5c4e-4cc4-adec-f9b3bd17fe34: Cmd=0, Ack=0
14:39:43  ✅ Status nach Verbindung aktualisiert: Maschine=Printing (1), Druck=Unknown (13)
14:39:43  ✅ Reconnect erfolgreich; Status wurde neu eingelesen.
14:39:50  HTTP Request: POST http://localhost:11434/api/chat "HTTP/1.1 200 OK"
14:39:50     ✅ OK
14:40:11  HTTP Request: POST http://localhost:11434/api/chat "HTTP/1.1 200 OK"
14:40:11     ✅ OK
14:40:31  HTTP Request: POST http://localhost:11434/api/chat "HTTP/1.1 200 OK"
14:40:31     ✅ OK
14:40:44  ⚠️  WebSocket-Verbindung unterbrochen (Close-Code=1006, Grund='', Fehler=no close frame received or sent); automatischer Reconnect #74.
14:40:44  🔄 Neuer Verbindungsversuch in 2s...
14:40:46  🔌 Verbinde mit Drucker: ws://10.0.0.63:3030/websocket
14:40:47  ✅ Verbunden! MainboardID: 18421c180103147000001c0000000000
14:40:47  📤 Fordere Status nach Verbindung aktiv an (Cmd 0).
14:40:47  📨 Antwort für RequestID 259bae47-6dce-4705-8dae-01d5ded1f79b: Cmd=0, Ack=0
14:40:47  ✅ Status nach Verbindung aktualisiert: Maschine=Printing (1), Druck=Unknown (13)
14:40:47  ✅ Reconnect erfolgreich; Status wurde neu eingelesen.
14:40:52  HTTP Request: POST http://localhost:11434/api/chat "HTTP/1.1 200 OK"
14:40:52     ✅ OK
14:41:12  HTTP Request: POST http://localhost:11434/api/chat "HTTP/1.1 200 OK"
14:41:12     ✅ OK
14:41:32  HTTP Request: POST http://localhost:11434/api/chat "HTTP/1.1 200 OK"
14:41:32     ✅ OK
14:41:42  ❌ Kamera-Fehler: Konnte kein Frame von der Kamera lesen!
14:41:43  🔄 Kamera-Stream wird neu verbunden.
14:41:43  📷 Kamera-Stream geschlossen.
14:41:43  📷 Öffne Kamera-Stream: http://10.0.0.63:3031/video
14:41:43  ✅ Kamera-Stream geöffnet.
14:41:44  ✅ Kamera-Reconnect erfolgreich (Versuch 1/3).
14:41:48  ⚠️  WebSocket-Verbindung unterbrochen (Close-Code=1006, Grund='', Fehler=no close frame received or sent); automatischer Reconnect #75.
14:41:48  🔄 Neuer Verbindungsversuch in 2s...
14:41:50  🔌 Verbinde mit Drucker: ws://10.0.0.63:3030/websocket
14:41:52  ✅ Verbunden! MainboardID: 18421c180103147000001c0000000000
14:41:52  📤 Fordere Status nach Verbindung aktiv an (Cmd 0).
14:41:52  📨 Antwort für RequestID a17af233-51ce-4803-905f-a0eb04c15dc1: Cmd=0, Ack=0
14:41:52  ✅ Status nach Verbindung aktualisiert: Maschine=Printing (1), Druck=Unknown (13)
14:41:52  ✅ Reconnect erfolgreich; Status wurde neu eingelesen.
14:41:54  HTTP Request: POST http://localhost:11434/api/chat "HTTP/1.1 200 OK"
14:41:54     ✅ OK
14:42:14  HTTP Request: POST http://localhost:11434/api/chat "HTTP/1.1 200 OK"
14:42:14     ✅ OK
14:42:35  HTTP Request: POST http://localhost:11434/api/chat "HTTP/1.1 200 OK"
14:42:35     ✅ OK
14:42:53  ⚠️  WebSocket-Verbindung unterbrochen (Close-Code=1006, Grund='', Fehler=no close frame received or sent); automatischer Reconnect #76.
14:42:53  🔄 Neuer Verbindungsversuch in 2s...
14:42:55  🔌 Verbinde mit Drucker: ws://10.0.0.63:3030/websocket
14:42:55  HTTP Request: POST http://localhost:11434/api/chat "HTTP/1.1 200 OK"
14:42:55     ✅ OK
14:42:55  ✅ Verbunden! MainboardID: 18421c180103147000001c0000000000
14:42:55  📤 Fordere Status nach Verbindung aktiv an (Cmd 0).
14:42:56  📨 Antwort für RequestID 7d8c0864-ab1b-4be0-80e6-df8e967c0a2e: Cmd=0, Ack=0
14:42:56  ✅ Status nach Verbindung aktualisiert: Maschine=Printing (1), Druck=Unknown (13)
14:42:56  ✅ Reconnect erfolgreich; Status wurde neu eingelesen.
14:43:16  HTTP Request: POST http://localhost:11434/api/chat "HTTP/1.1 200 OK"
14:43:16     ✅ OK
14:43:26  ❌ Kamera-Fehler: Konnte kein Frame von der Kamera lesen!
14:43:27  🔄 Kamera-Stream wird neu verbunden.
14:43:27  📷 Kamera-Stream geschlossen.
14:43:27  📷 Öffne Kamera-Stream: http://10.0.0.63:3031/video
14:43:27  ✅ Kamera-Stream geöffnet.
14:43:27  ✅ Kamera-Reconnect erfolgreich (Versuch 1/3).
14:43:37  HTTP Request: POST http://localhost:11434/api/chat "HTTP/1.1 200 OK"
14:43:37     ✅ OK
14:43:56  ⚠️  WebSocket-Verbindung unterbrochen (Close-Code=1006, Grund='', Fehler=no close frame received or sent); automatischer Reconnect #77.
14:43:56  🔄 Neuer Verbindungsversuch in 2s...
14:43:58  HTTP Request: POST http://localhost:11434/api/chat "HTTP/1.1 200 OK"
14:43:58     ✅ OK
14:43:59  🔌 Verbinde mit Drucker: ws://10.0.0.63:3030/websocket
14:44:00  ✅ Verbunden! MainboardID: 18421c180103147000001c0000000000
14:44:00  📤 Fordere Status nach Verbindung aktiv an (Cmd 0).
14:44:00  📨 Antwort für RequestID 70801098-7130-4b0a-941e-fc6392500889: Cmd=0, Ack=0
14:44:00  ✅ Status nach Verbindung aktualisiert: Maschine=Printing (1), Druck=Unknown (13)
14:44:00  ✅ Reconnect erfolgreich; Status wurde neu eingelesen.
14:44:18  HTTP Request: POST http://localhost:11434/api/chat "HTTP/1.1 200 OK"
14:44:18     ✅ OK
14:44:38  HTTP Request: POST http://localhost:11434/api/chat "HTTP/1.1 200 OK"
14:44:38     ✅ OK
14:44:59  HTTP Request: POST http://localhost:11434/api/chat "HTTP/1.1 200 OK"
14:44:59     ✅ OK
14:45:01  ⚠️  WebSocket-Verbindung unterbrochen (Close-Code=1006, Grund='', Fehler=no close frame received or sent); automatischer Reconnect #78.
14:45:01  🔄 Neuer Verbindungsversuch in 2s...
14:45:03  🔌 Verbinde mit Drucker: ws://10.0.0.63:3030/websocket
14:45:04  ✅ Verbunden! MainboardID: 18421c180103147000001c0000000000
14:45:04  📤 Fordere Status nach Verbindung aktiv an (Cmd 0).
14:45:04  📨 Antwort für RequestID b822a944-d58b-4ead-a176-59afb5ccc2d8: Cmd=0, Ack=0
14:45:04  ✅ Status nach Verbindung aktualisiert: Maschine=Printing (1), Druck=Unknown (13)
14:45:04  ✅ Reconnect erfolgreich; Status wurde neu eingelesen.
14:45:19  HTTP Request: POST http://localhost:11434/api/chat "HTTP/1.1 200 OK"
14:45:19     ✅ OK
14:45:40  HTTP Request: POST http://localhost:11434/api/chat "HTTP/1.1 200 OK"
14:45:40     ✅ OK
14:45:50  ❌ Kamera-Fehler: Konnte kein Frame von der Kamera lesen!
14:45:51  🔄 Kamera-Stream wird neu verbunden.
14:45:51  📷 Kamera-Stream geschlossen.
14:45:51  📷 Öffne Kamera-Stream: http://10.0.0.63:3031/video
14:45:51  ✅ Kamera-Stream geöffnet.
14:45:51  ✅ Kamera-Reconnect erfolgreich (Versuch 1/3).
14:46:02  HTTP Request: POST http://localhost:11434/api/chat "HTTP/1.1 200 OK"
14:46:02     ✅ OK
14:46:05  ⚠️  WebSocket-Verbindung unterbrochen (Close-Code=1006, Grund='', Fehler=no close frame received or sent); automatischer Reconnect #79.
14:46:05  🔄 Neuer Verbindungsversuch in 2s...
14:46:07  🔌 Verbinde mit Drucker: ws://10.0.0.63:3030/websocket
14:46:08  ✅ Verbunden! MainboardID: 18421c180103147000001c0000000000
14:46:08  📤 Fordere Status nach Verbindung aktiv an (Cmd 0).
14:46:08  📨 Antwort für RequestID 7c8676db-d693-4657-8f38-24d8ea7f604a: Cmd=0, Ack=0
14:46:08  ✅ Status nach Verbindung aktualisiert: Maschine=Printing (1), Druck=Unknown (13)
14:46:08  ✅ Reconnect erfolgreich; Status wurde neu eingelesen.
14:46:22  HTTP Request: POST http://localhost:11434/api/chat "HTTP/1.1 200 OK"
14:46:22     ✅ OK
14:46:43  HTTP Request: POST http://localhost:11434/api/chat "HTTP/1.1 200 OK"
14:46:43     ✅ OK
14:47:03  HTTP Request: POST http://localhost:11434/api/chat "HTTP/1.1 200 OK"
14:47:03     ✅ OK
14:47:09  ⚠️  WebSocket-Verbindung unterbrochen (Close-Code=1006, Grund='', Fehler=no close frame received or sent); automatischer Reconnect #80.
14:47:09  🔄 Neuer Verbindungsversuch in 2s...
14:47:11  🔌 Verbinde mit Drucker: ws://10.0.0.63:3030/websocket
14:47:13  ✅ Verbunden! MainboardID: 18421c180103147000001c0000000000
14:47:13  📤 Fordere Status nach Verbindung aktiv an (Cmd 0).
14:47:13  📨 Antwort für RequestID d49fa692-72ca-423c-a091-accca44f821b: Cmd=0, Ack=0
14:47:13  ✅ Status nach Verbindung aktualisiert: Maschine=Printing (1), Druck=Unknown (13)
14:47:13  ✅ Reconnect erfolgreich; Status wurde neu eingelesen.
14:47:13  ❌ Kamera-Fehler: Konnte kein Frame von der Kamera lesen!
14:47:14  🔄 Kamera-Stream wird neu verbunden.
14:47:14  📷 Kamera-Stream geschlossen.
14:47:14  📷 Öffne Kamera-Stream: http://10.0.0.63:3031/video
14:47:15  ✅ Kamera-Stream geöffnet.
14:47:15  ✅ Kamera-Reconnect erfolgreich (Versuch 1/3).
14:47:25  HTTP Request: POST http://localhost:11434/api/chat "HTTP/1.1 200 OK"
14:47:25     ✅ OK
14:47:46  HTTP Request: POST http://localhost:11434/api/chat "HTTP/1.1 200 OK"
14:47:46     ✅ OK
14:48:06  HTTP Request: POST http://localhost:11434/api/chat "HTTP/1.1 200 OK"
14:48:06     ✅ OK
14:48:14  ⚠️  WebSocket-Verbindung unterbrochen (Close-Code=1006, Grund='', Fehler=no close frame received or sent); automatischer Reconnect #81.
14:48:14  🔄 Neuer Verbindungsversuch in 2s...
14:48:16  🔌 Verbinde mit Drucker: ws://10.0.0.63:3030/websocket
14:48:17  ✅ Verbunden! MainboardID: 18421c180103147000001c0000000000
14:48:17  📤 Fordere Status nach Verbindung aktiv an (Cmd 0).
14:48:17  📨 Antwort für RequestID 1eb58e8c-f370-4298-a65d-822044db19d1: Cmd=0, Ack=0
14:48:17  ✅ Status nach Verbindung aktualisiert: Maschine=Printing (1), Druck=Unknown (13)
14:48:17  ✅ Reconnect erfolgreich; Status wurde neu eingelesen.
14:48:27  HTTP Request: POST http://localhost:11434/api/chat "HTTP/1.1 200 OK"
14:48:27     ✅ OK
14:48:47  HTTP Request: POST http://localhost:11434/api/chat "HTTP/1.1 200 OK"
14:48:47     ✅ OK
14:48:57  ❌ Kamera-Fehler: Konnte kein Frame von der Kamera lesen!
14:48:58  🔄 Kamera-Stream wird neu verbunden.
14:48:58  📷 Kamera-Stream geschlossen.
14:48:58  📷 Öffne Kamera-Stream: http://10.0.0.63:3031/video
14:48:58  ✅ Kamera-Stream geöffnet.
14:48:58  ✅ Kamera-Reconnect erfolgreich (Versuch 1/3).
14:49:09  HTTP Request: POST http://localhost:11434/api/chat "HTTP/1.1 200 OK"
14:49:09     ✅ OK
14:49:18  ⚠️  WebSocket-Verbindung unterbrochen (Close-Code=1006, Grund='', Fehler=no close frame received or sent); automatischer Reconnect #82.
14:49:18  🔄 Neuer Verbindungsversuch in 2s...
14:49:20  🔌 Verbinde mit Drucker: ws://10.0.0.63:3030/websocket
14:49:21  ✅ Verbunden! MainboardID: 18421c180103147000001c0000000000
14:49:21  📤 Fordere Status nach Verbindung aktiv an (Cmd 0).
14:49:21  📨 Antwort für RequestID da4e9cbd-3454-4917-b219-aed1260f563a: Cmd=0, Ack=0
14:49:21  ✅ Status nach Verbindung aktualisiert: Maschine=Printing (1), Druck=Unknown (13)
14:49:21  ✅ Reconnect erfolgreich; Status wurde neu eingelesen.
14:49:29  HTTP Request: POST http://localhost:11434/api/chat "HTTP/1.1 200 OK"
14:49:29     ✅ OK
14:49:50  HTTP Request: POST http://localhost:11434/api/chat "HTTP/1.1 200 OK"
14:49:50     ✅ OK
14:50:10  HTTP Request: POST http://localhost:11434/api/chat "HTTP/1.1 200 OK"
14:50:10     ✅ OK
14:50:22  ⚠️  WebSocket-Verbindung unterbrochen (Close-Code=1006, Grund='', Fehler=no close frame received or sent); automatischer Reconnect #83.
14:50:22  🔄 Neuer Verbindungsversuch in 2s...
14:50:24  🔌 Verbinde mit Drucker: ws://10.0.0.63:3030/websocket
14:50:25  ✅ Verbunden! MainboardID: 18421c180103147000001c0000000000
14:50:25  📤 Fordere Status nach Verbindung aktiv an (Cmd 0).
14:50:25  📨 Antwort für RequestID 7706f5e9-2c09-4df8-983a-e915f309868d: Cmd=0, Ack=0
14:50:25  ✅ Status nach Verbindung aktualisiert: Maschine=Printing (1), Druck=Unknown (13)
14:50:25  ✅ Reconnect erfolgreich; Status wurde neu eingelesen.
14:50:31  HTTP Request: POST http://localhost:11434/api/chat "HTTP/1.1 200 OK"
14:50:31     ✅ OK
14:50:51  HTTP Request: POST http://localhost:11434/api/chat "HTTP/1.1 200 OK"
14:50:51     ✅ OK
14:51:01  ❌ Kamera-Fehler: Konnte kein Frame von der Kamera lesen!
14:51:02  🔄 Kamera-Stream wird neu verbunden.
14:51:02  📷 Kamera-Stream geschlossen.
14:51:02  📷 Öffne Kamera-Stream: http://10.0.0.63:3031/video
14:51:02  ✅ Kamera-Stream geöffnet.
14:51:02  ✅ Kamera-Reconnect erfolgreich (Versuch 1/3).
14:51:13  HTTP Request: POST http://localhost:11434/api/chat "HTTP/1.1 200 OK"
14:51:13     ✅ OK
14:51:26  ⚠️  WebSocket-Verbindung unterbrochen (Close-Code=1006, Grund='', Fehler=no close frame received or sent); automatischer Reconnect #84.
14:51:26  🔄 Neuer Verbindungsversuch in 2s...
14:51:28  🔌 Verbinde mit Drucker: ws://10.0.0.63:3030/websocket
14:51:29  ✅ Verbunden! MainboardID: 18421c180103147000001c0000000000
14:51:29  📤 Fordere Status nach Verbindung aktiv an (Cmd 0).
14:51:29  📨 Antwort für RequestID a3549c16-4c62-4a1a-b9fd-772d27c9a432: Cmd=0, Ack=0
14:51:29  ✅ Status nach Verbindung aktualisiert: Maschine=Printing (1), Druck=Unknown (13)
14:51:29  ✅ Reconnect erfolgreich; Status wurde neu eingelesen.
14:51:33  HTTP Request: POST http://localhost:11434/api/chat "HTTP/1.1 200 OK"
14:51:33     ✅ OK
14:51:54  HTTP Request: POST http://localhost:11434/api/chat "HTTP/1.1 200 OK"
14:51:54     ✅ OK
14:52:14  HTTP Request: POST http://localhost:11434/api/chat "HTTP/1.1 200 OK"
14:52:14     ✅ OK
14:52:30  ⚠️  WebSocket-Verbindung unterbrochen (Close-Code=1006, Grund='', Fehler=no close frame received or sent); automatischer Reconnect #85.
14:52:30  🔄 Neuer Verbindungsversuch in 2s...
14:52:32  🔌 Verbinde mit Drucker: ws://10.0.0.63:3030/websocket
14:52:33  ✅ Verbunden! MainboardID: 18421c180103147000001c0000000000
14:52:33  📤 Fordere Status nach Verbindung aktiv an (Cmd 0).
14:52:33  📨 Antwort für RequestID bb9b85c7-6884-42a7-9227-a253c01f5f42: Cmd=0, Ack=0
14:52:33  ✅ Status nach Verbindung aktualisiert: Maschine=Printing (1), Druck=Unknown (13)
14:52:33  ✅ Reconnect erfolgreich; Status wurde neu eingelesen.
14:52:35  HTTP Request: POST http://localhost:11434/api/chat "HTTP/1.1 200 OK"
14:52:35     ✅ OK
14:52:45  ❌ Kamera-Fehler: Konnte kein Frame von der Kamera lesen!
14:52:46  🔄 Kamera-Stream wird neu verbunden.
14:52:46  📷 Kamera-Stream geschlossen.
14:52:46  📷 Öffne Kamera-Stream: http://10.0.0.63:3031/video
14:52:46  ✅ Kamera-Stream geöffnet.
14:52:46  ✅ Kamera-Reconnect erfolgreich (Versuch 1/3).
14:52:57  HTTP Request: POST http://localhost:11434/api/chat "HTTP/1.1 200 OK"
14:52:57     ✅ OK
14:53:17  HTTP Request: POST http://localhost:11434/api/chat "HTTP/1.1 200 OK"
14:53:17     ✅ OK
14:53:34  ⚠️  WebSocket-Verbindung unterbrochen (Close-Code=1006, Grund='', Fehler=no close frame received or sent); automatischer Reconnect #86.
14:53:34  🔄 Neuer Verbindungsversuch in 2s...
14:53:36  🔌 Verbinde mit Drucker: ws://10.0.0.63:3030/websocket
14:53:37  ✅ Verbunden! MainboardID: 18421c180103147000001c0000000000
14:53:37  📤 Fordere Status nach Verbindung aktiv an (Cmd 0).
14:53:37  📨 Antwort für RequestID c96c8f91-1989-4051-a6d3-c9008ed33c3d: Cmd=0, Ack=0
14:53:37  ✅ Status nach Verbindung aktualisiert: Maschine=Printing (1), Druck=Unknown (13)
14:53:37  ✅ Reconnect erfolgreich; Status wurde neu eingelesen.
14:53:37  HTTP Request: POST http://localhost:11434/api/chat "HTTP/1.1 200 OK"
14:53:37     ✅ OK
14:53:58  HTTP Request: POST http://localhost:11434/api/chat "HTTP/1.1 200 OK"
14:53:58     ✅ OK
14:54:18  HTTP Request: POST http://localhost:11434/api/chat "HTTP/1.1 200 OK"
14:54:18     ✅ OK
14:54:29  ❌ Kamera-Fehler: Konnte kein Frame von der Kamera lesen!
14:54:30  🔄 Kamera-Stream wird neu verbunden.
14:54:30  📷 Kamera-Stream geschlossen.
14:54:30  📷 Öffne Kamera-Stream: http://10.0.0.63:3031/video
14:54:30  ✅ Kamera-Stream geöffnet.
14:54:30  ✅ Kamera-Reconnect erfolgreich (Versuch 1/3).
14:54:38  ⚠️  WebSocket-Verbindung unterbrochen (Close-Code=1006, Grund='', Fehler=no close frame received or sent); automatischer Reconnect #87.
14:54:38  🔄 Neuer Verbindungsversuch in 2s...
14:54:40  🔌 Verbinde mit Drucker: ws://10.0.0.63:3030/websocket
14:54:40  HTTP Request: POST http://localhost:11434/api/chat "HTTP/1.1 200 OK"
14:54:40     ✅ OK
14:54:41  ✅ Verbunden! MainboardID: 18421c180103147000001c0000000000
14:54:41  📤 Fordere Status nach Verbindung aktiv an (Cmd 0).
14:54:41  📨 Antwort für RequestID 754144eb-13b7-4de5-9e26-38ead9708d04: Cmd=0, Ack=0
14:54:42  ✅ Status nach Verbindung aktualisiert: Maschine=Printing (1), Druck=Unknown (13)
14:54:42  ✅ Reconnect erfolgreich; Status wurde neu eingelesen.
14:55:01  HTTP Request: POST http://localhost:11434/api/chat "HTTP/1.1 200 OK"
14:55:01     ✅ OK
14:55:21  HTTP Request: POST http://localhost:11434/api/chat "HTTP/1.1 200 OK"
14:55:21     ✅ OK
14:55:42  HTTP Request: POST http://localhost:11434/api/chat "HTTP/1.1 200 OK"
14:55:42     ✅ OK
14:55:42  ⚠️  WebSocket-Verbindung unterbrochen (Close-Code=1006, Grund='', Fehler=no close frame received or sent); automatischer Reconnect #88.
14:55:42  🔄 Neuer Verbindungsversuch in 2s...
14:55:44  🔌 Verbinde mit Drucker: ws://10.0.0.63:3030/websocket
14:55:46  ✅ Verbunden! MainboardID: 18421c180103147000001c0000000000
14:55:46  📤 Fordere Status nach Verbindung aktiv an (Cmd 0).
14:55:46  📨 Antwort für RequestID 33110d89-e236-4c32-a43b-36387d909571: Cmd=0, Ack=0
14:55:46  ✅ Status nach Verbindung aktualisiert: Maschine=Printing (1), Druck=Unknown (13)
14:55:46  ✅ Reconnect erfolgreich; Status wurde neu eingelesen.
14:56:02  HTTP Request: POST http://localhost:11434/api/chat "HTTP/1.1 200 OK"
14:56:02     ✅ OK
14:56:12  ❌ Kamera-Fehler: Konnte kein Frame von der Kamera lesen!
14:56:13  🔄 Kamera-Stream wird neu verbunden.
14:56:13  📷 Kamera-Stream geschlossen.
14:56:13  📷 Öffne Kamera-Stream: http://10.0.0.63:3031/video
14:56:14  ✅ Kamera-Stream geöffnet.
14:56:14  ✅ Kamera-Reconnect erfolgreich (Versuch 1/3).
14:56:24  HTTP Request: POST http://localhost:11434/api/chat "HTTP/1.1 200 OK"
14:56:24     ✅ OK
14:56:45  HTTP Request: POST http://localhost:11434/api/chat "HTTP/1.1 200 OK"
14:56:45     ✅ OK
14:56:47  ⚠️  WebSocket-Verbindung unterbrochen (Close-Code=1006, Grund='', Fehler=no close frame received or sent); automatischer Reconnect #89.
14:56:47  🔄 Neuer Verbindungsversuch in 2s...
14:56:49  🔌 Verbinde mit Drucker: ws://10.0.0.63:3030/websocket
14:56:50  ✅ Verbunden! MainboardID: 18421c180103147000001c0000000000
14:56:50  📤 Fordere Status nach Verbindung aktiv an (Cmd 0).
14:56:50  📨 Antwort für RequestID 6e82eec7-4bb0-46a8-879a-ecf977b524b4: Cmd=0, Ack=0
14:56:50  ✅ Status nach Verbindung aktualisiert: Maschine=Printing (1), Druck=Unknown (13)
14:56:50  ✅ Reconnect erfolgreich; Status wurde neu eingelesen.
14:57:05  HTTP Request: POST http://localhost:11434/api/chat "HTTP/1.1 200 OK"
14:57:05     ✅ OK
14:57:26  HTTP Request: POST http://localhost:11434/api/chat "HTTP/1.1 200 OK"
14:57:26     ✅ OK
14:57:46  HTTP Request: POST http://localhost:11434/api/chat "HTTP/1.1 200 OK"
14:57:46     ✅ OK
14:57:51  ⚠️  WebSocket-Verbindung unterbrochen (Close-Code=1006, Grund='', Fehler=no close frame received or sent); automatischer Reconnect #90.
14:57:51  🔄 Neuer Verbindungsversuch in 2s...
14:57:53  🔌 Verbinde mit Drucker: ws://10.0.0.63:3030/websocket
14:57:54  ✅ Verbunden! MainboardID: 18421c180103147000001c0000000000
14:57:54  📤 Fordere Status nach Verbindung aktiv an (Cmd 0).
14:57:54  📨 Antwort für RequestID a83a74b5-41bb-4698-84f6-1973cf7f342c: Cmd=0, Ack=0
14:57:54  ✅ Status nach Verbindung aktualisiert: Maschine=Printing (1), Druck=Unknown (13)
14:57:54  ✅ Reconnect erfolgreich; Status wurde neu eingelesen.
14:58:07  HTTP Request: POST http://localhost:11434/api/chat "HTTP/1.1 200 OK"
14:58:07     ✅ OK
14:58:27  HTTP Request: POST http://localhost:11434/api/chat "HTTP/1.1 200 OK"
14:58:27     ✅ OK
14:58:37  ❌ Kamera-Fehler: Konnte kein Frame von der Kamera lesen!
14:58:38  🔄 Kamera-Stream wird neu verbunden.
14:58:38  📷 Kamera-Stream geschlossen.
14:58:38  📷 Öffne Kamera-Stream: http://10.0.0.63:3031/video
14:58:38  ✅ Kamera-Stream geöffnet.
14:58:38  ✅ Kamera-Reconnect erfolgreich (Versuch 1/3).
14:58:49  HTTP Request: POST http://localhost:11434/api/chat "HTTP/1.1 200 OK"
14:58:49     ✅ OK
14:58:55  ⚠️  WebSocket-Verbindung unterbrochen (Close-Code=1006, Grund='', Fehler=no close frame received or sent); automatischer Reconnect #91.
14:58:55  🔄 Neuer Verbindungsversuch in 2s...
14:58:57  🔌 Verbinde mit Drucker: ws://10.0.0.63:3030/websocket
14:58:58  ✅ Verbunden! MainboardID: 18421c180103147000001c0000000000
14:58:58  📤 Fordere Status nach Verbindung aktiv an (Cmd 0).
14:58:58  📨 Antwort für RequestID 298100d6-ee1c-4158-b4de-1b313e2dec8a: Cmd=0, Ack=0
14:58:58  ✅ Status nach Verbindung aktualisiert: Maschine=Printing (1), Druck=Unknown (13)
14:58:58  ✅ Reconnect erfolgreich; Status wurde neu eingelesen.
14:59:09  HTTP Request: POST http://localhost:11434/api/chat "HTTP/1.1 200 OK"
14:59:09     ✅ OK
14:59:29  HTTP Request: POST http://localhost:11434/api/chat "HTTP/1.1 200 OK"
14:59:29     ✅ OK
14:59:49  HTTP Request: POST http://localhost:11434/api/chat "HTTP/1.1 200 OK"
14:59:49     ✅ OK
14:59:59  ⚠️  WebSocket-Verbindung unterbrochen (Close-Code=1006, Grund='', Fehler=no close frame received or sent); automatischer Reconnect #92.
14:59:59  🔄 Neuer Verbindungsversuch in 2s...
15:00:01  🔌 Verbinde mit Drucker: ws://10.0.0.63:3030/websocket
15:00:02  ✅ Verbunden! MainboardID: 18421c180103147000001c0000000000
15:00:02  📤 Fordere Status nach Verbindung aktiv an (Cmd 0).
15:00:02  📨 Antwort für RequestID ae150764-36cb-4132-b2ce-43176482fe6f: Cmd=0, Ack=0
15:00:02  ✅ Status nach Verbindung aktualisiert: Maschine=Printing (1), Druck=Unknown (13)
15:00:02  ✅ Reconnect erfolgreich; Status wurde neu eingelesen.
15:00:08  HTTP Request: POST http://localhost:11434/api/chat "HTTP/1.1 200 OK"
15:00:08     ✅ OK
15:00:28  HTTP Request: POST http://localhost:11434/api/chat "HTTP/1.1 200 OK"
15:00:28     ✅ OK
15:00:47  HTTP Request: POST http://localhost:11434/api/chat "HTTP/1.1 200 OK"
15:00:47     ✅ OK
15:01:03  ⚠️  WebSocket-Verbindung unterbrochen (Close-Code=1006, Grund='', Fehler=no close frame received or sent); automatischer Reconnect #93.
15:01:03  🔄 Neuer Verbindungsversuch in 2s...
15:01:05  🔌 Verbinde mit Drucker: ws://10.0.0.63:3030/websocket
15:01:06  ✅ Verbunden! MainboardID: 18421c180103147000001c0000000000
15:01:06  📤 Fordere Status nach Verbindung aktiv an (Cmd 0).
15:01:06  📨 Antwort für RequestID 58af16ae-7afb-46fb-92b5-2904b3875dad: Cmd=0, Ack=0
15:01:07  ✅ Status nach Verbindung aktualisiert: Maschine=Printing (1), Druck=Unknown (13)
15:01:07  ✅ Reconnect erfolgreich; Status wurde neu eingelesen.
15:01:07  HTTP Request: POST http://localhost:11434/api/chat "HTTP/1.1 200 OK"
15:01:07     ✅ OK
15:01:17  ❌ Kamera-Fehler: Konnte kein Frame von der Kamera lesen!
15:01:18  🔄 Kamera-Stream wird neu verbunden.
15:01:18  📷 Kamera-Stream geschlossen.
15:01:18  📷 Öffne Kamera-Stream: http://10.0.0.63:3031/video
15:01:18  ✅ Kamera-Stream geöffnet.
15:01:18  ✅ Kamera-Reconnect erfolgreich (Versuch 1/3).
15:01:28  HTTP Request: POST http://localhost:11434/api/chat "HTTP/1.1 200 OK"
15:01:28     ✅ OK
15:01:47  HTTP Request: POST http://localhost:11434/api/chat "HTTP/1.1 200 OK"
15:01:47     ✅ OK
15:02:07  HTTP Request: POST http://localhost:11434/api/chat "HTTP/1.1 200 OK"
15:02:07     ✅ OK
15:02:07  ⚠️  WebSocket-Verbindung unterbrochen (Close-Code=1006, Grund='', Fehler=no close frame received or sent); automatischer Reconnect #94.
15:02:07  🔄 Neuer Verbindungsversuch in 2s...
15:02:09  🔌 Verbinde mit Drucker: ws://10.0.0.63:3030/websocket
15:02:10  ✅ Verbunden! MainboardID: 18421c180103147000001c0000000000
15:02:10  📤 Fordere Status nach Verbindung aktiv an (Cmd 0).
15:02:11  📨 Antwort für RequestID 79aa4ac1-54f6-4f89-aa1f-7d7803beaa1b: Cmd=0, Ack=0
15:02:11  ✅ Status nach Verbindung aktualisiert: Maschine=Printing (1), Druck=Unknown (13)
15:02:11  ✅ Reconnect erfolgreich; Status wurde neu eingelesen.
15:02:27  HTTP Request: POST http://localhost:11434/api/chat "HTTP/1.1 200 OK"
15:02:27     ✅ OK
15:02:37  ❌ Kamera-Fehler: Konnte kein Frame von der Kamera lesen!
15:02:38  🔄 Kamera-Stream wird neu verbunden.
15:02:38  📷 Kamera-Stream geschlossen.
15:02:38  📷 Öffne Kamera-Stream: http://10.0.0.63:3031/video
15:02:38  ✅ Kamera-Stream geöffnet.
15:02:38  ✅ Kamera-Reconnect erfolgreich (Versuch 1/3).
15:02:47  HTTP Request: POST http://localhost:11434/api/chat "HTTP/1.1 200 OK"
15:02:47     ✅ OK
15:03:07  HTTP Request: POST http://localhost:11434/api/chat "HTTP/1.1 200 OK"
15:03:07     ✅ OK
15:03:11  ⚠️  WebSocket-Verbindung unterbrochen (Close-Code=1006, Grund='', Fehler=no close frame received or sent); automatischer Reconnect #95.
15:03:11  🔄 Neuer Verbindungsversuch in 2s...
15:03:14  🔌 Verbinde mit Drucker: ws://10.0.0.63:3030/websocket
15:03:15  ✅ Verbunden! MainboardID: 18421c180103147000001c0000000000
15:03:15  📤 Fordere Status nach Verbindung aktiv an (Cmd 0).
15:03:15  📨 Antwort für RequestID 29aee9d6-2adc-4c23-ba3b-e5138ace661c: Cmd=0, Ack=0
15:03:15  ✅ Status nach Verbindung aktualisiert: Maschine=Printing (1), Druck=Unknown (13)
15:03:15  ✅ Reconnect erfolgreich; Status wurde neu eingelesen.
15:03:27  HTTP Request: POST http://localhost:11434/api/chat "HTTP/1.1 200 OK"
15:03:27     ✅ OK
15:03:46  HTTP Request: POST http://localhost:11434/api/chat "HTTP/1.1 200 OK"
15:03:46     ✅ OK
15:04:06  HTTP Request: POST http://localhost:11434/api/chat "HTTP/1.1 200 OK"
15:04:06     ✅ OK
15:04:16  ❌ Kamera-Fehler: Konnte kein Frame von der Kamera lesen!
15:04:16  ⚠️  WebSocket-Verbindung unterbrochen (Close-Code=1006, Grund='', Fehler=no close frame received or sent); automatischer Reconnect #96.
15:04:16  🔄 Neuer Verbindungsversuch in 2s...
15:04:17  🔄 Kamera-Stream wird neu verbunden.
15:04:17  📷 Kamera-Stream geschlossen.
15:04:17  📷 Öffne Kamera-Stream: http://10.0.0.63:3031/video
15:04:17  ✅ Kamera-Stream geöffnet.
15:04:17  ✅ Kamera-Reconnect erfolgreich (Versuch 1/3).
15:04:18  🔌 Verbinde mit Drucker: ws://10.0.0.63:3030/websocket
15:04:19  ✅ Verbunden! MainboardID: 18421c180103147000001c0000000000
15:04:19  📤 Fordere Status nach Verbindung aktiv an (Cmd 0).
15:04:19  📨 Antwort für RequestID f5222ba0-6787-46a9-bbf6-cd2e7cc253b9: Cmd=0, Ack=0
15:04:19  ✅ Status nach Verbindung aktualisiert: Maschine=Printing (1), Druck=Unknown (13)
15:04:19  ✅ Reconnect erfolgreich; Status wurde neu eingelesen.
15:04:27  HTTP Request: POST http://localhost:11434/api/chat "HTTP/1.1 200 OK"
15:04:27     ✅ OK
15:04:46  HTTP Request: POST http://localhost:11434/api/chat "HTTP/1.1 200 OK"
15:04:46     ✅ OK
15:05:06  HTTP Request: POST http://localhost:11434/api/chat "HTTP/1.1 200 OK"
15:05:06     ✅ OK
15:05:20  ⚠️  WebSocket-Verbindung unterbrochen (Close-Code=1006, Grund='', Fehler=no close frame received or sent); automatischer Reconnect #97.
15:05:20  🔄 Neuer Verbindungsversuch in 2s...
15:05:22  🔌 Verbinde mit Drucker: ws://10.0.0.63:3030/websocket
15:05:23  ✅ Verbunden! MainboardID: 18421c180103147000001c0000000000
15:05:23  📤 Fordere Status nach Verbindung aktiv an (Cmd 0).
15:05:23  📨 Antwort für RequestID 27c9950c-cbd5-40a4-86b7-24024c06557c: Cmd=0, Ack=0
15:05:23  ✅ Status nach Verbindung aktualisiert: Maschine=Printing (1), Druck=Unknown (13)
15:05:23  ✅ Reconnect erfolgreich; Status wurde neu eingelesen.
15:05:25  HTTP Request: POST http://localhost:11434/api/chat "HTTP/1.1 200 OK"
15:05:25     ✅ OK
15:05:45  HTTP Request: POST http://localhost:11434/api/chat "HTTP/1.1 200 OK"
15:05:45     ✅ OK
15:05:55  ❌ Kamera-Fehler: Konnte kein Frame von der Kamera lesen!
15:05:56  🔄 Kamera-Stream wird neu verbunden.
15:05:56  📷 Kamera-Stream geschlossen.
15:05:56  📷 Öffne Kamera-Stream: http://10.0.0.63:3031/video
15:05:56  ✅ Kamera-Stream geöffnet.
15:05:56  ✅ Kamera-Reconnect erfolgreich (Versuch 1/3).
15:06:06  HTTP Request: POST http://localhost:11434/api/chat "HTTP/1.1 200 OK"
15:06:06     ✅ OK
15:06:24  ⚠️  WebSocket-Verbindung unterbrochen (Close-Code=1006, Grund='', Fehler=no close frame received or sent); automatischer Reconnect #98.
15:06:24  🔄 Neuer Verbindungsversuch in 2s...
15:06:26  HTTP Request: POST http://localhost:11434/api/chat "HTTP/1.1 200 OK"
15:06:26     ✅ OK
15:06:26  🔌 Verbinde mit Drucker: ws://10.0.0.63:3030/websocket
15:06:27  ✅ Verbunden! MainboardID: 18421c180103147000001c0000000000
15:06:27  📤 Fordere Status nach Verbindung aktiv an (Cmd 0).
15:06:28  📨 Antwort für RequestID c967d4d8-68a3-4ced-b313-fa4813b00271: Cmd=0, Ack=0
15:06:28  ✅ Status nach Verbindung aktualisiert: Maschine=Printing (1), Druck=Unknown (13)
15:06:28  ✅ Reconnect erfolgreich; Status wurde neu eingelesen.
15:06:45  HTTP Request: POST http://localhost:11434/api/chat "HTTP/1.1 200 OK"
15:06:45     ✅ OK
15:07:05  HTTP Request: POST http://localhost:11434/api/chat "HTTP/1.1 200 OK"
15:07:05     ✅ OK
15:07:15  ❌ Kamera-Fehler: Konnte kein Frame von der Kamera lesen!
15:07:16  🔄 Kamera-Stream wird neu verbunden.
15:07:16  📷 Kamera-Stream geschlossen.
15:07:16  📷 Öffne Kamera-Stream: http://10.0.0.63:3031/video
15:07:16  ✅ Kamera-Stream geöffnet.
15:07:16  ✅ Kamera-Reconnect erfolgreich (Versuch 1/3).
15:07:26  HTTP Request: POST http://localhost:11434/api/chat "HTTP/1.1 200 OK"
15:07:26     ✅ OK
15:07:28  ⚠️  WebSocket-Verbindung unterbrochen (Close-Code=1006, Grund='', Fehler=no close frame received or sent); automatischer Reconnect #99.
15:07:28  🔄 Neuer Verbindungsversuch in 2s...
15:07:30  🔌 Verbinde mit Drucker: ws://10.0.0.63:3030/websocket
15:07:32  ✅ Verbunden! MainboardID: 18421c180103147000001c0000000000
15:07:32  📤 Fordere Status nach Verbindung aktiv an (Cmd 0).
15:07:32  📨 Antwort für RequestID c96cb1f3-04fa-462d-bee0-88aa493c3104: Cmd=0, Ack=0
15:07:32  ✅ Status nach Verbindung aktualisiert: Maschine=Printing (1), Druck=Unknown (13)
15:07:32  ✅ Reconnect erfolgreich; Status wurde neu eingelesen.
15:07:45  HTTP Request: POST http://localhost:11434/api/chat "HTTP/1.1 200 OK"
15:07:45     ✅ OK
15:08:05  HTTP Request: POST http://localhost:11434/api/chat "HTTP/1.1 200 OK"
15:08:05     ✅ OK
15:08:25  HTTP Request: POST http://localhost:11434/api/chat "HTTP/1.1 200 OK"
15:08:25     ✅ OK
15:08:33  ⚠️  WebSocket-Verbindung unterbrochen (Close-Code=1006, Grund='', Fehler=no close frame received or sent); automatischer Reconnect #100.
15:08:33  🔄 Neuer Verbindungsversuch in 2s...
15:08:35  🔌 Verbinde mit Drucker: ws://10.0.0.63:3030/websocket
15:08:35  ❌ Kamera-Fehler: Konnte kein Frame von der Kamera lesen!
15:08:36  🔄 Kamera-Stream wird neu verbunden.
15:08:36  📷 Kamera-Stream geschlossen.
15:08:36  📷 Öffne Kamera-Stream: http://10.0.0.63:3031/video
15:08:36  ✅ Kamera-Stream geöffnet.
15:08:36  ✅ Kamera-Reconnect erfolgreich (Versuch 1/3).
15:08:36  ✅ Verbunden! MainboardID: 18421c180103147000001c0000000000
15:08:36  📤 Fordere Status nach Verbindung aktiv an (Cmd 0).
15:08:36  📨 Antwort für RequestID 8b5f760b-61ff-4453-98ea-2db897c61492: Cmd=0, Ack=0
15:08:36  ✅ Status nach Verbindung aktualisiert: Maschine=Printing (1), Druck=Unknown (13)
15:08:36  ✅ Reconnect erfolgreich; Status wurde neu eingelesen.
15:08:46  HTTP Request: POST http://localhost:11434/api/chat "HTTP/1.1 200 OK"
15:08:46     ✅ OK
15:09:05  HTTP Request: POST http://localhost:11434/api/chat "HTTP/1.1 200 OK"
15:09:05     ✅ OK
15:09:25  HTTP Request: POST http://localhost:11434/api/chat "HTTP/1.1 200 OK"
15:09:25     ✅ OK
15:09:37  ⚠️  WebSocket-Verbindung unterbrochen (Close-Code=1006, Grund='', Fehler=no close frame received or sent); automatischer Reconnect #101.
15:09:37  🔄 Neuer Verbindungsversuch in 2s...
15:09:39  🔌 Verbinde mit Drucker: ws://10.0.0.63:3030/websocket
15:09:40  ✅ Verbunden! MainboardID: 18421c180103147000001c0000000000
15:09:40  📤 Fordere Status nach Verbindung aktiv an (Cmd 0).
15:09:40  📨 Antwort für RequestID cd2a6489-3843-47db-9483-a8f4c8aa116b: Cmd=0, Ack=0
15:09:40  ✅ Status nach Verbindung aktualisiert: Maschine=Printing (1), Druck=Unknown (13)
15:09:40  ✅ Reconnect erfolgreich; Status wurde neu eingelesen.
15:09:45  HTTP Request: POST http://localhost:11434/api/chat "HTTP/1.1 200 OK"
15:09:45     ✅ OK
15:10:04  HTTP Request: POST http://localhost:11434/api/chat "HTTP/1.1 200 OK"
15:10:04     ✅ OK
15:10:14  ❌ Kamera-Fehler: Konnte kein Frame von der Kamera lesen!
15:10:15  🔄 Kamera-Stream wird neu verbunden.
15:10:15  📷 Kamera-Stream geschlossen.
15:10:15  📷 Öffne Kamera-Stream: http://10.0.0.63:3031/video
15:10:15  ✅ Kamera-Stream geöffnet.
15:10:15  ✅ Kamera-Reconnect erfolgreich (Versuch 1/3).
15:10:25  HTTP Request: POST http://localhost:11434/api/chat "HTTP/1.1 200 OK"
15:10:25     ✅ OK
15:10:41  ⚠️  WebSocket-Verbindung unterbrochen (Close-Code=1006, Grund='', Fehler=no close frame received or sent); automatischer Reconnect #102.
15:10:41  🔄 Neuer Verbindungsversuch in 2s...
15:10:43  🔌 Verbinde mit Drucker: ws://10.0.0.63:3030/websocket
15:10:44  ✅ Verbunden! MainboardID: 18421c180103147000001c0000000000
15:10:44  📤 Fordere Status nach Verbindung aktiv an (Cmd 0).
15:10:44  📨 Antwort für RequestID f2fc78fa-9b96-4b9a-9f83-d062829ba60c: Cmd=0, Ack=0
15:10:44  ✅ Status nach Verbindung aktualisiert: Maschine=Printing (1), Druck=Unknown (13)
15:10:44  ✅ Reconnect erfolgreich; Status wurde neu eingelesen.
15:10:44  HTTP Request: POST http://localhost:11434/api/chat "HTTP/1.1 200 OK"
15:10:44     ✅ OK
15:11:04  HTTP Request: POST http://localhost:11434/api/chat "HTTP/1.1 200 OK"
15:11:04     ✅ OK
15:11:24  HTTP Request: POST http://localhost:11434/api/chat "HTTP/1.1 200 OK"
15:11:24     ✅ OK
15:11:34  ❌ Kamera-Fehler: Konnte kein Frame von der Kamera lesen!
15:11:35  🔄 Kamera-Stream wird neu verbunden.
15:11:35  📷 Kamera-Stream geschlossen.
15:11:35  📷 Öffne Kamera-Stream: http://10.0.0.63:3031/video
15:11:35  ✅ Kamera-Stream geöffnet.
15:11:35  ✅ Kamera-Reconnect erfolgreich (Versuch 1/3).
15:11:44  HTTP Request: POST http://localhost:11434/api/chat "HTTP/1.1 200 OK"
15:11:44     ✅ OK
15:11:45  ⚠️  WebSocket-Verbindung unterbrochen (Close-Code=1006, Grund='', Fehler=no close frame received or sent); automatischer Reconnect #103.
15:11:45  🔄 Neuer Verbindungsversuch in 2s...
15:11:47  🔌 Verbinde mit Drucker: ws://10.0.0.63:3030/websocket
15:11:48  ✅ Verbunden! MainboardID: 18421c180103147000001c0000000000
15:11:48  📤 Fordere Status nach Verbindung aktiv an (Cmd 0).
15:11:48  📨 Antwort für RequestID 3ecec131-d017-45b8-b426-c7ecdb9ebc70: Cmd=0, Ack=0
15:11:48  ✅ Status nach Verbindung aktualisiert: Maschine=Printing (1), Druck=Unknown (13)
15:11:48  ✅ Reconnect erfolgreich; Status wurde neu eingelesen.
15:12:04  HTTP Request: POST http://localhost:11434/api/chat "HTTP/1.1 200 OK"
15:12:04     ✅ OK
15:12:24  HTTP Request: POST http://localhost:11434/api/chat "HTTP/1.1 200 OK"
15:12:24     ✅ OK
15:12:43  HTTP Request: POST http://localhost:11434/api/chat "HTTP/1.1 200 OK"
15:12:43     ✅ OK
15:12:49  ⚠️  WebSocket-Verbindung unterbrochen (Close-Code=1006, Grund='', Fehler=no close frame received or sent); automatischer Reconnect #104.
15:12:49  🔄 Neuer Verbindungsversuch in 2s...
15:12:51  🔌 Verbinde mit Drucker: ws://10.0.0.63:3030/websocket
15:12:52  ✅ Verbunden! MainboardID: 18421c180103147000001c0000000000
15:12:52  📤 Fordere Status nach Verbindung aktiv an (Cmd 0).
15:12:52  📨 Antwort für RequestID 0e01366d-bea4-4564-afbd-023313cb1832: Cmd=0, Ack=0
15:12:52  ✅ Status nach Verbindung aktualisiert: Maschine=Printing (1), Druck=Unknown (13)
15:12:52  ✅ Reconnect erfolgreich; Status wurde neu eingelesen.
15:13:03  HTTP Request: POST http://localhost:11434/api/chat "HTTP/1.1 200 OK"
15:13:03     ✅ OK
15:13:13  ❌ Kamera-Fehler: Konnte kein Frame von der Kamera lesen!
15:13:14  🔄 Kamera-Stream wird neu verbunden.
15:13:14  📷 Kamera-Stream geschlossen.
15:13:14  📷 Öffne Kamera-Stream: http://10.0.0.63:3031/video
15:13:14  ✅ Kamera-Stream geöffnet.
15:13:14  ✅ Kamera-Reconnect erfolgreich (Versuch 1/3).
15:13:23  HTTP Request: POST http://localhost:11434/api/chat "HTTP/1.1 200 OK"
15:13:23     ✅ OK
15:13:43  HTTP Request: POST http://localhost:11434/api/chat "HTTP/1.1 200 OK"
15:13:43     ✅ OK
15:13:53  ⚠️  WebSocket-Verbindung unterbrochen (Close-Code=1006, Grund='', Fehler=no close frame received or sent); automatischer Reconnect #105.
15:13:53  🔄 Neuer Verbindungsversuch in 2s...
15:13:55  🔌 Verbinde mit Drucker: ws://10.0.0.63:3030/websocket
15:13:56  ✅ Verbunden! MainboardID: 18421c180103147000001c0000000000
15:13:56  📤 Fordere Status nach Verbindung aktiv an (Cmd 0).
15:13:56  📨 Antwort für RequestID ced37c97-5ba8-41ef-8003-2e37981ac437: Cmd=0, Ack=0
15:13:56  ✅ Status nach Verbindung aktualisiert: Maschine=Printing (1), Druck=Unknown (13)
15:13:56  ✅ Reconnect erfolgreich; Status wurde neu eingelesen.
15:14:02  HTTP Request: POST http://localhost:11434/api/chat "HTTP/1.1 200 OK"
15:14:02     ✅ OK
15:14:22  HTTP Request: POST http://localhost:11434/api/chat "HTTP/1.1 200 OK"
15:14:22     ✅ OK
15:14:41  HTTP Request: POST http://localhost:11434/api/chat "HTTP/1.1 200 OK"
15:14:41     ✅ OK
15:14:51  ❌ Kamera-Fehler: Konnte kein Frame von der Kamera lesen!
15:14:52  🔄 Kamera-Stream wird neu verbunden.
15:14:52  📷 Kamera-Stream geschlossen.
15:14:52  📷 Öffne Kamera-Stream: http://10.0.0.63:3031/video
15:14:53  ✅ Kamera-Stream geöffnet.
15:14:53  ✅ Kamera-Reconnect erfolgreich (Versuch 1/3).
15:14:57  ⚠️  WebSocket-Verbindung unterbrochen (Close-Code=1006, Grund='', Fehler=no close frame received or sent); automatischer Reconnect #106.
15:14:57  🔄 Neuer Verbindungsversuch in 2s...
15:14:59  🔌 Verbinde mit Drucker: ws://10.0.0.63:3030/websocket
15:15:01  ✅ Verbunden! MainboardID: 18421c180103147000001c0000000000
15:15:01  📤 Fordere Status nach Verbindung aktiv an (Cmd 0).
15:15:01  📨 Antwort für RequestID e09fb5de-8b99-4f66-9429-043e8ea791bf: Cmd=0, Ack=0
15:15:01  ✅ Status nach Verbindung aktualisiert: Maschine=Printing (1), Druck=Unknown (13)
15:15:01  ✅ Reconnect erfolgreich; Status wurde neu eingelesen.
15:15:02  HTTP Request: POST http://localhost:11434/api/chat "HTTP/1.1 200 OK"
15:15:02     ✅ OK
15:15:22  HTTP Request: POST http://localhost:11434/api/chat "HTTP/1.1 200 OK"
15:15:22     ✅ OK
15:15:41  HTTP Request: POST http://localhost:11434/api/chat "HTTP/1.1 200 OK"
15:15:41     ✅ OK
15:16:01  HTTP Request: POST http://localhost:11434/api/chat "HTTP/1.1 200 OK"
15:16:01     ✅ OK
15:16:02  ⚠️  WebSocket-Verbindung unterbrochen (Close-Code=1006, Grund='', Fehler=no close frame received or sent); automatischer Reconnect #107.
15:16:02  🔄 Neuer Verbindungsversuch in 2s...
15:16:04  🔌 Verbinde mit Drucker: ws://10.0.0.63:3030/websocket
15:16:05  ✅ Verbunden! MainboardID: 18421c180103147000001c0000000000
15:16:05  📤 Fordere Status nach Verbindung aktiv an (Cmd 0).
15:16:05  📨 Antwort für RequestID 34d87f35-f8e8-4489-805d-4af83cbe8709: Cmd=0, Ack=0
15:16:05  ✅ Status nach Verbindung aktualisiert: Maschine=Printing (1), Druck=Unknown (13)
15:16:05  ✅ Reconnect erfolgreich; Status wurde neu eingelesen.
15:16:11  ❌ Kamera-Fehler: Konnte kein Frame von der Kamera lesen!
15:16:12  🔄 Kamera-Stream wird neu verbunden.
15:16:12  📷 Kamera-Stream geschlossen.
15:16:12  📷 Öffne Kamera-Stream: http://10.0.0.63:3031/video
15:16:12  ✅ Kamera-Stream geöffnet.
15:16:12  ✅ Kamera-Reconnect erfolgreich (Versuch 1/3).
15:16:22  HTTP Request: POST http://localhost:11434/api/chat "HTTP/1.1 200 OK"
15:16:22     ✅ OK
15:16:41  HTTP Request: POST http://localhost:11434/api/chat "HTTP/1.1 200 OK"
15:16:41     ✅ OK
15:17:01  HTTP Request: POST http://localhost:11434/api/chat "HTTP/1.1 200 OK"
15:17:01     ✅ OK
15:17:06  ⚠️  WebSocket-Verbindung unterbrochen (Close-Code=1006, Grund='', Fehler=no close frame received or sent); automatischer Reconnect #108.
15:17:06  🔄 Neuer Verbindungsversuch in 2s...
15:17:08  🔌 Verbinde mit Drucker: ws://10.0.0.63:3030/websocket
15:17:09  ✅ Verbunden! MainboardID: 18421c180103147000001c0000000000
15:17:09  📤 Fordere Status nach Verbindung aktiv an (Cmd 0).
15:17:09  📨 Antwort für RequestID b327b8d4-cca8-48c9-a9f7-0cbe625acadd: Cmd=0, Ack=0
15:17:09  ✅ Status nach Verbindung aktualisiert: Maschine=Printing (1), Druck=Unknown (13)
15:17:09  ✅ Reconnect erfolgreich; Status wurde neu eingelesen.
15:17:20  HTTP Request: POST http://localhost:11434/api/chat "HTTP/1.1 200 OK"
15:17:20     ✅ OK
15:17:30  ❌ Kamera-Fehler: Konnte kein Frame von der Kamera lesen!
15:17:31  🔄 Kamera-Stream wird neu verbunden.
15:17:31  📷 Kamera-Stream geschlossen.
15:17:31  📷 Öffne Kamera-Stream: http://10.0.0.63:3031/video
15:17:31  ✅ Kamera-Stream geöffnet.
15:17:31  ✅ Kamera-Reconnect erfolgreich (Versuch 1/3).
15:17:41  HTTP Request: POST http://localhost:11434/api/chat "HTTP/1.1 200 OK"
15:17:41     ✅ OK
15:18:01  HTTP Request: POST http://localhost:11434/api/chat "HTTP/1.1 200 OK"
15:18:01     ✅ OK
15:18:10  ⚠️  WebSocket-Verbindung unterbrochen (Close-Code=1006, Grund='', Fehler=no close frame received or sent); automatischer Reconnect #109.
15:18:10  🔄 Neuer Verbindungsversuch in 2s...
15:18:12  🔌 Verbinde mit Drucker: ws://10.0.0.63:3030/websocket
15:18:13  ✅ Verbunden! MainboardID: 18421c180103147000001c0000000000
15:18:13  📤 Fordere Status nach Verbindung aktiv an (Cmd 0).
15:18:13  📨 Antwort für RequestID 5a5290c8-bcb9-4c87-ab50-1618afcd9aeb: Cmd=0, Ack=0
15:18:13  ✅ Status nach Verbindung aktualisiert: Maschine=Printing (1), Druck=Unknown (13)
15:18:13  ✅ Reconnect erfolgreich; Status wurde neu eingelesen.
15:18:20  HTTP Request: POST http://localhost:11434/api/chat "HTTP/1.1 200 OK"
15:18:20     ✅ OK
15:18:40  HTTP Request: POST http://localhost:11434/api/chat "HTTP/1.1 200 OK"
15:18:40     ✅ OK
15:18:50  ❌ Kamera-Fehler: Konnte kein Frame von der Kamera lesen!
15:18:51  🔄 Kamera-Stream wird neu verbunden.
15:18:51  📷 Kamera-Stream geschlossen.
15:18:51  📷 Öffne Kamera-Stream: http://10.0.0.63:3031/video
15:18:51  ✅ Kamera-Stream geöffnet.
15:18:51  ✅ Kamera-Reconnect erfolgreich (Versuch 1/3).
15:19:00  HTTP Request: POST http://localhost:11434/api/chat "HTTP/1.1 200 OK"
15:19:00     ✅ OK
15:19:14  ⚠️  WebSocket-Verbindung unterbrochen (Close-Code=1006, Grund='', Fehler=no close frame received or sent); automatischer Reconnect #110.
15:19:14  🔄 Neuer Verbindungsversuch in 2s...
15:19:16  🔌 Verbinde mit Drucker: ws://10.0.0.63:3030/websocket
15:19:17  ✅ Verbunden! MainboardID: 18421c180103147000001c0000000000
15:19:17  📤 Fordere Status nach Verbindung aktiv an (Cmd 0).
15:19:18  📨 Antwort für RequestID 8e2ca182-a38c-47b5-a024-2650ccf68b0c: Cmd=0, Ack=0
15:19:18  ✅ Status nach Verbindung aktualisiert: Maschine=Printing (1), Druck=Unknown (13)
15:19:18  ✅ Reconnect erfolgreich; Status wurde neu eingelesen.
15:19:20  HTTP Request: POST http://localhost:11434/api/chat "HTTP/1.1 200 OK"
15:19:20     ✅ OK
15:19:40  HTTP Request: POST http://localhost:11434/api/chat "HTTP/1.1 200 OK"
15:19:40     ✅ OK
15:19:59  HTTP Request: POST http://localhost:11434/api/chat "HTTP/1.1 200 OK"
15:19:59     ✅ OK
15:20:18  ⚠️  WebSocket-Verbindung unterbrochen (Close-Code=1006, Grund='', Fehler=no close frame received or sent); automatischer Reconnect #111.
15:20:18  🔄 Neuer Verbindungsversuch in 2s...
15:20:19  HTTP Request: POST http://localhost:11434/api/chat "HTTP/1.1 200 OK"
15:20:19     ✅ OK
15:20:20  🔌 Verbinde mit Drucker: ws://10.0.0.63:3030/websocket
15:20:22  ✅ Verbunden! MainboardID: 18421c180103147000001c0000000000
15:20:22  📤 Fordere Status nach Verbindung aktiv an (Cmd 0).
15:20:22  📨 Antwort für RequestID e43b6818-2d5d-4845-bfd5-96b4ba5b4c64: Cmd=0, Ack=0
15:20:22  ✅ Status nach Verbindung aktualisiert: Maschine=Printing (1), Druck=Unknown (13)
15:20:22  ✅ Reconnect erfolgreich; Status wurde neu eingelesen.
15:20:29  ❌ Kamera-Fehler: Konnte kein Frame von der Kamera lesen!
15:20:30  🔄 Kamera-Stream wird neu verbunden.
15:20:30  📷 Kamera-Stream geschlossen.
15:20:30  📷 Öffne Kamera-Stream: http://10.0.0.63:3031/video
15:20:30  ✅ Kamera-Stream geöffnet.
15:20:30  ✅ Kamera-Reconnect erfolgreich (Versuch 1/3).
15:20:39  HTTP Request: POST http://localhost:11434/api/chat "HTTP/1.1 200 OK"
15:20:39     ✅ OK
15:21:00  HTTP Request: POST http://localhost:11434/api/chat "HTTP/1.1 200 OK"
15:21:00     ✅ OK
15:21:20  HTTP Request: POST http://localhost:11434/api/chat "HTTP/1.1 200 OK"
15:21:20     ✅ OK
15:21:23  ⚠️  WebSocket-Verbindung unterbrochen (Close-Code=1006, Grund='', Fehler=no close frame received or sent); automatischer Reconnect #112.
15:21:23  🔄 Neuer Verbindungsversuch in 2s...
15:21:25  🔌 Verbinde mit Drucker: ws://10.0.0.63:3030/websocket
15:21:26  ✅ Verbunden! MainboardID: 18421c180103147000001c0000000000
15:21:26  📤 Fordere Status nach Verbindung aktiv an (Cmd 0).
15:21:26  📨 Antwort für RequestID edc60f8d-9dda-4fe7-a5e8-e6693e766206: Cmd=0, Ack=0
15:21:26  ✅ Status nach Verbindung aktualisiert: Maschine=Printing (1), Druck=Unknown (13)
15:21:26  ✅ Reconnect erfolgreich; Status wurde neu eingelesen.
15:21:41  HTTP Request: POST http://localhost:11434/api/chat "HTTP/1.1 200 OK"
15:21:41     ✅ OK
15:21:51  ❌ Kamera-Fehler: Konnte kein Frame von der Kamera lesen!
15:21:52  🔄 Kamera-Stream wird neu verbunden.
15:21:52  📷 Kamera-Stream geschlossen.
15:21:52  📷 Öffne Kamera-Stream: http://10.0.0.63:3031/video
15:21:52  ✅ Kamera-Stream geöffnet.
15:21:52  ✅ Kamera-Reconnect erfolgreich (Versuch 1/3).
15:22:02  HTTP Request: POST http://localhost:11434/api/chat "HTTP/1.1 200 OK"
15:22:02     ✅ OK
15:22:23  HTTP Request: POST http://localhost:11434/api/chat "HTTP/1.1 200 OK"
15:22:23     ✅ OK
15:22:27  ⚠️  WebSocket-Verbindung unterbrochen (Close-Code=1006, Grund='', Fehler=no close frame received or sent); automatischer Reconnect #113.
15:22:27  🔄 Neuer Verbindungsversuch in 2s...
15:22:29  🔌 Verbinde mit Drucker: ws://10.0.0.63:3030/websocket
15:22:30  ✅ Verbunden! MainboardID: 18421c180103147000001c0000000000
15:22:30  📤 Fordere Status nach Verbindung aktiv an (Cmd 0).
15:22:30  📨 Antwort für RequestID 22fbb650-3066-4fb1-a5f2-bef1447bb10b: Cmd=0, Ack=0
15:22:30  ✅ Status nach Verbindung aktualisiert: Maschine=Printing (1), Druck=Unknown (13)
15:22:30  ✅ Reconnect erfolgreich; Status wurde neu eingelesen.
15:22:43  HTTP Request: POST http://localhost:11434/api/chat "HTTP/1.1 200 OK"
15:22:43     ✅ OK
15:23:04  HTTP Request: POST http://localhost:11434/api/chat "HTTP/1.1 200 OK"
15:23:04     ✅ OK
15:23:14  ❌ Kamera-Fehler: Konnte kein Frame von der Kamera lesen!
15:23:15  🔄 Kamera-Stream wird neu verbunden.
15:23:15  📷 Kamera-Stream geschlossen.
15:23:15  📷 Öffne Kamera-Stream: http://10.0.0.63:3031/video
15:23:15  ✅ Kamera-Stream geöffnet.
15:23:15  ✅ Kamera-Reconnect erfolgreich (Versuch 1/3).
15:23:25  HTTP Request: POST http://localhost:11434/api/chat "HTTP/1.1 200 OK"
15:23:25     ✅ OK
15:23:31  ⚠️  WebSocket-Verbindung unterbrochen (Close-Code=1006, Grund='', Fehler=no close frame received or sent); automatischer Reconnect #114.
15:23:31  🔄 Neuer Verbindungsversuch in 2s...
15:23:33  🔌 Verbinde mit Drucker: ws://10.0.0.63:3030/websocket
15:23:33  ✅ Verbunden! MainboardID: 18421c180103147000001c0000000000
15:23:33  📤 Fordere Status nach Verbindung aktiv an (Cmd 0).
15:23:33  📨 Antwort für RequestID a106772b-70ab-4ece-9c98-1cb90f1f6c38: Cmd=0, Ack=0
15:23:33  ✅ Status nach Verbindung aktualisiert: Maschine=Printing (1), Druck=Unknown (13)
15:23:33  ✅ Reconnect erfolgreich; Status wurde neu eingelesen.
15:23:46  HTTP Request: POST http://localhost:11434/api/chat "HTTP/1.1 200 OK"
15:23:46     ✅ OK
15:24:06  HTTP Request: POST http://localhost:11434/api/chat "HTTP/1.1 200 OK"
15:24:06     ✅ OK
15:24:26  HTTP Request: POST http://localhost:11434/api/chat "HTTP/1.1 200 OK"
15:24:26     ✅ OK
15:24:34  ⚠️  WebSocket-Verbindung unterbrochen (Close-Code=1006, Grund='', Fehler=no close frame received or sent); automatischer Reconnect #115.
15:24:34  🔄 Neuer Verbindungsversuch in 2s...
15:24:36  🔌 Verbinde mit Drucker: ws://10.0.0.63:3030/websocket
15:24:36  ❌ Kamera-Fehler: Konnte kein Frame von der Kamera lesen!
15:24:37  🔄 Kamera-Stream wird neu verbunden.
15:24:37  📷 Kamera-Stream geschlossen.
15:24:37  📷 Öffne Kamera-Stream: http://10.0.0.63:3031/video
15:24:37  ✅ Kamera-Stream geöffnet.
15:24:38  ✅ Kamera-Reconnect erfolgreich (Versuch 1/3).
15:24:38  ✅ Verbunden! MainboardID: 18421c180103147000001c0000000000
15:24:38  📤 Fordere Status nach Verbindung aktiv an (Cmd 0).
15:24:38  📨 Antwort für RequestID 2bdafb37-905c-4970-af95-5de909a71bf6: Cmd=0, Ack=0
15:24:38  ✅ Status nach Verbindung aktualisiert: Maschine=Printing (1), Druck=Unknown (13)
15:24:38  ✅ Reconnect erfolgreich; Status wurde neu eingelesen.
15:24:48  HTTP Request: POST http://localhost:11434/api/chat "HTTP/1.1 200 OK"
15:24:48     ✅ OK
15:25:09  HTTP Request: POST http://localhost:11434/api/chat "HTTP/1.1 200 OK"
15:25:09     ✅ OK
15:25:29  HTTP Request: POST http://localhost:11434/api/chat "HTTP/1.1 200 OK"
15:25:29     ✅ OK
15:25:39  ⚠️  WebSocket-Verbindung unterbrochen (Close-Code=1006, Grund='', Fehler=no close frame received or sent); automatischer Reconnect #116.
15:25:39  🔄 Neuer Verbindungsversuch in 2s...
15:25:41  🔌 Verbinde mit Drucker: ws://10.0.0.63:3030/websocket
15:25:42  ✅ Verbunden! MainboardID: 18421c180103147000001c0000000000
15:25:42  📤 Fordere Status nach Verbindung aktiv an (Cmd 0).
15:25:42  📨 Antwort für RequestID e6517db3-f1a7-42be-8ede-07d1dbba10e3: Cmd=0, Ack=0
15:25:42  ✅ Status nach Verbindung aktualisiert: Maschine=Printing (1), Druck=Unknown (13)
15:25:42  ✅ Reconnect erfolgreich; Status wurde neu eingelesen.
15:25:49  HTTP Request: POST http://localhost:11434/api/chat "HTTP/1.1 200 OK"
15:25:49     ✅ OK
15:25:59  ❌ Kamera-Fehler: Konnte kein Frame von der Kamera lesen!
15:26:00  🔄 Kamera-Stream wird neu verbunden.
15:26:00  📷 Kamera-Stream geschlossen.
15:26:00  📷 Öffne Kamera-Stream: http://10.0.0.63:3031/video
15:26:01  ✅ Kamera-Stream geöffnet.
15:26:01  ✅ Kamera-Reconnect erfolgreich (Versuch 1/3).
15:26:11  HTTP Request: POST http://localhost:11434/api/chat "HTTP/1.1 200 OK"
15:26:11     ✅ OK
15:26:32  HTTP Request: POST http://localhost:11434/api/chat "HTTP/1.1 200 OK"
15:26:32     ✅ OK
15:26:43  ⚠️  WebSocket-Verbindung unterbrochen (Close-Code=1006, Grund='', Fehler=no close frame received or sent); automatischer Reconnect #117.
15:26:43  🔄 Neuer Verbindungsversuch in 2s...
15:26:45  🔌 Verbinde mit Drucker: ws://10.0.0.63:3030/websocket
15:26:46  ✅ Verbunden! MainboardID: 18421c180103147000001c0000000000
15:26:46  📤 Fordere Status nach Verbindung aktiv an (Cmd 0).
15:26:47  📨 Antwort für RequestID 6799ff9c-0223-4c58-a0ec-5163c1f52a80: Cmd=0, Ack=0
15:26:47  ✅ Status nach Verbindung aktualisiert: Maschine=Printing (1), Druck=Unknown (13)
15:26:47  ✅ Reconnect erfolgreich; Status wurde neu eingelesen.
15:26:52  HTTP Request: POST http://localhost:11434/api/chat "HTTP/1.1 200 OK"
15:26:52     ✅ OK
15:27:12  HTTP Request: POST http://localhost:11434/api/chat "HTTP/1.1 200 OK"
15:27:12     ✅ OK
15:27:22  ❌ Kamera-Fehler: Konnte kein Frame von der Kamera lesen!
15:27:23  🔄 Kamera-Stream wird neu verbunden.
15:27:23  📷 Kamera-Stream geschlossen.
15:27:23  📷 Öffne Kamera-Stream: http://10.0.0.63:3031/video
15:27:23  ✅ Kamera-Stream geöffnet.
15:27:24  ✅ Kamera-Reconnect erfolgreich (Versuch 1/3).
15:27:34  HTTP Request: POST http://localhost:11434/api/chat "HTTP/1.1 200 OK"
15:27:34     ✅ OK
15:27:47  ⚠️  WebSocket-Verbindung unterbrochen (Close-Code=1006, Grund='', Fehler=no close frame received or sent); automatischer Reconnect #118.
15:27:47  🔄 Neuer Verbindungsversuch in 2s...
15:27:49  🔌 Verbinde mit Drucker: ws://10.0.0.63:3030/websocket
15:27:50  ✅ Verbunden! MainboardID: 18421c180103147000001c0000000000
15:27:50  📤 Fordere Status nach Verbindung aktiv an (Cmd 0).
15:27:51  📨 Antwort für RequestID ab83974b-b4e4-4c8f-89bb-f812ceacf9cf: Cmd=0, Ack=0
15:27:51  ✅ Status nach Verbindung aktualisiert: Maschine=Printing (1), Druck=Unknown (13)
15:27:51  ✅ Reconnect erfolgreich; Status wurde neu eingelesen.
15:27:54  HTTP Request: POST http://localhost:11434/api/chat "HTTP/1.1 200 OK"
15:27:54     ✅ OK
15:28:15  HTTP Request: POST http://localhost:11434/api/chat "HTTP/1.1 200 OK"
15:28:15     ✅ OK
15:28:35  HTTP Request: POST http://localhost:11434/api/chat "HTTP/1.1 200 OK"
15:28:35     ✅ OK
15:28:51  ⚠️  WebSocket-Verbindung unterbrochen (Close-Code=1006, Grund='', Fehler=no close frame received or sent); automatischer Reconnect #119.
15:28:51  🔄 Neuer Verbindungsversuch in 2s...
15:28:53  🔌 Verbinde mit Drucker: ws://10.0.0.63:3030/websocket
15:28:54  ✅ Verbunden! MainboardID: 18421c180103147000001c0000000000
15:28:54  📤 Fordere Status nach Verbindung aktiv an (Cmd 0).
15:28:55  📨 Antwort für RequestID db549a41-bd05-4c99-a12d-d8d7d0e92523: Cmd=0, Ack=0
15:28:55  ✅ Status nach Verbindung aktualisiert: Maschine=Printing (1), Druck=Unknown (13)
15:28:55  ✅ Reconnect erfolgreich; Status wurde neu eingelesen.
15:28:56  HTTP Request: POST http://localhost:11434/api/chat "HTTP/1.1 200 OK"
15:28:56     ✅ OK
15:29:06  ❌ Kamera-Fehler: Konnte kein Frame von der Kamera lesen!
15:29:07  🔄 Kamera-Stream wird neu verbunden.
15:29:07  📷 Kamera-Stream geschlossen.
15:29:07  📷 Öffne Kamera-Stream: http://10.0.0.63:3031/video
15:29:07  ✅ Kamera-Stream geöffnet.
15:29:07  ✅ Kamera-Reconnect erfolgreich (Versuch 1/3).
15:29:18  HTTP Request: POST http://localhost:11434/api/chat "HTTP/1.1 200 OK"
15:29:18     ✅ OK
15:29:38  HTTP Request: POST http://localhost:11434/api/chat "HTTP/1.1 200 OK"
15:29:38     ✅ OK
15:29:55  ⚠️  WebSocket-Verbindung unterbrochen (Close-Code=1006, Grund='', Fehler=no close frame received or sent); automatischer Reconnect #120.
15:29:55  🔄 Neuer Verbindungsversuch in 2s...
15:29:57  🔌 Verbinde mit Drucker: ws://10.0.0.63:3030/websocket
15:29:58  ✅ Verbunden! MainboardID: 18421c180103147000001c0000000000
15:29:58  📤 Fordere Status nach Verbindung aktiv an (Cmd 0).
15:29:59  📨 Antwort für RequestID 66dc2035-82f6-45c4-89a1-875dbe9bfebe: Cmd=0, Ack=0
15:29:59  ✅ Status nach Verbindung aktualisiert: Maschine=Printing (1), Druck=Unknown (13)
15:29:59  ✅ Reconnect erfolgreich; Status wurde neu eingelesen.
15:29:59  HTTP Request: POST http://localhost:11434/api/chat "HTTP/1.1 200 OK"
15:29:59     ✅ OK
15:30:19  HTTP Request: POST http://localhost:11434/api/chat "HTTP/1.1 200 OK"
15:30:19     ✅ OK
15:30:29  ❌ Kamera-Fehler: Konnte kein Frame von der Kamera lesen!
15:30:30  🔄 Kamera-Stream wird neu verbunden.
15:30:30  📷 Kamera-Stream geschlossen.
15:30:30  📷 Öffne Kamera-Stream: http://10.0.0.63:3031/video
15:30:30  ✅ Kamera-Stream geöffnet.
15:30:30  ✅ Kamera-Reconnect erfolgreich (Versuch 1/3).
15:30:41  HTTP Request: POST http://localhost:11434/api/chat "HTTP/1.1 200 OK"
15:30:41     ✅ OK
15:30:59  ⚠️  WebSocket-Verbindung unterbrochen (Close-Code=1006, Grund='', Fehler=no close frame received or sent); automatischer Reconnect #121.
15:30:59  🔄 Neuer Verbindungsversuch in 2s...
15:31:01  HTTP Request: POST http://localhost:11434/api/chat "HTTP/1.1 200 OK"
15:31:01     ✅ OK
15:31:01  🔌 Verbinde mit Drucker: ws://10.0.0.63:3030/websocket
15:31:03  ✅ Verbunden! MainboardID: 18421c180103147000001c0000000000
15:31:03  📤 Fordere Status nach Verbindung aktiv an (Cmd 0).
15:31:03  📨 Antwort für RequestID d6c82e4e-6867-4917-8bdd-8b4a2a62a7ec: Cmd=0, Ack=0
15:31:03  ✅ Status nach Verbindung aktualisiert: Maschine=Printing (1), Druck=Unknown (13)
15:31:03  ✅ Reconnect erfolgreich; Status wurde neu eingelesen.
15:31:22  HTTP Request: POST http://localhost:11434/api/chat "HTTP/1.1 200 OK"
15:31:22     ✅ OK
15:31:42  HTTP Request: POST http://localhost:11434/api/chat "HTTP/1.1 200 OK"
15:31:42     ✅ OK
15:31:52  ❌ Kamera-Fehler: Konnte kein Frame von der Kamera lesen!
15:31:53  🔄 Kamera-Stream wird neu verbunden.
15:31:53  📷 Kamera-Stream geschlossen.
15:31:53  📷 Öffne Kamera-Stream: http://10.0.0.63:3031/video
15:31:53  ✅ Kamera-Stream geöffnet.
15:31:54  ✅ Kamera-Reconnect erfolgreich (Versuch 1/3).
15:32:04  ⚠️  WebSocket-Verbindung unterbrochen (Close-Code=1006, Grund='', Fehler=no close frame received or sent); automatischer Reconnect #122.
15:32:04  🔄 Neuer Verbindungsversuch in 2s...
15:32:04  HTTP Request: POST http://localhost:11434/api/chat "HTTP/1.1 200 OK"
15:32:04     ✅ OK
15:32:06  🔌 Verbinde mit Drucker: ws://10.0.0.63:3030/websocket
15:32:06  ✅ Verbunden! MainboardID: 18421c180103147000001c0000000000
15:32:06  📤 Fordere Status nach Verbindung aktiv an (Cmd 0).
15:32:06  📨 Antwort für RequestID 6c5b7cae-ae6f-49d0-be93-c956b843e7c5: Cmd=0, Ack=0
15:32:06  ✅ Status nach Verbindung aktualisiert: Maschine=Printing (1), Druck=Unknown (13)
15:32:06  ✅ Reconnect erfolgreich; Status wurde neu eingelesen.
15:32:24  HTTP Request: POST http://localhost:11434/api/chat "HTTP/1.1 200 OK"
15:32:24     ✅ OK
15:32:43  HTTP Request: POST http://localhost:11434/api/chat "HTTP/1.1 200 OK"
15:32:43     ✅ OK
15:33:03  HTTP Request: POST http://localhost:11434/api/chat "HTTP/1.1 200 OK"
15:33:03     ✅ OK
15:33:07  ⚠️  WebSocket-Verbindung unterbrochen (Close-Code=1006, Grund='', Fehler=no close frame received or sent); automatischer Reconnect #123.
15:33:07  🔄 Neuer Verbindungsversuch in 2s...
15:33:09  🔌 Verbinde mit Drucker: ws://10.0.0.63:3030/websocket
15:33:11  ✅ Verbunden! MainboardID: 18421c180103147000001c0000000000
15:33:11  📤 Fordere Status nach Verbindung aktiv an (Cmd 0).
15:33:11  📨 Antwort für RequestID e5a13f76-74d6-4a70-b329-c3ad81fd9cea: Cmd=0, Ack=0
15:33:11  ✅ Status nach Verbindung aktualisiert: Maschine=Printing (1), Druck=Unknown (13)
15:33:11  ✅ Reconnect erfolgreich; Status wurde neu eingelesen.
15:33:13  ❌ Kamera-Fehler: Konnte kein Frame von der Kamera lesen!
15:33:14  🔄 Kamera-Stream wird neu verbunden.
15:33:14  📷 Kamera-Stream geschlossen.
15:33:14  📷 Öffne Kamera-Stream: http://10.0.0.63:3031/video
15:33:14  ✅ Kamera-Stream geöffnet.
15:33:14  ✅ Kamera-Reconnect erfolgreich (Versuch 1/3).
15:33:24  HTTP Request: POST http://localhost:11434/api/chat "HTTP/1.1 200 OK"
15:33:24     ✅ OK
15:33:44  HTTP Request: POST http://localhost:11434/api/chat "HTTP/1.1 200 OK"
15:33:44     ✅ OK
15:34:03  HTTP Request: POST http://localhost:11434/api/chat "HTTP/1.1 200 OK"
15:34:03     ✅ OK
15:34:12  ⚠️  WebSocket-Verbindung unterbrochen (Close-Code=1006, Grund='', Fehler=no close frame received or sent); automatischer Reconnect #124.
15:34:12  🔄 Neuer Verbindungsversuch in 2s...
15:34:14  🔌 Verbinde mit Drucker: ws://10.0.0.63:3030/websocket
15:34:15  ✅ Verbunden! MainboardID: 18421c180103147000001c0000000000
15:34:15  📤 Fordere Status nach Verbindung aktiv an (Cmd 0).
15:34:15  📨 Antwort für RequestID 7084ddbc-e409-407b-9bab-39da03caf636: Cmd=0, Ack=0
15:34:15  ✅ Status nach Verbindung aktualisiert: Maschine=Printing (1), Druck=Unknown (13)
15:34:15  ✅ Reconnect erfolgreich; Status wurde neu eingelesen.
15:34:23  HTTP Request: POST http://localhost:11434/api/chat "HTTP/1.1 200 OK"
15:34:23     ✅ OK
15:34:33  ❌ Kamera-Fehler: Konnte kein Frame von der Kamera lesen!
15:34:34  🔄 Kamera-Stream wird neu verbunden.
15:34:34  📷 Kamera-Stream geschlossen.
15:34:34  📷 Öffne Kamera-Stream: http://10.0.0.63:3031/video
15:34:34  ✅ Kamera-Stream geöffnet.
15:34:34  ✅ Kamera-Reconnect erfolgreich (Versuch 1/3).
15:34:44  HTTP Request: POST http://localhost:11434/api/chat "HTTP/1.1 200 OK"
15:34:44     ✅ OK
15:35:03  HTTP Request: POST http://localhost:11434/api/chat "HTTP/1.1 200 OK"
15:35:03     ✅ OK
15:35:16  ⚠️  WebSocket-Verbindung unterbrochen (Close-Code=1006, Grund='', Fehler=no close frame received or sent); automatischer Reconnect #125.
15:35:16  🔄 Neuer Verbindungsversuch in 2s...
15:35:18  🔌 Verbinde mit Drucker: ws://10.0.0.63:3030/websocket
15:35:19  ✅ Verbunden! MainboardID: 18421c180103147000001c0000000000
15:35:19  📤 Fordere Status nach Verbindung aktiv an (Cmd 0).
15:35:19  📨 Antwort für RequestID 829edb45-2736-4b42-b3d1-0ffe4356b637: Cmd=0, Ack=0
15:35:19  ✅ Status nach Verbindung aktualisiert: Maschine=Printing (1), Druck=Unknown (13)
15:35:19  ✅ Reconnect erfolgreich; Status wurde neu eingelesen.
15:35:23  HTTP Request: POST http://localhost:11434/api/chat "HTTP/1.1 200 OK"
15:35:23     ✅ OK
15:35:43  HTTP Request: POST http://localhost:11434/api/chat "HTTP/1.1 200 OK"
15:35:43     ✅ OK
15:35:53  ❌ Kamera-Fehler: Konnte kein Frame von der Kamera lesen!
15:35:54  🔄 Kamera-Stream wird neu verbunden.
15:35:54  📷 Kamera-Stream geschlossen.
15:35:54  📷 Öffne Kamera-Stream: http://10.0.0.63:3031/video
15:35:54  ✅ Kamera-Stream geöffnet.
15:35:54  ✅ Kamera-Reconnect erfolgreich (Versuch 1/3).
15:36:03  HTTP Request: POST http://localhost:11434/api/chat "HTTP/1.1 200 OK"
15:36:03     ✅ OK
15:36:20  ⚠️  WebSocket-Verbindung unterbrochen (Close-Code=1006, Grund='', Fehler=no close frame received or sent); automatischer Reconnect #126.
15:36:20  🔄 Neuer Verbindungsversuch in 2s...
15:36:22  🔌 Verbinde mit Drucker: ws://10.0.0.63:3030/websocket
15:36:23  HTTP Request: POST http://localhost:11434/api/chat "HTTP/1.1 200 OK"
15:36:23     ✅ OK
15:36:23  ✅ Verbunden! MainboardID: 18421c180103147000001c0000000000
15:36:23  📤 Fordere Status nach Verbindung aktiv an (Cmd 0).
15:36:23  📨 Antwort für RequestID 64dcdd5f-14a4-4239-8aa0-e7b6c8cae933: Cmd=0, Ack=0
15:36:23  ✅ Status nach Verbindung aktualisiert: Maschine=Printing (1), Druck=Unknown (13)
15:36:23  ✅ Reconnect erfolgreich; Status wurde neu eingelesen.
15:36:43  HTTP Request: POST http://localhost:11434/api/chat "HTTP/1.1 200 OK"
15:36:43     ✅ OK
15:37:02  HTTP Request: POST http://localhost:11434/api/chat "HTTP/1.1 200 OK"
15:37:02     ✅ OK
15:37:22  HTTP Request: POST http://localhost:11434/api/chat "HTTP/1.1 200 OK"
15:37:22     ✅ OK
15:37:24  ⚠️  WebSocket-Verbindung unterbrochen (Close-Code=1006, Grund='', Fehler=no close frame received or sent); automatischer Reconnect #127.
15:37:24  🔄 Neuer Verbindungsversuch in 2s...
15:37:26  🔌 Verbinde mit Drucker: ws://10.0.0.63:3030/websocket
15:37:27  ✅ Verbunden! MainboardID: 18421c180103147000001c0000000000
15:37:27  📤 Fordere Status nach Verbindung aktiv an (Cmd 0).
15:37:27  📨 Antwort für RequestID 94395cfc-8ecb-48ad-a9f5-6f344961b44d: Cmd=0, Ack=0
15:37:27  ✅ Status nach Verbindung aktualisiert: Maschine=Printing (1), Druck=Unknown (13)
15:37:27  ✅ Reconnect erfolgreich; Status wurde neu eingelesen.
15:37:32  ❌ Kamera-Fehler: Konnte kein Frame von der Kamera lesen!
15:37:33  🔄 Kamera-Stream wird neu verbunden.
15:37:33  📷 Kamera-Stream geschlossen.
15:37:33  📷 Öffne Kamera-Stream: http://10.0.0.63:3031/video
15:37:33  ✅ Kamera-Stream geöffnet.
15:37:33  ✅ Kamera-Reconnect erfolgreich (Versuch 1/3).
15:37:43  HTTP Request: POST http://localhost:11434/api/chat "HTTP/1.1 200 OK"
15:37:43     ✅ OK
15:38:03  HTTP Request: POST http://localhost:11434/api/chat "HTTP/1.1 200 OK"
15:38:03     ✅ OK
15:38:23  HTTP Request: POST http://localhost:11434/api/chat "HTTP/1.1 200 OK"
15:38:23     ✅ OK
15:38:28  ⚠️  WebSocket-Verbindung unterbrochen (Close-Code=1006, Grund='', Fehler=no close frame received or sent); automatischer Reconnect #128.
15:38:28  🔄 Neuer Verbindungsversuch in 2s...
15:38:30  🔌 Verbinde mit Drucker: ws://10.0.0.63:3030/websocket
15:38:32  ✅ Verbunden! MainboardID: 18421c180103147000001c0000000000
15:38:32  📤 Fordere Status nach Verbindung aktiv an (Cmd 0).
15:38:32  📨 Antwort für RequestID 30fb125e-d85f-4be4-b5f2-f71c6e50d3b8: Cmd=0, Ack=0
15:38:32  ✅ Status nach Verbindung aktualisiert: Maschine=Printing (1), Druck=Unknown (13)
15:38:32  ✅ Reconnect erfolgreich; Status wurde neu eingelesen.
15:38:42  HTTP Request: POST http://localhost:11434/api/chat "HTTP/1.1 200 OK"
15:38:42     ✅ OK
15:38:52  ❌ Kamera-Fehler: Konnte kein Frame von der Kamera lesen!
15:38:53  🔄 Kamera-Stream wird neu verbunden.
15:38:53  📷 Kamera-Stream geschlossen.
15:38:53  📷 Öffne Kamera-Stream: http://10.0.0.63:3031/video
15:38:53  ✅ Kamera-Stream geöffnet.
15:38:54  ✅ Kamera-Reconnect erfolgreich (Versuch 1/3).
15:39:03  HTTP Request: POST http://localhost:11434/api/chat "HTTP/1.1 200 OK"
15:39:03     ✅ OK
15:39:23  HTTP Request: POST http://localhost:11434/api/chat "HTTP/1.1 200 OK"
15:39:23     ✅ OK
15:39:33  ⚠️  WebSocket-Verbindung unterbrochen (Close-Code=1006, Grund='', Fehler=no close frame received or sent); automatischer Reconnect #129.
15:39:33  🔄 Neuer Verbindungsversuch in 2s...
15:39:35  🔌 Verbinde mit Drucker: ws://10.0.0.63:3030/websocket
15:39:36  ✅ Verbunden! MainboardID: 18421c180103147000001c0000000000
15:39:36  📤 Fordere Status nach Verbindung aktiv an (Cmd 0).
15:39:36  📨 Antwort für RequestID 2f9fd33f-cdb1-4c4a-8e0d-37597fec25a6: Cmd=0, Ack=0
15:39:36  ✅ Status nach Verbindung aktualisiert: Maschine=Printing (1), Druck=Unknown (13)
15:39:36  ✅ Reconnect erfolgreich; Status wurde neu eingelesen.
15:39:42  HTTP Request: POST http://localhost:11434/api/chat "HTTP/1.1 200 OK"
15:39:42     ✅ OK
15:40:02  HTTP Request: POST http://localhost:11434/api/chat "HTTP/1.1 200 OK"
15:40:02     ✅ OK
15:40:22  HTTP Request: POST http://localhost:11434/api/chat "HTTP/1.1 200 OK"
15:40:22     ✅ OK
15:40:32  ❌ Kamera-Fehler: Konnte kein Frame von der Kamera lesen!
15:40:33  🔄 Kamera-Stream wird neu verbunden.
15:40:33  📷 Kamera-Stream geschlossen.
15:40:33  📷 Öffne Kamera-Stream: http://10.0.0.63:3031/video
15:40:33  ✅ Kamera-Stream geöffnet.
15:40:33  ✅ Kamera-Reconnect erfolgreich (Versuch 1/3).
15:40:37  ⚠️  WebSocket-Verbindung unterbrochen (Close-Code=1006, Grund='', Fehler=no close frame received or sent); automatischer Reconnect #130.
15:40:37  🔄 Neuer Verbindungsversuch in 2s...
15:40:39  🔌 Verbinde mit Drucker: ws://10.0.0.63:3030/websocket
15:40:40  ✅ Verbunden! MainboardID: 18421c180103147000001c0000000000
15:40:40  📤 Fordere Status nach Verbindung aktiv an (Cmd 0).
15:40:40  📨 Antwort für RequestID 88534b62-664b-4ba5-80fd-5839f3e89ae3: Cmd=0, Ack=0
15:40:40  ✅ Status nach Verbindung aktualisiert: Maschine=Printing (1), Druck=Unknown (13)
15:40:40  ✅ Reconnect erfolgreich; Status wurde neu eingelesen.
15:40:42  HTTP Request: POST http://localhost:11434/api/chat "HTTP/1.1 200 OK"
15:40:42     ✅ OK
15:41:02  HTTP Request: POST http://localhost:11434/api/chat "HTTP/1.1 200 OK"
15:41:02     ✅ OK
15:41:22  HTTP Request: POST http://localhost:11434/api/chat "HTTP/1.1 200 OK"
15:41:22     ✅ OK
15:41:41  ⚠️  WebSocket-Verbindung unterbrochen (Close-Code=1006, Grund='', Fehler=no close frame received or sent); automatischer Reconnect #131.
15:41:41  🔄 Neuer Verbindungsversuch in 2s...
15:41:42  HTTP Request: POST http://localhost:11434/api/chat "HTTP/1.1 200 OK"
15:41:42     ✅ OK
15:41:43  🔌 Verbinde mit Drucker: ws://10.0.0.63:3030/websocket
15:41:44  ✅ Verbunden! MainboardID: 18421c180103147000001c0000000000
15:41:44  📤 Fordere Status nach Verbindung aktiv an (Cmd 0).
15:41:44  📨 Antwort für RequestID 2c260c74-9675-4645-ac9d-733e8bdd1568: Cmd=0, Ack=0
15:41:44  ✅ Status nach Verbindung aktualisiert: Maschine=Printing (1), Druck=Unknown (13)
15:41:44  ✅ Reconnect erfolgreich; Status wurde neu eingelesen.
15:42:01  HTTP Request: POST http://localhost:11434/api/chat "HTTP/1.1 200 OK"
15:42:01     ✅ OK
15:42:11  ❌ Kamera-Fehler: Konnte kein Frame von der Kamera lesen!
15:42:12  🔄 Kamera-Stream wird neu verbunden.
15:42:12  📷 Kamera-Stream geschlossen.
15:42:12  📷 Öffne Kamera-Stream: http://10.0.0.63:3031/video
15:42:12  ✅ Kamera-Stream geöffnet.
15:42:13  ✅ Kamera-Reconnect erfolgreich (Versuch 1/3).
15:42:22  HTTP Request: POST http://localhost:11434/api/chat "HTTP/1.1 200 OK"
15:42:22     ✅ OK
15:42:42  HTTP Request: POST http://localhost:11434/api/chat "HTTP/1.1 200 OK"
15:42:42     ✅ OK
15:42:45  ⚠️  WebSocket-Verbindung unterbrochen (Close-Code=1006, Grund='', Fehler=no close frame received or sent); automatischer Reconnect #132.
15:42:45  🔄 Neuer Verbindungsversuch in 2s...
15:42:47  🔌 Verbinde mit Drucker: ws://10.0.0.63:3030/websocket
15:42:48  ✅ Verbunden! MainboardID: 18421c180103147000001c0000000000
15:42:48  📤 Fordere Status nach Verbindung aktiv an (Cmd 0).
15:42:48  📨 Antwort für RequestID a16c9628-cd55-414f-9527-dae9aaa6ddb2: Cmd=0, Ack=0
15:42:48  ✅ Status nach Verbindung aktualisiert: Maschine=Printing (1), Druck=Unknown (13)
15:42:48  ✅ Reconnect erfolgreich; Status wurde neu eingelesen.
15:43:01  HTTP Request: POST http://localhost:11434/api/chat "HTTP/1.1 200 OK"
15:43:01     ✅ OK
15:43:21  HTTP Request: POST http://localhost:11434/api/chat "HTTP/1.1 200 OK"
15:43:21     ✅ OK
15:43:41  HTTP Request: POST http://localhost:11434/api/chat "HTTP/1.1 200 OK"
15:43:41     ✅ OK
15:43:49  ⚠️  WebSocket-Verbindung unterbrochen (Close-Code=1006, Grund='', Fehler=no close frame received or sent); automatischer Reconnect #133.
15:43:49  🔄 Neuer Verbindungsversuch in 2s...
15:43:51  ❌ Kamera-Fehler: Konnte kein Frame von der Kamera lesen!
15:43:51  🔌 Verbinde mit Drucker: ws://10.0.0.63:3030/websocket
15:43:52  🔄 Kamera-Stream wird neu verbunden.
15:43:52  📷 Kamera-Stream geschlossen.
15:43:52  📷 Öffne Kamera-Stream: http://10.0.0.63:3031/video
15:43:52  ✅ Kamera-Stream geöffnet.
15:43:52  ✅ Kamera-Reconnect erfolgreich (Versuch 1/3).
15:43:52  ✅ Verbunden! MainboardID: 18421c180103147000001c0000000000
15:43:52  📤 Fordere Status nach Verbindung aktiv an (Cmd 0).
15:43:52  📨 Antwort für RequestID 912c580b-5a33-45f8-a6bf-46d61de86637: Cmd=0, Ack=0
15:43:52  ✅ Status nach Verbindung aktualisiert: Maschine=Printing (1), Druck=Unknown (13)
15:43:52  ✅ Reconnect erfolgreich; Status wurde neu eingelesen.
15:44:02  HTTP Request: POST http://localhost:11434/api/chat "HTTP/1.1 200 OK"
15:44:02     ✅ OK
15:44:22  HTTP Request: POST http://localhost:11434/api/chat "HTTP/1.1 200 OK"
15:44:22     ✅ OK
15:44:41  HTTP Request: POST http://localhost:11434/api/chat "HTTP/1.1 200 OK"
15:44:41     ✅ OK
15:44:53  ⚠️  WebSocket-Verbindung unterbrochen (Close-Code=1006, Grund='', Fehler=no close frame received or sent); automatischer Reconnect #134.
15:44:53  🔄 Neuer Verbindungsversuch in 2s...
15:44:55  🔌 Verbinde mit Drucker: ws://10.0.0.63:3030/websocket
15:44:56  ✅ Verbunden! MainboardID: 18421c180103147000001c0000000000
15:44:56  📤 Fordere Status nach Verbindung aktiv an (Cmd 0).
15:44:56  📨 Antwort für RequestID 091e154e-87da-4f35-94a6-2d956b601489: Cmd=0, Ack=0
15:44:56  ✅ Status nach Verbindung aktualisiert: Maschine=Printing (1), Druck=Unknown (13)
15:44:56  ✅ Reconnect erfolgreich; Status wurde neu eingelesen.
15:45:01  HTTP Request: POST http://localhost:11434/api/chat "HTTP/1.1 200 OK"
15:45:01     ✅ OK
15:45:11  ❌ Kamera-Fehler: Konnte kein Frame von der Kamera lesen!
15:45:12  🔄 Kamera-Stream wird neu verbunden.
15:45:12  📷 Kamera-Stream geschlossen.
15:45:12  📷 Öffne Kamera-Stream: http://10.0.0.63:3031/video
15:45:12  ✅ Kamera-Stream geöffnet.
15:45:12  ✅ Kamera-Reconnect erfolgreich (Versuch 1/3).
15:45:21  HTTP Request: POST http://localhost:11434/api/chat "HTTP/1.1 200 OK"
15:45:21     ✅ OK
15:45:41  HTTP Request: POST http://localhost:11434/api/chat "HTTP/1.1 200 OK"
15:45:41     ✅ OK
15:45:57  ⚠️  WebSocket-Verbindung unterbrochen (Close-Code=1006, Grund='', Fehler=no close frame received or sent); automatischer Reconnect #135.
15:45:57  🔄 Neuer Verbindungsversuch in 2s...
15:45:59  🔌 Verbinde mit Drucker: ws://10.0.0.63:3030/websocket
15:46:00  ✅ Verbunden! MainboardID: 18421c180103147000001c0000000000
15:46:00  📤 Fordere Status nach Verbindung aktiv an (Cmd 0).
15:46:00  📨 Antwort für RequestID 88682de4-2826-4536-8ce7-3c723347986a: Cmd=0, Ack=0
15:46:00  ✅ Status nach Verbindung aktualisiert: Maschine=Printing (1), Druck=Unknown (13)
15:46:00  ✅ Reconnect erfolgreich; Status wurde neu eingelesen.
15:46:01  HTTP Request: POST http://localhost:11434/api/chat "HTTP/1.1 200 OK"
15:46:01     ✅ OK
15:46:20  HTTP Request: POST http://localhost:11434/api/chat "HTTP/1.1 200 OK"
15:46:20     ✅ OK
15:46:30  ❌ Kamera-Fehler: Konnte kein Frame von der Kamera lesen!
15:46:31  🔄 Kamera-Stream wird neu verbunden.
15:46:31  📷 Kamera-Stream geschlossen.
15:46:31  📷 Öffne Kamera-Stream: http://10.0.0.63:3031/video
15:46:31  ✅ Kamera-Stream geöffnet.
15:46:31  ✅ Kamera-Reconnect erfolgreich (Versuch 1/3).
15:46:41  HTTP Request: POST http://localhost:11434/api/chat "HTTP/1.1 200 OK"
15:46:41     ✅ OK
15:47:00  HTTP Request: POST http://localhost:11434/api/chat "HTTP/1.1 200 OK"
15:47:00     ✅ OK
15:47:01  ⚠️  WebSocket-Verbindung unterbrochen (Close-Code=1006, Grund='', Fehler=no close frame received or sent); automatischer Reconnect #136.
15:47:01  🔄 Neuer Verbindungsversuch in 2s...
15:47:03  🔌 Verbinde mit Drucker: ws://10.0.0.63:3030/websocket
15:47:05  ✅ Verbunden! MainboardID: 18421c180103147000001c0000000000
15:47:05  📤 Fordere Status nach Verbindung aktiv an (Cmd 0).
15:47:05  📨 Antwort für RequestID dfdd89d7-e02b-4c48-9a7e-8cfcfdd61b76: Cmd=0, Ack=0
15:47:05  ✅ Status nach Verbindung aktualisiert: Maschine=Printing (1), Druck=Unknown (13)
15:47:05  ✅ Reconnect erfolgreich; Status wurde neu eingelesen.
15:47:20  HTTP Request: POST http://localhost:11434/api/chat "HTTP/1.1 200 OK"
15:47:20     ✅ OK
15:47:40  HTTP Request: POST http://localhost:11434/api/chat "HTTP/1.1 200 OK"
15:47:40     ✅ OK
15:47:50  ❌ Kamera-Fehler: Konnte kein Frame von der Kamera lesen!
15:47:51  🔄 Kamera-Stream wird neu verbunden.
15:47:51  📷 Kamera-Stream geschlossen.
15:47:51  📷 Öffne Kamera-Stream: http://10.0.0.63:3031/video
15:47:51  ✅ Kamera-Stream geöffnet.
15:47:51  ✅ Kamera-Reconnect erfolgreich (Versuch 1/3).
15:48:01  HTTP Request: POST http://localhost:11434/api/chat "HTTP/1.1 200 OK"
15:48:01     ✅ OK
15:48:06  ⚠️  WebSocket-Verbindung unterbrochen (Close-Code=1006, Grund='', Fehler=no close frame received or sent); automatischer Reconnect #137.
15:48:06  🔄 Neuer Verbindungsversuch in 2s...
15:48:08  🔌 Verbinde mit Drucker: ws://10.0.0.63:3030/websocket
15:48:09  ✅ Verbunden! MainboardID: 18421c180103147000001c0000000000
15:48:09  📤 Fordere Status nach Verbindung aktiv an (Cmd 0).
15:48:09  📨 Antwort für RequestID faeabce5-f2f7-4723-a9c0-eb183c4e4047: Cmd=0, Ack=0
15:48:09  ✅ Status nach Verbindung aktualisiert: Maschine=Printing (1), Druck=Unknown (13)
15:48:09  ✅ Reconnect erfolgreich; Status wurde neu eingelesen.
15:48:20  HTTP Request: POST http://localhost:11434/api/chat "HTTP/1.1 200 OK"
15:48:20     ✅ OK
15:48:40  HTTP Request: POST http://localhost:11434/api/chat "HTTP/1.1 200 OK"
15:48:40     ✅ OK
15:49:00  HTTP Request: POST http://localhost:11434/api/chat "HTTP/1.1 200 OK"
15:49:00     ✅ OK
15:49:10  ❌ Kamera-Fehler: Konnte kein Frame von der Kamera lesen!
15:49:10  ⚠️  WebSocket-Verbindung unterbrochen (Close-Code=1006, Grund='', Fehler=no close frame received or sent); automatischer Reconnect #138.
15:49:10  🔄 Neuer Verbindungsversuch in 2s...
15:49:11  🔄 Kamera-Stream wird neu verbunden.
15:49:11  📷 Kamera-Stream geschlossen.
15:49:11  📷 Öffne Kamera-Stream: http://10.0.0.63:3031/video
15:49:11  ✅ Kamera-Stream geöffnet.
15:49:11  ✅ Kamera-Reconnect erfolgreich (Versuch 1/3).
15:49:12  🔌 Verbinde mit Drucker: ws://10.0.0.63:3030/websocket
15:49:13  ✅ Verbunden! MainboardID: 18421c180103147000001c0000000000
15:49:13  📤 Fordere Status nach Verbindung aktiv an (Cmd 0).
15:49:13  📨 Antwort für RequestID 7bdf1b28-dc8b-47d4-8a0e-759bc3a5f71d: Cmd=0, Ack=0
15:49:13  ✅ Status nach Verbindung aktualisiert: Maschine=Printing (1), Druck=Unknown (13)
15:49:13  ✅ Reconnect erfolgreich; Status wurde neu eingelesen.
15:49:21  HTTP Request: POST http://localhost:11434/api/chat "HTTP/1.1 200 OK"
15:49:21     ✅ OK
15:49:41  HTTP Request: POST http://localhost:11434/api/chat "HTTP/1.1 200 OK"
15:49:41     ✅ OK
15:50:01  HTTP Request: POST http://localhost:11434/api/chat "HTTP/1.1 200 OK"
15:50:01     ✅ OK
15:50:14  ⚠️  WebSocket-Verbindung unterbrochen (Close-Code=1006, Grund='', Fehler=no close frame received or sent); automatischer Reconnect #139.
15:50:14  🔄 Neuer Verbindungsversuch in 2s...
15:50:16  🔌 Verbinde mit Drucker: ws://10.0.0.63:3030/websocket
15:50:17  ✅ Verbunden! MainboardID: 18421c180103147000001c0000000000
15:50:17  📤 Fordere Status nach Verbindung aktiv an (Cmd 0).
15:50:17  📨 Antwort für RequestID 87b4dd8b-61c0-4698-8cc3-5b760986d91d: Cmd=0, Ack=0
15:50:18  ✅ Status nach Verbindung aktualisiert: Maschine=Printing (1), Druck=Unknown (13)
15:50:18  ✅ Reconnect erfolgreich; Status wurde neu eingelesen.
15:50:20  HTTP Request: POST http://localhost:11434/api/chat "HTTP/1.1 200 OK"
15:50:20     ✅ OK
15:50:30  ❌ Kamera-Fehler: Konnte kein Frame von der Kamera lesen!
15:50:31  🔄 Kamera-Stream wird neu verbunden.
15:50:31  📷 Kamera-Stream geschlossen.
15:50:31  📷 Öffne Kamera-Stream: http://10.0.0.63:3031/video
15:50:31  ✅ Kamera-Stream geöffnet.
15:50:31  ✅ Kamera-Reconnect erfolgreich (Versuch 1/3).
15:50:41  HTTP Request: POST http://localhost:11434/api/chat "HTTP/1.1 200 OK"
15:50:41     ✅ OK
15:51:01  HTTP Request: POST http://localhost:11434/api/chat "HTTP/1.1 200 OK"
15:51:01     ✅ OK
15:51:18  ⚠️  WebSocket-Verbindung unterbrochen (Close-Code=1006, Grund='', Fehler=no close frame received or sent); automatischer Reconnect #140.
15:51:18  🔄 Neuer Verbindungsversuch in 2s...
15:51:20  🔌 Verbinde mit Drucker: ws://10.0.0.63:3030/websocket
15:51:21  HTTP Request: POST http://localhost:11434/api/chat "HTTP/1.1 200 OK"
15:51:21     ✅ OK
15:51:22  ✅ Verbunden! MainboardID: 18421c180103147000001c0000000000
15:51:22  📤 Fordere Status nach Verbindung aktiv an (Cmd 0).
15:51:22  📨 Antwort für RequestID af2cdda0-8d4d-4590-aa87-e6bd1b2b9831: Cmd=0, Ack=0
15:51:22  ✅ Status nach Verbindung aktualisiert: Maschine=Printing (1), Druck=Unknown (13)
15:51:22  ✅ Reconnect erfolgreich; Status wurde neu eingelesen.
15:51:41  HTTP Request: POST http://localhost:11434/api/chat "HTTP/1.1 200 OK"
15:51:41     ✅ OK
15:51:51  ❌ Kamera-Fehler: Konnte kein Frame von der Kamera lesen!
15:51:52  🔄 Kamera-Stream wird neu verbunden.
15:51:52  📷 Kamera-Stream geschlossen.
15:51:52  📷 Öffne Kamera-Stream: http://10.0.0.63:3031/video
15:51:52  ✅ Kamera-Stream geöffnet.
15:51:52  ✅ Kamera-Reconnect erfolgreich (Versuch 1/3).
15:52:02  HTTP Request: POST http://localhost:11434/api/chat "HTTP/1.1 200 OK"
15:52:02     ✅ OK
15:52:22  HTTP Request: POST http://localhost:11434/api/chat "HTTP/1.1 200 OK"
15:52:22     ✅ OK
15:52:23  ⚠️  WebSocket-Verbindung unterbrochen (Close-Code=1006, Grund='', Fehler=no close frame received or sent); automatischer Reconnect #141.
15:52:23  🔄 Neuer Verbindungsversuch in 2s...
15:52:25  🔌 Verbinde mit Drucker: ws://10.0.0.63:3030/websocket
15:52:26  ✅ Verbunden! MainboardID: 18421c180103147000001c0000000000
15:52:26  📤 Fordere Status nach Verbindung aktiv an (Cmd 0).
15:52:26  📨 Antwort für RequestID 9668da6a-d695-4a72-b5c8-f84ce87f542e: Cmd=0, Ack=0
15:52:26  ✅ Status nach Verbindung aktualisiert: Maschine=Printing (1), Druck=Unknown (13)
15:52:26  ✅ Reconnect erfolgreich; Status wurde neu eingelesen.
15:52:42  HTTP Request: POST http://localhost:11434/api/chat "HTTP/1.1 200 OK"
15:52:42     ✅ OK
15:53:01  HTTP Request: POST http://localhost:11434/api/chat "HTTP/1.1 200 OK"
15:53:01     ✅ OK
15:53:11  ❌ Kamera-Fehler: Konnte kein Frame von der Kamera lesen!
15:53:12  🔄 Kamera-Stream wird neu verbunden.
15:53:12  📷 Kamera-Stream geschlossen.
15:53:12  📷 Öffne Kamera-Stream: http://10.0.0.63:3031/video
15:53:12  ✅ Kamera-Stream geöffnet.
15:53:13  ✅ Kamera-Reconnect erfolgreich (Versuch 1/3).
15:53:22  HTTP Request: POST http://localhost:11434/api/chat "HTTP/1.1 200 OK"
15:53:22     ✅ OK
15:53:27  ⚠️  WebSocket-Verbindung unterbrochen (Close-Code=1006, Grund='', Fehler=no close frame received or sent); automatischer Reconnect #142.
15:53:27  🔄 Neuer Verbindungsversuch in 2s...
15:53:29  🔌 Verbinde mit Drucker: ws://10.0.0.63:3030/websocket
15:53:30  ✅ Verbunden! MainboardID: 18421c180103147000001c0000000000
15:53:30  📤 Fordere Status nach Verbindung aktiv an (Cmd 0).
15:53:30  📨 Antwort für RequestID be74a87c-63bf-4180-8e41-9e39c7a2c759: Cmd=0, Ack=0
15:53:30  ✅ Status nach Verbindung aktualisiert: Maschine=Printing (1), Druck=Unknown (13)
15:53:30  ✅ Reconnect erfolgreich; Status wurde neu eingelesen.
15:53:42  HTTP Request: POST http://localhost:11434/api/chat "HTTP/1.1 200 OK"
15:53:42     ✅ OK
15:54:02  HTTP Request: POST http://localhost:11434/api/chat "HTTP/1.1 200 OK"
15:54:02     ✅ OK
15:54:22  HTTP Request: POST http://localhost:11434/api/chat "HTTP/1.1 200 OK"
15:54:22     ✅ OK
15:54:31  ⚠️  WebSocket-Verbindung unterbrochen (Close-Code=1006, Grund='', Fehler=no close frame received or sent); automatischer Reconnect #143.
15:54:31  🔄 Neuer Verbindungsversuch in 2s...
15:54:32  ❌ Kamera-Fehler: Konnte kein Frame von der Kamera lesen!
15:54:33  🔌 Verbinde mit Drucker: ws://10.0.0.63:3030/websocket
15:54:33  🔄 Kamera-Stream wird neu verbunden.
15:54:33  📷 Kamera-Stream geschlossen.
15:54:33  📷 Öffne Kamera-Stream: http://10.0.0.63:3031/video
15:54:33  ✅ Kamera-Stream geöffnet.
15:54:33  ✅ Kamera-Reconnect erfolgreich (Versuch 1/3).
15:54:33  ✅ Verbunden! MainboardID: 18421c180103147000001c0000000000
15:54:33  📤 Fordere Status nach Verbindung aktiv an (Cmd 0).
15:54:33  📨 Antwort für RequestID 805eeb67-a840-4705-9c5d-c107fcafe28d: Cmd=0, Ack=0
15:54:33  ✅ Status nach Verbindung aktualisiert: Maschine=Printing (1), Druck=Unknown (13)
15:54:33  ✅ Reconnect erfolgreich; Status wurde neu eingelesen.
15:54:43  HTTP Request: POST http://localhost:11434/api/chat "HTTP/1.1 200 OK"
15:54:43     ✅ OK
15:55:03  HTTP Request: POST http://localhost:11434/api/chat "HTTP/1.1 200 OK"
15:55:03     ✅ OK
15:55:22  HTTP Request: POST http://localhost:11434/api/chat "HTTP/1.1 200 OK"
15:55:22     ✅ OK
15:55:34  ⚠️  WebSocket-Verbindung unterbrochen (Close-Code=1006, Grund='', Fehler=no close frame received or sent); automatischer Reconnect #144.
15:55:34  🔄 Neuer Verbindungsversuch in 2s...
15:55:36  🔌 Verbinde mit Drucker: ws://10.0.0.63:3030/websocket
15:55:38  ✅ Verbunden! MainboardID: 18421c180103147000001c0000000000
15:55:38  📤 Fordere Status nach Verbindung aktiv an (Cmd 0).
15:55:39  📨 Antwort für RequestID 6d15be7e-7f1e-4bc2-b010-ea5f89e5f86c: Cmd=0, Ack=0
15:55:39  ✅ Status nach Verbindung aktualisiert: Maschine=Printing (1), Druck=Unknown (13)
15:55:39  ✅ Reconnect erfolgreich; Status wurde neu eingelesen.
15:55:42  HTTP Request: POST http://localhost:11434/api/chat "HTTP/1.1 200 OK"
15:55:42     ✅ OK
15:56:01  HTTP Request: POST http://localhost:11434/api/chat "HTTP/1.1 200 OK"
15:56:01     ✅ OK
15:56:11  ❌ Kamera-Fehler: Konnte kein Frame von der Kamera lesen!
15:56:12  🔄 Kamera-Stream wird neu verbunden.
15:56:12  📷 Kamera-Stream geschlossen.
15:56:12  📷 Öffne Kamera-Stream: http://10.0.0.63:3031/video
15:56:12  ✅ Kamera-Stream geöffnet.
15:56:13  ✅ Kamera-Reconnect erfolgreich (Versuch 1/3).
15:56:22  HTTP Request: POST http://localhost:11434/api/chat "HTTP/1.1 200 OK"
15:56:22     ✅ OK
15:56:39  ⚠️  WebSocket-Verbindung unterbrochen (Close-Code=1006, Grund='', Fehler=no close frame received or sent); automatischer Reconnect #145.
15:56:39  🔄 Neuer Verbindungsversuch in 2s...
15:56:41  🔌 Verbinde mit Drucker: ws://10.0.0.63:3030/websocket
15:56:42  HTTP Request: POST http://localhost:11434/api/chat "HTTP/1.1 200 OK"
15:56:42     ✅ OK
15:56:42  ✅ Verbunden! MainboardID: 18421c180103147000001c0000000000
15:56:42  📤 Fordere Status nach Verbindung aktiv an (Cmd 0).
15:56:43  📨 Antwort für RequestID eb75585c-7d28-4ca2-a592-bd6d697a7999: Cmd=0, Ack=0
15:56:43  ✅ Status nach Verbindung aktualisiert: Maschine=Printing (1), Druck=Unknown (13)
15:56:43  ✅ Reconnect erfolgreich; Status wurde neu eingelesen.
15:57:01  HTTP Request: POST http://localhost:11434/api/chat "HTTP/1.1 200 OK"
15:57:01     ✅ OK
15:57:21  HTTP Request: POST http://localhost:11434/api/chat "HTTP/1.1 200 OK"
15:57:21     ✅ OK
15:57:40  HTTP Request: POST http://localhost:11434/api/chat "HTTP/1.1 200 OK"
15:57:40     ✅ OK
15:57:43  ⚠️  WebSocket-Verbindung unterbrochen (Close-Code=1006, Grund='', Fehler=no close frame received or sent); automatischer Reconnect #146.
15:57:43  🔄 Neuer Verbindungsversuch in 2s...
15:57:45  🔌 Verbinde mit Drucker: ws://10.0.0.63:3030/websocket
15:57:46  ✅ Verbunden! MainboardID: 18421c180103147000001c0000000000
15:57:46  📤 Fordere Status nach Verbindung aktiv an (Cmd 0).
15:57:47  📨 Antwort für RequestID 98487d29-2c7a-46d6-ba8a-70ac7d3205da: Cmd=0, Ack=0
15:57:47  ✅ Status nach Verbindung aktualisiert: Maschine=Printing (1), Druck=Unknown (13)
15:57:47  ✅ Reconnect erfolgreich; Status wurde neu eingelesen.
15:57:50  ❌ Kamera-Fehler: Konnte kein Frame von der Kamera lesen!
15:57:51  🔄 Kamera-Stream wird neu verbunden.
15:57:51  📷 Kamera-Stream geschlossen.
15:57:51  📷 Öffne Kamera-Stream: http://10.0.0.63:3031/video
15:57:52  ✅ Kamera-Stream geöffnet.
15:57:52  ✅ Kamera-Reconnect erfolgreich (Versuch 1/3).
15:58:02  HTTP Request: POST http://localhost:11434/api/chat "HTTP/1.1 200 OK"
15:58:02     ✅ OK
15:58:22  HTTP Request: POST http://localhost:11434/api/chat "HTTP/1.1 200 OK"
15:58:22     ✅ OK
15:58:43  HTTP Request: POST http://localhost:11434/api/chat "HTTP/1.1 200 OK"
15:58:43     ✅ OK
15:58:47  ⚠️  WebSocket-Verbindung unterbrochen (Close-Code=1006, Grund='', Fehler=no close frame received or sent); automatischer Reconnect #147.
15:58:47  🔄 Neuer Verbindungsversuch in 2s...
15:58:49  🔌 Verbinde mit Drucker: ws://10.0.0.63:3030/websocket
15:58:51  ✅ Verbunden! MainboardID: 18421c180103147000001c0000000000
15:58:51  📤 Fordere Status nach Verbindung aktiv an (Cmd 0).
15:58:51  📨 Antwort für RequestID 805b9295-b865-4179-80aa-fefc9392f78b: Cmd=0, Ack=0
15:58:51  ✅ Status nach Verbindung aktualisiert: Maschine=Printing (1), Druck=Unknown (13)
15:58:51  ✅ Reconnect erfolgreich; Status wurde neu eingelesen.
15:59:03  HTTP Request: POST http://localhost:11434/api/chat "HTTP/1.1 200 OK"
15:59:03     ✅ OK
15:59:13  ❌ Kamera-Fehler: Konnte kein Frame von der Kamera lesen!
15:59:14  🔄 Kamera-Stream wird neu verbunden.
15:59:14  📷 Kamera-Stream geschlossen.
15:59:14  📷 Öffne Kamera-Stream: http://10.0.0.63:3031/video
15:59:14  ✅ Kamera-Stream geöffnet.
15:59:14  ✅ Kamera-Reconnect erfolgreich (Versuch 1/3).
15:59:25  HTTP Request: POST http://localhost:11434/api/chat "HTTP/1.1 200 OK"
15:59:25     ✅ OK
15:59:45  HTTP Request: POST http://localhost:11434/api/chat "HTTP/1.1 200 OK"
15:59:45     ✅ OK
15:59:52  ⚠️  WebSocket-Verbindung unterbrochen (Close-Code=1006, Grund='', Fehler=no close frame received or sent); automatischer Reconnect #148.
15:59:52  🔄 Neuer Verbindungsversuch in 2s...
15:59:54  🔌 Verbinde mit Drucker: ws://10.0.0.63:3030/websocket
15:59:55  ✅ Verbunden! MainboardID: 18421c180103147000001c0000000000
15:59:55  📤 Fordere Status nach Verbindung aktiv an (Cmd 0).
15:59:55  📨 Antwort für RequestID c2d2fc32-1bcb-457c-a83e-098a14182763: Cmd=0, Ack=0
15:59:55  ✅ Status nach Verbindung aktualisiert: Maschine=Printing (1), Druck=Unknown (13)
15:59:55  ✅ Reconnect erfolgreich; Status wurde neu eingelesen.
16:00:05  HTTP Request: POST http://localhost:11434/api/chat "HTTP/1.1 200 OK"
16:00:05     ✅ OK
16:00:26  HTTP Request: POST http://localhost:11434/api/chat "HTTP/1.1 200 OK"
16:00:26     ✅ OK
16:00:46  HTTP Request: POST http://localhost:11434/api/chat "HTTP/1.1 200 OK"
16:00:46     ✅ OK
16:00:56  ⚠️  WebSocket-Verbindung unterbrochen (Close-Code=1006, Grund='', Fehler=no close frame received or sent); automatischer Reconnect #149.
16:00:56  🔄 Neuer Verbindungsversuch in 2s...
16:00:56  ❌ Kamera-Fehler: Konnte kein Frame von der Kamera lesen!
16:00:57  🔄 Kamera-Stream wird neu verbunden.
16:00:57  📷 Kamera-Stream geschlossen.
16:00:57  📷 Öffne Kamera-Stream: http://10.0.0.63:3031/video
16:00:57  ✅ Kamera-Stream geöffnet.
16:00:57  ✅ Kamera-Reconnect erfolgreich (Versuch 1/3).
16:00:58  🔌 Verbinde mit Drucker: ws://10.0.0.63:3030/websocket
16:00:59  ✅ Verbunden! MainboardID: 18421c180103147000001c0000000000
16:00:59  📤 Fordere Status nach Verbindung aktiv an (Cmd 0).
16:00:59  📨 Antwort für RequestID 7e00710f-93a6-4b79-b646-7f1466e88f8a: Cmd=0, Ack=0
16:00:59  ✅ Status nach Verbindung aktualisiert: Maschine=Printing (1), Druck=Unknown (13)
16:00:59  ✅ Reconnect erfolgreich; Status wurde neu eingelesen.
16:01:08  HTTP Request: POST http://localhost:11434/api/chat "HTTP/1.1 200 OK"
16:01:08     ✅ OK
16:01:28  HTTP Request: POST http://localhost:11434/api/chat "HTTP/1.1 200 OK"
16:01:28     ✅ OK
16:01:49  HTTP Request: POST http://localhost:11434/api/chat "HTTP/1.1 200 OK"
16:01:49     ✅ OK
16:02:01  ⚠️  WebSocket-Verbindung unterbrochen (Close-Code=1006, Grund='', Fehler=no close frame received or sent); automatischer Reconnect #150.
16:02:01  🔄 Neuer Verbindungsversuch in 2s...
16:02:03  🔌 Verbinde mit Drucker: ws://10.0.0.63:3030/websocket
16:02:03  ✅ Verbunden! MainboardID: 18421c180103147000001c0000000000
16:02:03  📤 Fordere Status nach Verbindung aktiv an (Cmd 0).
16:02:03  📨 Antwort für RequestID 72d9b5cc-60ad-4998-a687-eac5a5eeba7e: Cmd=0, Ack=0
16:02:03  ✅ Status nach Verbindung aktualisiert: Maschine=Printing (1), Druck=Unknown (13)
16:02:03  ✅ Reconnect erfolgreich; Status wurde neu eingelesen.
16:02:09  HTTP Request: POST http://localhost:11434/api/chat "HTTP/1.1 200 OK"
16:02:09     ✅ OK
16:02:19  ❌ Kamera-Fehler: Konnte kein Frame von der Kamera lesen!
16:02:20  🔄 Kamera-Stream wird neu verbunden.
16:02:20  📷 Kamera-Stream geschlossen.
16:02:20  📷 Öffne Kamera-Stream: http://10.0.0.63:3031/video
16:02:20  ✅ Kamera-Stream geöffnet.
16:02:21  ✅ Kamera-Reconnect erfolgreich (Versuch 1/3).
16:02:31  HTTP Request: POST http://localhost:11434/api/chat "HTTP/1.1 200 OK"
16:02:31     ✅ OK
16:02:51  HTTP Request: POST http://localhost:11434/api/chat "HTTP/1.1 200 OK"
16:02:51     ✅ OK
16:03:04  ⚠️  WebSocket-Verbindung unterbrochen (Close-Code=1006, Grund='', Fehler=no close frame received or sent); automatischer Reconnect #151.
16:03:04  🔄 Neuer Verbindungsversuch in 2s...
16:03:06  🔌 Verbinde mit Drucker: ws://10.0.0.63:3030/websocket
16:03:08  ✅ Verbunden! MainboardID: 18421c180103147000001c0000000000
16:03:08  📤 Fordere Status nach Verbindung aktiv an (Cmd 0).
16:03:08  📨 Antwort für RequestID 0ebf5168-3ddf-4279-9140-8e88db03c07e: Cmd=0, Ack=0
16:03:08  ✅ Status nach Verbindung aktualisiert: Maschine=Printing (1), Druck=Unknown (13)
16:03:08  ✅ Reconnect erfolgreich; Status wurde neu eingelesen.
16:03:12  HTTP Request: POST http://localhost:11434/api/chat "HTTP/1.1 200 OK"
16:03:12     ✅ OK
16:03:32  HTTP Request: POST http://localhost:11434/api/chat "HTTP/1.1 200 OK"
16:03:32     ✅ OK
16:03:53  HTTP Request: POST http://localhost:11434/api/chat "HTTP/1.1 200 OK"
16:03:53     ✅ OK
16:04:03  ❌ Kamera-Fehler: Konnte kein Frame von der Kamera lesen!
16:04:04  🔄 Kamera-Stream wird neu verbunden.
16:04:04  📷 Kamera-Stream geschlossen.
16:04:04  📷 Öffne Kamera-Stream: http://10.0.0.63:3031/video
16:04:04  ✅ Kamera-Stream geöffnet.
16:04:04  ✅ Kamera-Reconnect erfolgreich (Versuch 1/3).
16:04:09  ⚠️  WebSocket-Verbindung unterbrochen (Close-Code=1006, Grund='', Fehler=no close frame received or sent); automatischer Reconnect #152.
16:04:09  🔄 Neuer Verbindungsversuch in 2s...
16:04:11  🔌 Verbinde mit Drucker: ws://10.0.0.63:3030/websocket
16:04:12  ✅ Verbunden! MainboardID: 18421c180103147000001c0000000000
16:04:12  📤 Fordere Status nach Verbindung aktiv an (Cmd 0).
16:04:12  📨 Antwort für RequestID fb91e8b1-9d97-46f3-8420-72df0ee1a7b3: Cmd=0, Ack=0
16:04:12  ✅ Status nach Verbindung aktualisiert: Maschine=Printing (1), Druck=Unknown (13)
16:04:12  ✅ Reconnect erfolgreich; Status wurde neu eingelesen.
16:04:15  HTTP Request: POST http://localhost:11434/api/chat "HTTP/1.1 200 OK"
16:04:15     ✅ OK
16:04:35  HTTP Request: POST http://localhost:11434/api/chat "HTTP/1.1 200 OK"
16:04:35     ✅ OK
16:04:55  HTTP Request: POST http://localhost:11434/api/chat "HTTP/1.1 200 OK"
16:04:55     ✅ OK
16:05:13  ⚠️  WebSocket-Verbindung unterbrochen (Close-Code=1006, Grund='', Fehler=no close frame received or sent); automatischer Reconnect #153.
16:05:13  🔄 Neuer Verbindungsversuch in 2s...
16:05:15  🔌 Verbinde mit Drucker: ws://10.0.0.63:3030/websocket
16:05:16  ✅ Verbunden! MainboardID: 18421c180103147000001c0000000000
16:05:16  📤 Fordere Status nach Verbindung aktiv an (Cmd 0).
16:05:16  HTTP Request: POST http://localhost:11434/api/chat "HTTP/1.1 200 OK"
16:05:16     ✅ OK
16:05:16  📨 Antwort für RequestID cca4bdc1-286c-4eeb-8715-ef0c7a132ae7: Cmd=0, Ack=0
16:05:16  ✅ Status nach Verbindung aktualisiert: Maschine=Printing (1), Druck=Unknown (13)
16:05:16  ✅ Reconnect erfolgreich; Status wurde neu eingelesen.
16:05:26  ❌ Kamera-Fehler: Konnte kein Frame von der Kamera lesen!
16:05:27  🔄 Kamera-Stream wird neu verbunden.
16:05:27  📷 Kamera-Stream geschlossen.
16:05:27  📷 Öffne Kamera-Stream: http://10.0.0.63:3031/video
16:05:27  ✅ Kamera-Stream geöffnet.
16:05:27  ✅ Kamera-Reconnect erfolgreich (Versuch 1/3).
16:05:38  HTTP Request: POST http://localhost:11434/api/chat "HTTP/1.1 200 OK"
16:05:38     ✅ OK
16:05:58  HTTP Request: POST http://localhost:11434/api/chat "HTTP/1.1 200 OK"
16:05:58     ✅ OK
16:06:17  ⚠️  WebSocket-Verbindung unterbrochen (Close-Code=1006, Grund='', Fehler=no close frame received or sent); automatischer Reconnect #154.
16:06:17  🔄 Neuer Verbindungsversuch in 2s...
16:06:18  HTTP Request: POST http://localhost:11434/api/chat "HTTP/1.1 200 OK"
16:06:18     ✅ OK
16:06:19  🔌 Verbinde mit Drucker: ws://10.0.0.63:3030/websocket
16:06:20  ✅ Verbunden! MainboardID: 18421c180103147000001c0000000000
16:06:20  📤 Fordere Status nach Verbindung aktiv an (Cmd 0).
16:06:20  📨 Antwort für RequestID 0f04f951-bca0-47a2-bac7-79f80f757f8b: Cmd=0, Ack=0
16:06:20  ✅ Status nach Verbindung aktualisiert: Maschine=Printing (1), Druck=Unknown (13)
16:06:20  ✅ Reconnect erfolgreich; Status wurde neu eingelesen.
16:06:39  HTTP Request: POST http://localhost:11434/api/chat "HTTP/1.1 200 OK"
16:06:39     ✅ OK
16:06:59  HTTP Request: POST http://localhost:11434/api/chat "HTTP/1.1 200 OK"
16:06:59     ✅ OK
16:07:09  ❌ Kamera-Fehler: Konnte kein Frame von der Kamera lesen!
16:07:10  🔄 Kamera-Stream wird neu verbunden.
16:07:10  📷 Kamera-Stream geschlossen.
16:07:10  📷 Öffne Kamera-Stream: http://10.0.0.63:3031/video
16:07:10  ✅ Kamera-Stream geöffnet.
16:07:10  ✅ Kamera-Reconnect erfolgreich (Versuch 1/3).
16:07:21  ⚠️  WebSocket-Verbindung unterbrochen (Close-Code=1006, Grund='', Fehler=no close frame received or sent); automatischer Reconnect #155.
16:07:21  🔄 Neuer Verbindungsversuch in 2s...
16:07:21  HTTP Request: POST http://localhost:11434/api/chat "HTTP/1.1 200 OK"
16:07:21     ✅ OK
16:07:23  🔌 Verbinde mit Drucker: ws://10.0.0.63:3030/websocket
16:07:23  ✅ Verbunden! MainboardID: 18421c180103147000001c0000000000
16:07:23  📤 Fordere Status nach Verbindung aktiv an (Cmd 0).
16:07:24  📨 Antwort für RequestID 2f33f58c-da24-496d-a390-c70945dea8fd: Cmd=0, Ack=0
16:07:24  ✅ Status nach Verbindung aktualisiert: Maschine=Printing (1), Druck=Unknown (13)
16:07:24  ✅ Reconnect erfolgreich; Status wurde neu eingelesen.
16:07:41  HTTP Request: POST http://localhost:11434/api/chat "HTTP/1.1 200 OK"
16:07:41     ✅ OK
16:08:02  HTTP Request: POST http://localhost:11434/api/chat "HTTP/1.1 200 OK"
16:08:02     ✅ OK
16:08:22  HTTP Request: POST http://localhost:11434/api/chat "HTTP/1.1 200 OK"
16:08:22     ✅ OK
16:08:24  ⚠️  WebSocket-Verbindung unterbrochen (Close-Code=1006, Grund='', Fehler=no close frame received or sent); automatischer Reconnect #156.
16:08:24  🔄 Neuer Verbindungsversuch in 2s...
16:08:26  🔌 Verbinde mit Drucker: ws://10.0.0.63:3030/websocket
16:08:28  ✅ Verbunden! MainboardID: 18421c180103147000001c0000000000
16:08:28  📤 Fordere Status nach Verbindung aktiv an (Cmd 0).
16:08:28  📨 Antwort für RequestID bdf0fc46-d61c-43f8-8219-958bf1d2fae6: Cmd=0, Ack=0
16:08:28  ✅ Status nach Verbindung aktualisiert: Maschine=Printing (1), Druck=Unknown (13)
16:08:28  ✅ Reconnect erfolgreich; Status wurde neu eingelesen.
16:08:32  ❌ Kamera-Fehler: Konnte kein Frame von der Kamera lesen!
16:08:33  🔄 Kamera-Stream wird neu verbunden.
16:08:33  📷 Kamera-Stream geschlossen.
16:08:33  📷 Öffne Kamera-Stream: http://10.0.0.63:3031/video
16:08:33  ✅ Kamera-Stream geöffnet.
16:08:34  ✅ Kamera-Reconnect erfolgreich (Versuch 1/3).
16:08:44  HTTP Request: POST http://localhost:11434/api/chat "HTTP/1.1 200 OK"
16:08:44     ✅ OK
16:09:04  HTTP Request: POST http://localhost:11434/api/chat "HTTP/1.1 200 OK"
16:09:04     ✅ OK
16:09:25  HTTP Request: POST http://localhost:11434/api/chat "HTTP/1.1 200 OK"
16:09:25     ✅ OK
16:09:29  ⚠️  WebSocket-Verbindung unterbrochen (Close-Code=1006, Grund='', Fehler=no close frame received or sent); automatischer Reconnect #157.
16:09:29  🔄 Neuer Verbindungsversuch in 2s...
16:09:31  🔌 Verbinde mit Drucker: ws://10.0.0.63:3030/websocket
16:09:32  ✅ Verbunden! MainboardID: 18421c180103147000001c0000000000
16:09:32  📤 Fordere Status nach Verbindung aktiv an (Cmd 0).
16:09:33  📨 Antwort für RequestID 41cfba78-7d78-4624-a238-ee586d76a438: Cmd=0, Ack=0
16:09:33  ✅ Status nach Verbindung aktualisiert: Maschine=Printing (1), Druck=Unknown (13)
16:09:33  ✅ Reconnect erfolgreich; Status wurde neu eingelesen.
16:09:45  HTTP Request: POST http://localhost:11434/api/chat "HTTP/1.1 200 OK"
16:09:45     ✅ OK
16:09:55  ❌ Kamera-Fehler: Konnte kein Frame von der Kamera lesen!
16:09:56  🔄 Kamera-Stream wird neu verbunden.
16:09:56  📷 Kamera-Stream geschlossen.
16:09:56  📷 Öffne Kamera-Stream: http://10.0.0.63:3031/video
16:09:56  ✅ Kamera-Stream geöffnet.
16:09:56  ✅ Kamera-Reconnect erfolgreich (Versuch 1/3).
16:10:07  HTTP Request: POST http://localhost:11434/api/chat "HTTP/1.1 200 OK"
16:10:07     ✅ OK
16:10:27  HTTP Request: POST http://localhost:11434/api/chat "HTTP/1.1 200 OK"
16:10:27     ✅ OK
16:10:34  ⚠️  WebSocket-Verbindung unterbrochen (Close-Code=1006, Grund='', Fehler=no close frame received or sent); automatischer Reconnect #158.
16:10:34  🔄 Neuer Verbindungsversuch in 2s...
16:10:36  🔌 Verbinde mit Drucker: ws://10.0.0.63:3030/websocket
16:10:37  ✅ Verbunden! MainboardID: 18421c180103147000001c0000000000
16:10:37  📤 Fordere Status nach Verbindung aktiv an (Cmd 0).
16:10:37  📨 Antwort für RequestID ce3fd7b0-192c-400e-aaa3-81516e51e086: Cmd=0, Ack=0
16:10:37  ✅ Status nach Verbindung aktualisiert: Maschine=Printing (1), Druck=Unknown (13)
16:10:37  ✅ Reconnect erfolgreich; Status wurde neu eingelesen.
16:10:48  HTTP Request: POST http://localhost:11434/api/chat "HTTP/1.1 200 OK"
16:10:48     ✅ OK
16:11:08  HTTP Request: POST http://localhost:11434/api/chat "HTTP/1.1 200 OK"
16:11:08     ✅ OK
16:11:18  ❌ Kamera-Fehler: Konnte kein Frame von der Kamera lesen!
16:11:19  🔄 Kamera-Stream wird neu verbunden.
16:11:19  📷 Kamera-Stream geschlossen.
16:11:19  📷 Öffne Kamera-Stream: http://10.0.0.63:3031/video
16:11:19  ✅ Kamera-Stream geöffnet.
16:11:19  ✅ Kamera-Reconnect erfolgreich (Versuch 1/3).
16:11:30  HTTP Request: POST http://localhost:11434/api/chat "HTTP/1.1 200 OK"
16:11:30     ✅ OK
16:11:38  ⚠️  WebSocket-Verbindung unterbrochen (Close-Code=1006, Grund='', Fehler=no close frame received or sent); automatischer Reconnect #159.
16:11:38  🔄 Neuer Verbindungsversuch in 2s...
16:11:40  🔌 Verbinde mit Drucker: ws://10.0.0.63:3030/websocket
16:11:41  ✅ Verbunden! MainboardID: 18421c180103147000001c0000000000
16:11:41  📤 Fordere Status nach Verbindung aktiv an (Cmd 0).
16:11:41  📨 Antwort für RequestID bd0f33e6-b6f6-424c-b59f-130d9fb219a5: Cmd=0, Ack=0
16:11:41  ✅ Status nach Verbindung aktualisiert: Maschine=Printing (1), Druck=Unknown (13)
16:11:41  ✅ Reconnect erfolgreich; Status wurde neu eingelesen.
16:11:50  HTTP Request: POST http://localhost:11434/api/chat "HTTP/1.1 200 OK"
16:11:50     ✅ OK
16:12:11  HTTP Request: POST http://localhost:11434/api/chat "HTTP/1.1 200 OK"
16:12:11     ✅ OK
16:12:31  HTTP Request: POST http://localhost:11434/api/chat "HTTP/1.1 200 OK"
16:12:31     ✅ OK
16:12:42  ⚠️  WebSocket-Verbindung unterbrochen (Close-Code=1006, Grund='', Fehler=no close frame received or sent); automatischer Reconnect #160.
16:12:42  🔄 Neuer Verbindungsversuch in 2s...
16:12:44  🔌 Verbinde mit Drucker: ws://10.0.0.63:3030/websocket
16:12:45  ✅ Verbunden! MainboardID: 18421c180103147000001c0000000000
16:12:45  📤 Fordere Status nach Verbindung aktiv an (Cmd 0).
16:12:45  📨 Antwort für RequestID fc1f71a0-badd-46f0-aaf9-7d9870137df7: Cmd=0, Ack=0
16:12:45  ✅ Status nach Verbindung aktualisiert: Maschine=Printing (1), Druck=Unknown (13)
16:12:45  ✅ Reconnect erfolgreich; Status wurde neu eingelesen.
16:12:51  HTTP Request: POST http://localhost:11434/api/chat "HTTP/1.1 200 OK"
16:12:51     ✅ OK
16:13:01  ❌ Kamera-Fehler: Konnte kein Frame von der Kamera lesen!
16:13:02  🔄 Kamera-Stream wird neu verbunden.
16:13:02  📷 Kamera-Stream geschlossen.
16:13:02  📷 Öffne Kamera-Stream: http://10.0.0.63:3031/video
16:13:03  ✅ Kamera-Stream geöffnet.
16:13:03  ✅ Kamera-Reconnect erfolgreich (Versuch 1/3).
16:13:13  HTTP Request: POST http://localhost:11434/api/chat "HTTP/1.1 200 OK"
16:13:13     ✅ OK
16:13:34  HTTP Request: POST http://localhost:11434/api/chat "HTTP/1.1 200 OK"
16:13:34     ✅ OK
16:13:46  ⚠️  WebSocket-Verbindung unterbrochen (Close-Code=1006, Grund='', Fehler=no close frame received or sent); automatischer Reconnect #161.
16:13:46  🔄 Neuer Verbindungsversuch in 2s...
16:13:48  🔌 Verbinde mit Drucker: ws://10.0.0.63:3030/websocket
16:13:49  ✅ Verbunden! MainboardID: 18421c180103147000001c0000000000
16:13:49  📤 Fordere Status nach Verbindung aktiv an (Cmd 0).
16:13:49  📨 Antwort für RequestID 276b3ae8-7fd8-4de4-a783-de2b11edfeba: Cmd=0, Ack=0
16:13:49  ✅ Status nach Verbindung aktualisiert: Maschine=Printing (1), Druck=Unknown (13)
16:13:49  ✅ Reconnect erfolgreich; Status wurde neu eingelesen.
16:13:54  HTTP Request: POST http://localhost:11434/api/chat "HTTP/1.1 200 OK"
16:13:54     ✅ OK
16:14:14  HTTP Request: POST http://localhost:11434/api/chat "HTTP/1.1 200 OK"
16:14:14     ✅ OK
16:14:35  HTTP Request: POST http://localhost:11434/api/chat "HTTP/1.1 200 OK"
16:14:35     ✅ OK
16:14:45  ❌ Kamera-Fehler: Konnte kein Frame von der Kamera lesen!
16:14:46  🔄 Kamera-Stream wird neu verbunden.
16:14:46  📷 Kamera-Stream geschlossen.
16:14:46  📷 Öffne Kamera-Stream: http://10.0.0.63:3031/video
16:14:46  ✅ Kamera-Stream geöffnet.
16:14:46  ✅ Kamera-Reconnect erfolgreich (Versuch 1/3).
16:14:50  ⚠️  WebSocket-Verbindung unterbrochen (Close-Code=1006, Grund='', Fehler=no close frame received or sent); automatischer Reconnect #162.
16:14:50  🔄 Neuer Verbindungsversuch in 2s...
16:14:52  🔌 Verbinde mit Drucker: ws://10.0.0.63:3030/websocket
16:14:53  ✅ Verbunden! MainboardID: 18421c180103147000001c0000000000
16:14:53  📤 Fordere Status nach Verbindung aktiv an (Cmd 0).
16:14:54  📨 Antwort für RequestID 31d52c5e-539b-47a9-aeac-45b6d7d4acfa: Cmd=0, Ack=0
16:14:54  ✅ Status nach Verbindung aktualisiert: Maschine=Printing (1), Druck=Unknown (13)
16:14:54  ✅ Reconnect erfolgreich; Status wurde neu eingelesen.
16:14:57  HTTP Request: POST http://localhost:11434/api/chat "HTTP/1.1 200 OK"
16:14:57     ✅ OK
16:15:17  HTTP Request: POST http://localhost:11434/api/chat "HTTP/1.1 200 OK"
16:15:17     ✅ OK
16:15:37  HTTP Request: POST http://localhost:11434/api/chat "HTTP/1.1 200 OK"
16:15:37     ✅ OK
16:15:54  ⚠️  WebSocket-Verbindung unterbrochen (Close-Code=1006, Grund='', Fehler=no close frame received or sent); automatischer Reconnect #163.
16:15:54  🔄 Neuer Verbindungsversuch in 2s...
16:15:56  🔌 Verbinde mit Drucker: ws://10.0.0.63:3030/websocket
16:15:58  ✅ Verbunden! MainboardID: 18421c180103147000001c0000000000
16:15:58  📤 Fordere Status nach Verbindung aktiv an (Cmd 0).
16:15:58  📨 Antwort für RequestID d80695ed-3b97-4dab-8ff1-ac80fa96fc90: Cmd=0, Ack=0
16:15:58  HTTP Request: POST http://localhost:11434/api/chat "HTTP/1.1 200 OK"
16:15:58  ✅ Status nach Verbindung aktualisiert: Maschine=Printing (1), Druck=Unknown (13)
16:15:58  ✅ Reconnect erfolgreich; Status wurde neu eingelesen.
16:15:58     ✅ OK
16:16:08  ❌ Kamera-Fehler: Konnte kein Frame von der Kamera lesen!
16:16:09  🔄 Kamera-Stream wird neu verbunden.
16:16:09  📷 Kamera-Stream geschlossen.
16:16:09  📷 Öffne Kamera-Stream: http://10.0.0.63:3031/video
16:16:09  ✅ Kamera-Stream geöffnet.
16:16:09  ✅ Kamera-Reconnect erfolgreich (Versuch 1/3).
16:16:20  HTTP Request: POST http://localhost:11434/api/chat "HTTP/1.1 200 OK"
16:16:20     ✅ OK
16:16:40  HTTP Request: POST http://localhost:11434/api/chat "HTTP/1.1 200 OK"
16:16:40     ✅ OK
16:16:59  ⚠️  WebSocket-Verbindung unterbrochen (Close-Code=1006, Grund='', Fehler=no close frame received or sent); automatischer Reconnect #164.
16:16:59  🔄 Neuer Verbindungsversuch in 2s...
16:17:00  HTTP Request: POST http://localhost:11434/api/chat "HTTP/1.1 200 OK"
16:17:00     ✅ OK
16:17:01  🔌 Verbinde mit Drucker: ws://10.0.0.63:3030/websocket
16:17:02  ✅ Verbunden! MainboardID: 18421c180103147000001c0000000000
16:17:02  📤 Fordere Status nach Verbindung aktiv an (Cmd 0).
16:17:02  📨 Antwort für RequestID be0c717b-af43-498b-a88a-10e2825c2378: Cmd=0, Ack=0
16:17:02  ✅ Status nach Verbindung aktualisiert: Maschine=Printing (1), Druck=Unknown (13)
16:17:02  ✅ Reconnect erfolgreich; Status wurde neu eingelesen.
16:17:21  HTTP Request: POST http://localhost:11434/api/chat "HTTP/1.1 200 OK"
16:17:21     ✅ OK
16:17:31  ❌ Kamera-Fehler: Konnte kein Frame von der Kamera lesen!
16:17:32  🔄 Kamera-Stream wird neu verbunden.
16:17:32  📷 Kamera-Stream geschlossen.
16:17:32  📷 Öffne Kamera-Stream: http://10.0.0.63:3031/video
16:17:32  ✅ Kamera-Stream geöffnet.
16:17:32  ✅ Kamera-Reconnect erfolgreich (Versuch 1/3).
16:17:43  HTTP Request: POST http://localhost:11434/api/chat "HTTP/1.1 200 OK"
16:17:43     ✅ OK
16:18:03  ⚠️  WebSocket-Verbindung unterbrochen (Close-Code=1006, Grund='', Fehler=no close frame received or sent); automatischer Reconnect #165.
16:18:03  🔄 Neuer Verbindungsversuch in 2s...
16:18:03  HTTP Request: POST http://localhost:11434/api/chat "HTTP/1.1 200 OK"
16:18:03     ✅ OK
16:18:05  🔌 Verbinde mit Drucker: ws://10.0.0.63:3030/websocket
16:18:06  ✅ Verbunden! MainboardID: 18421c180103147000001c0000000000
16:18:06  📤 Fordere Status nach Verbindung aktiv an (Cmd 0).
16:18:06  📨 Antwort für RequestID 9bb4f6be-4ca2-4599-86a2-d8aad848fa00: Cmd=0, Ack=0
16:18:06  ✅ Status nach Verbindung aktualisiert: Maschine=Printing (1), Druck=Unknown (13)
16:18:06  ✅ Reconnect erfolgreich; Status wurde neu eingelesen.
16:18:24  HTTP Request: POST http://localhost:11434/api/chat "HTTP/1.1 200 OK"
16:18:24     ✅ OK
16:18:44  HTTP Request: POST http://localhost:11434/api/chat "HTTP/1.1 200 OK"
16:18:44     ✅ OK
16:18:54  ❌ Kamera-Fehler: Konnte kein Frame von der Kamera lesen!
16:18:55  🔄 Kamera-Stream wird neu verbunden.
16:18:55  📷 Kamera-Stream geschlossen.
16:18:55  📷 Öffne Kamera-Stream: http://10.0.0.63:3031/video
16:18:55  ✅ Kamera-Stream geöffnet.
16:18:55  ✅ Kamera-Reconnect erfolgreich (Versuch 1/3).
16:19:06  HTTP Request: POST http://localhost:11434/api/chat "HTTP/1.1 200 OK"
16:19:06     ✅ OK
16:19:07  ⚠️  WebSocket-Verbindung unterbrochen (Close-Code=1006, Grund='', Fehler=no close frame received or sent); automatischer Reconnect #166.
16:19:07  🔄 Neuer Verbindungsversuch in 2s...
16:19:09  🔌 Verbinde mit Drucker: ws://10.0.0.63:3030/websocket
16:19:10  ✅ Verbunden! MainboardID: 18421c180103147000001c0000000000
16:19:10  📤 Fordere Status nach Verbindung aktiv an (Cmd 0).
16:19:10  📨 Antwort für RequestID 1770c08e-e78b-48cf-974a-cd75730507d0: Cmd=0, Ack=0
16:19:10  ✅ Status nach Verbindung aktualisiert: Maschine=Printing (1), Druck=Unknown (13)
16:19:10  ✅ Reconnect erfolgreich; Status wurde neu eingelesen.
16:19:26  HTTP Request: POST http://localhost:11434/api/chat "HTTP/1.1 200 OK"
16:19:26     ✅ OK
16:19:47  HTTP Request: POST http://localhost:11434/api/chat "HTTP/1.1 200 OK"
16:19:47     ✅ OK
16:20:07  HTTP Request: POST http://localhost:11434/api/chat "HTTP/1.1 200 OK"
16:20:07     ✅ OK
16:20:11  ⚠️  WebSocket-Verbindung unterbrochen (Close-Code=1006, Grund='', Fehler=no close frame received or sent); automatischer Reconnect #167.
16:20:11  🔄 Neuer Verbindungsversuch in 2s...
16:20:13  🔌 Verbinde mit Drucker: ws://10.0.0.63:3030/websocket
16:20:14  ✅ Verbunden! MainboardID: 18421c180103147000001c0000000000
16:20:14  📤 Fordere Status nach Verbindung aktiv an (Cmd 0).
16:20:15  📨 Antwort für RequestID 2145555b-af36-4f73-856b-16d43c903536: Cmd=0, Ack=0
16:20:15  ✅ Status nach Verbindung aktualisiert: Maschine=Printing (1), Druck=Unknown (13)
16:20:15  ✅ Reconnect erfolgreich; Status wurde neu eingelesen.
16:20:17  ❌ Kamera-Fehler: Konnte kein Frame von der Kamera lesen!
16:20:18  🔄 Kamera-Stream wird neu verbunden.
16:20:18  📷 Kamera-Stream geschlossen.
16:20:18  📷 Öffne Kamera-Stream: http://10.0.0.63:3031/video
16:20:18  ✅ Kamera-Stream geöffnet.
16:20:18  ✅ Kamera-Reconnect erfolgreich (Versuch 1/3).
16:20:29  HTTP Request: POST http://localhost:11434/api/chat "HTTP/1.1 200 OK"
16:20:29     ✅ OK
16:20:49  HTTP Request: POST http://localhost:11434/api/chat "HTTP/1.1 200 OK"
16:20:49     ✅ OK
16:21:10  HTTP Request: POST http://localhost:11434/api/chat "HTTP/1.1 200 OK"
16:21:10     ✅ OK
16:21:15  ⚠️  WebSocket-Verbindung unterbrochen (Close-Code=1006, Grund='', Fehler=no close frame received or sent); automatischer Reconnect #168.
16:21:15  🔄 Neuer Verbindungsversuch in 2s...
16:21:17  🔌 Verbinde mit Drucker: ws://10.0.0.63:3030/websocket
16:21:19  ✅ Verbunden! MainboardID: 18421c180103147000001c0000000000
16:21:19  📤 Fordere Status nach Verbindung aktiv an (Cmd 0).
16:21:19  📨 Antwort für RequestID 36d74a53-e997-4a6f-be5c-0c82f8a08e8d: Cmd=0, Ack=0
16:21:19  ✅ Status nach Verbindung aktualisiert: Maschine=Printing (1), Druck=Unknown (13)
16:21:19  ✅ Reconnect erfolgreich; Status wurde neu eingelesen.
16:21:30  HTTP Request: POST http://localhost:11434/api/chat "HTTP/1.1 200 OK"
16:21:30     ✅ OK
16:21:50  HTTP Request: POST http://localhost:11434/api/chat "HTTP/1.1 200 OK"
16:21:50     ✅ OK
16:22:00  ❌ Kamera-Fehler: Konnte kein Frame von der Kamera lesen!
16:22:01  🔄 Kamera-Stream wird neu verbunden.
16:22:01  📷 Kamera-Stream geschlossen.
16:22:01  📷 Öffne Kamera-Stream: http://10.0.0.63:3031/video
16:22:01  ✅ Kamera-Stream geöffnet.
16:22:02  ✅ Kamera-Reconnect erfolgreich (Versuch 1/3).
16:22:12  HTTP Request: POST http://localhost:11434/api/chat "HTTP/1.1 200 OK"
16:22:12     ✅ OK
16:22:20  ⚠️  WebSocket-Verbindung unterbrochen (Close-Code=1006, Grund='', Fehler=no close frame received or sent); automatischer Reconnect #169.
16:22:20  🔄 Neuer Verbindungsversuch in 2s...
16:22:22  🔌 Verbinde mit Drucker: ws://10.0.0.63:3030/websocket
16:22:23  ✅ Verbunden! MainboardID: 18421c180103147000001c0000000000
16:22:23  📤 Fordere Status nach Verbindung aktiv an (Cmd 0).
16:22:23  📨 Antwort für RequestID d064ac24-201e-448a-be9f-b9832b3d0a74: Cmd=0, Ack=0
16:22:23  ✅ Status nach Verbindung aktualisiert: Maschine=Printing (1), Druck=Unknown (13)
16:22:23  ✅ Reconnect erfolgreich; Status wurde neu eingelesen.
16:22:32  HTTP Request: POST http://localhost:11434/api/chat "HTTP/1.1 200 OK"
16:22:32     ✅ OK
16:22:53  HTTP Request: POST http://localhost:11434/api/chat "HTTP/1.1 200 OK"
16:22:53     ✅ OK
16:23:13  HTTP Request: POST http://localhost:11434/api/chat "HTTP/1.1 200 OK"
16:23:13     ✅ OK
16:23:24  ⚠️  WebSocket-Verbindung unterbrochen (Close-Code=1006, Grund='', Fehler=no close frame received or sent); automatischer Reconnect #170.
16:23:24  🔄 Neuer Verbindungsversuch in 2s...
16:23:26  🔌 Verbinde mit Drucker: ws://10.0.0.63:3030/websocket
16:23:27  ✅ Verbunden! MainboardID: 18421c180103147000001c0000000000
16:23:27  📤 Fordere Status nach Verbindung aktiv an (Cmd 0).
16:23:27  📨 Antwort für RequestID 5d9765b2-6de0-491a-981b-05fd3a4a5947: Cmd=0, Ack=0
16:23:27  ✅ Status nach Verbindung aktualisiert: Maschine=Printing (1), Druck=Unknown (13)
16:23:27  ✅ Reconnect erfolgreich; Status wurde neu eingelesen.
16:23:34  HTTP Request: POST http://localhost:11434/api/chat "HTTP/1.1 200 OK"
16:23:34     ✅ OK
16:23:44  ❌ Kamera-Fehler: Konnte kein Frame von der Kamera lesen!
16:23:45  🔄 Kamera-Stream wird neu verbunden.
16:23:45  📷 Kamera-Stream geschlossen.
16:23:45  📷 Öffne Kamera-Stream: http://10.0.0.63:3031/video
16:23:45  ✅ Kamera-Stream geöffnet.
16:23:45  ✅ Kamera-Reconnect erfolgreich (Versuch 1/3).
16:23:55  HTTP Request: POST http://localhost:11434/api/chat "HTTP/1.1 200 OK"
16:23:55     ✅ OK
16:24:16  HTTP Request: POST http://localhost:11434/api/chat "HTTP/1.1 200 OK"
16:24:16     ✅ OK
16:24:28  ⚠️  WebSocket-Verbindung unterbrochen (Close-Code=1006, Grund='', Fehler=no close frame received or sent); automatischer Reconnect #171.
16:24:28  🔄 Neuer Verbindungsversuch in 2s...
16:24:30  🔌 Verbinde mit Drucker: ws://10.0.0.63:3030/websocket
16:24:31  ✅ Verbunden! MainboardID: 18421c180103147000001c0000000000
16:24:31  📤 Fordere Status nach Verbindung aktiv an (Cmd 0).
16:24:31  📨 Antwort für RequestID 6d0ba003-26eb-4b48-9ace-0c206ed2cf51: Cmd=0, Ack=0
16:24:31  ✅ Status nach Verbindung aktualisiert: Maschine=Printing (1), Druck=Unknown (13)
16:24:31  ✅ Reconnect erfolgreich; Status wurde neu eingelesen.
16:24:36  HTTP Request: POST http://localhost:11434/api/chat "HTTP/1.1 200 OK"
16:24:36     ✅ OK
16:24:56  HTTP Request: POST http://localhost:11434/api/chat "HTTP/1.1 200 OK"
16:24:56     ✅ OK
16:25:06  ❌ Kamera-Fehler: Konnte kein Frame von der Kamera lesen!
16:25:07  🔄 Kamera-Stream wird neu verbunden.
16:25:07  📷 Kamera-Stream geschlossen.
16:25:07  📷 Öffne Kamera-Stream: http://10.0.0.63:3031/video
16:25:07  ✅ Kamera-Stream geöffnet.
16:25:08  ✅ Kamera-Reconnect erfolgreich (Versuch 1/3).
16:25:18  HTTP Request: POST http://localhost:11434/api/chat "HTTP/1.1 200 OK"
16:25:18     ✅ OK
16:25:32  ⚠️  WebSocket-Verbindung unterbrochen (Close-Code=1006, Grund='', Fehler=no close frame received or sent); automatischer Reconnect #172.
16:25:32  🔄 Neuer Verbindungsversuch in 2s...
16:25:34  🔌 Verbinde mit Drucker: ws://10.0.0.63:3030/websocket
16:25:35  ✅ Verbunden! MainboardID: 18421c180103147000001c0000000000
16:25:35  📤 Fordere Status nach Verbindung aktiv an (Cmd 0).
16:25:36  📨 Antwort für RequestID 3d34f43f-343b-42a2-8d91-4ca1bdf125d7: Cmd=0, Ack=0
16:25:36  ✅ Status nach Verbindung aktualisiert: Maschine=Printing (1), Druck=Unknown (13)
16:25:36  ✅ Reconnect erfolgreich; Status wurde neu eingelesen.
16:25:39  HTTP Request: POST http://localhost:11434/api/chat "HTTP/1.1 200 OK"
16:25:39     ✅ OK
16:25:59  HTTP Request: POST http://localhost:11434/api/chat "HTTP/1.1 200 OK"
16:25:59     ✅ OK
16:26:19  HTTP Request: POST http://localhost:11434/api/chat "HTTP/1.1 200 OK"
16:26:19     ✅ OK
16:26:29  ❌ Kamera-Fehler: Konnte kein Frame von der Kamera lesen!
16:26:30  🔄 Kamera-Stream wird neu verbunden.
16:26:30  📷 Kamera-Stream geschlossen.
16:26:30  📷 Öffne Kamera-Stream: http://10.0.0.63:3031/video
16:26:31  ✅ Kamera-Stream geöffnet.
16:26:31  ✅ Kamera-Reconnect erfolgreich (Versuch 1/3).
16:26:36  ⚠️  WebSocket-Verbindung unterbrochen (Close-Code=1006, Grund='', Fehler=no close frame received or sent); automatischer Reconnect #173.
16:26:36  🔄 Neuer Verbindungsversuch in 2s...
16:26:38  🔌 Verbinde mit Drucker: ws://10.0.0.63:3030/websocket
16:26:40  ✅ Verbunden! MainboardID: 18421c180103147000001c0000000000
16:26:40  📤 Fordere Status nach Verbindung aktiv an (Cmd 0).
16:26:40  📨 Antwort für RequestID 549af1b5-c42f-4159-84ab-a725335f84e8: Cmd=0, Ack=0
16:26:40  ✅ Status nach Verbindung aktualisiert: Maschine=Printing (1), Druck=Unknown (13)
16:26:40  ✅ Reconnect erfolgreich; Status wurde neu eingelesen.
16:26:41  HTTP Request: POST http://localhost:11434/api/chat "HTTP/1.1 200 OK"
16:26:41     ✅ OK
16:27:02  HTTP Request: POST http://localhost:11434/api/chat "HTTP/1.1 200 OK"
16:27:02     ✅ OK
16:27:22  HTTP Request: POST http://localhost:11434/api/chat "HTTP/1.1 200 OK"
16:27:22     ✅ OK
16:27:41  ⚠️  WebSocket-Verbindung unterbrochen (Close-Code=1006, Grund='', Fehler=no close frame received or sent); automatischer Reconnect #174.
16:27:41  🔄 Neuer Verbindungsversuch in 2s...
16:27:42  HTTP Request: POST http://localhost:11434/api/chat "HTTP/1.1 200 OK"
16:27:42     ✅ OK
16:27:43  🔌 Verbinde mit Drucker: ws://10.0.0.63:3030/websocket
16:27:44  ✅ Verbunden! MainboardID: 18421c180103147000001c0000000000
16:27:44  📤 Fordere Status nach Verbindung aktiv an (Cmd 0).
16:27:44  📨 Antwort für RequestID 929d87d2-6e23-4522-a36f-bd9ed259deb6: Cmd=0, Ack=0
16:27:44  ✅ Status nach Verbindung aktualisiert: Maschine=Printing (1), Druck=Unknown (13)
16:27:44  ✅ Reconnect erfolgreich; Status wurde neu eingelesen.
16:27:52  ❌ Kamera-Fehler: Konnte kein Frame von der Kamera lesen!
16:27:53  🔄 Kamera-Stream wird neu verbunden.
16:27:53  📷 Kamera-Stream geschlossen.
16:27:53  📷 Öffne Kamera-Stream: http://10.0.0.63:3031/video
16:27:54  ✅ Kamera-Stream geöffnet.
16:27:54  ✅ Kamera-Reconnect erfolgreich (Versuch 1/3).
16:28:04  HTTP Request: POST http://localhost:11434/api/chat "HTTP/1.1 200 OK"
16:28:04     ✅ OK
16:28:23  HTTP Request: POST http://localhost:11434/api/chat "HTTP/1.1 200 OK"
16:28:23     ✅ OK
16:28:43  HTTP Request: POST http://localhost:11434/api/chat "HTTP/1.1 200 OK"
16:28:43     ✅ OK
16:28:45  ⚠️  WebSocket-Verbindung unterbrochen (Close-Code=1006, Grund='', Fehler=no close frame received or sent); automatischer Reconnect #175.
16:28:45  🔄 Neuer Verbindungsversuch in 2s...
16:28:47  🔌 Verbinde mit Drucker: ws://10.0.0.63:3030/websocket
16:28:48  ✅ Verbunden! MainboardID: 18421c180103147000001c0000000000
16:28:48  📤 Fordere Status nach Verbindung aktiv an (Cmd 0).
16:28:48  📨 Antwort für RequestID 4fb0461c-cab5-43ae-a8ea-9f8a351ece85: Cmd=0, Ack=0
16:28:48  ✅ Status nach Verbindung aktualisiert: Maschine=Printing (1), Druck=Unknown (13)
16:28:48  ✅ Reconnect erfolgreich; Status wurde neu eingelesen.
16:29:02  HTTP Request: POST http://localhost:11434/api/chat "HTTP/1.1 200 OK"
16:29:02     ✅ OK
16:29:12  ❌ Kamera-Fehler: Konnte kein Frame von der Kamera lesen!
16:29:13  🔄 Kamera-Stream wird neu verbunden.
16:29:13  📷 Kamera-Stream geschlossen.
16:29:13  📷 Öffne Kamera-Stream: http://10.0.0.63:3031/video
16:29:14  ✅ Kamera-Stream geöffnet.
16:29:14  ✅ Kamera-Reconnect erfolgreich (Versuch 1/3).
16:29:23  HTTP Request: POST http://localhost:11434/api/chat "HTTP/1.1 200 OK"
16:29:23     ✅ OK
16:29:43  HTTP Request: POST http://localhost:11434/api/chat "HTTP/1.1 200 OK"
16:29:43     ✅ OK
16:29:49  ⚠️  WebSocket-Verbindung unterbrochen (Close-Code=1006, Grund='', Fehler=no close frame received or sent); automatischer Reconnect #176.
16:29:49  🔄 Neuer Verbindungsversuch in 2s...
16:29:51  🔌 Verbinde mit Drucker: ws://10.0.0.63:3030/websocket
16:29:51  ✅ Verbunden! MainboardID: 18421c180103147000001c0000000000
16:29:51  📤 Fordere Status nach Verbindung aktiv an (Cmd 0).
16:29:52  📨 Antwort für RequestID 13a15fec-3b54-4001-a146-16a4d35ed7a3: Cmd=0, Ack=0
16:29:52  ✅ Status nach Verbindung aktualisiert: Maschine=Printing (1), Druck=Unknown (13)
16:29:52  ✅ Reconnect erfolgreich; Status wurde neu eingelesen.
16:30:02  HTTP Request: POST http://localhost:11434/api/chat "HTTP/1.1 200 OK"
16:30:02     ✅ OK
16:30:22  HTTP Request: POST http://localhost:11434/api/chat "HTTP/1.1 200 OK"
16:30:22     ✅ OK
16:30:32  ❌ Kamera-Fehler: Konnte kein Frame von der Kamera lesen!
16:30:33  🔄 Kamera-Stream wird neu verbunden.
16:30:33  📷 Kamera-Stream geschlossen.
16:30:33  📷 Öffne Kamera-Stream: http://10.0.0.63:3031/video
16:30:33  ✅ Kamera-Stream geöffnet.
16:30:33  ✅ Kamera-Reconnect erfolgreich (Versuch 1/3).
16:30:42  HTTP Request: POST http://localhost:11434/api/chat "HTTP/1.1 200 OK"
16:30:42     ✅ OK
16:30:52  ⚠️  WebSocket-Verbindung unterbrochen (Close-Code=1006, Grund='', Fehler=no close frame received or sent); automatischer Reconnect #177.
16:30:52  🔄 Neuer Verbindungsversuch in 2s...
16:30:55  🔌 Verbinde mit Drucker: ws://10.0.0.63:3030/websocket
16:30:57  ✅ Verbunden! MainboardID: 18421c180103147000001c0000000000
16:30:57  📤 Fordere Status nach Verbindung aktiv an (Cmd 0).
16:30:57  📨 Antwort für RequestID baf8e39b-51cd-4d3c-afa9-e1b29fd0f757: Cmd=0, Ack=0
16:30:57  ✅ Status nach Verbindung aktualisiert: Maschine=Printing (1), Druck=Unknown (13)
16:30:57  ✅ Reconnect erfolgreich; Status wurde neu eingelesen.
16:31:02  HTTP Request: POST http://localhost:11434/api/chat "HTTP/1.1 200 OK"
16:31:02     ✅ OK
16:31:21  HTTP Request: POST http://localhost:11434/api/chat "HTTP/1.1 200 OK"
16:31:21     ✅ OK
16:31:41  HTTP Request: POST http://localhost:11434/api/chat "HTTP/1.1 200 OK"
16:31:41     ✅ OK
16:31:51  ❌ Kamera-Fehler: Konnte kein Frame von der Kamera lesen!
16:31:52  🔄 Kamera-Stream wird neu verbunden.
16:31:52  📷 Kamera-Stream geschlossen.
16:31:52  📷 Öffne Kamera-Stream: http://10.0.0.63:3031/video
16:31:52  ✅ Kamera-Stream geöffnet.
16:31:52  ✅ Kamera-Reconnect erfolgreich (Versuch 1/3).
16:31:58  ⚠️  WebSocket-Verbindung unterbrochen (Close-Code=1006, Grund='', Fehler=no close frame received or sent); automatischer Reconnect #178.
16:31:58  🔄 Neuer Verbindungsversuch in 2s...
16:32:00  🔌 Verbinde mit Drucker: ws://10.0.0.63:3030/websocket
16:32:01  ✅ Verbunden! MainboardID: 18421c180103147000001c0000000000
16:32:01  📤 Fordere Status nach Verbindung aktiv an (Cmd 0).
16:32:01  📨 Antwort für RequestID ec4c8c79-ee7c-4167-9077-dec9dd2edc58: Cmd=0, Ack=0
16:32:01  ✅ Status nach Verbindung aktualisiert: Maschine=Printing (1), Druck=Unknown (13)
16:32:01  ✅ Reconnect erfolgreich; Status wurde neu eingelesen.
16:32:02  HTTP Request: POST http://localhost:11434/api/chat "HTTP/1.1 200 OK"
16:32:02     ✅ OK
16:32:21  HTTP Request: POST http://localhost:11434/api/chat "HTTP/1.1 200 OK"
16:32:21     ✅ OK
16:32:41  HTTP Request: POST http://localhost:11434/api/chat "HTTP/1.1 200 OK"
16:32:41     ✅ OK
16:33:00  HTTP Request: POST http://localhost:11434/api/chat "HTTP/1.1 200 OK"
16:33:00     ✅ OK
16:33:02  ⚠️  WebSocket-Verbindung unterbrochen (Close-Code=1006, Grund='', Fehler=no close frame received or sent); automatischer Reconnect #179.
16:33:02  🔄 Neuer Verbindungsversuch in 2s...
16:33:04  🔌 Verbinde mit Drucker: ws://10.0.0.63:3030/websocket
16:33:05  ✅ Verbunden! MainboardID: 18421c180103147000001c0000000000
16:33:05  📤 Fordere Status nach Verbindung aktiv an (Cmd 0).
16:33:05  📨 Antwort für RequestID 5f736170-1d23-460b-ad95-c94ef661c88e: Cmd=0, Ack=0
16:33:05  ✅ Status nach Verbindung aktualisiert: Maschine=Printing (1), Druck=Unknown (13)
16:33:05  ✅ Reconnect erfolgreich; Status wurde neu eingelesen.
16:33:10  ❌ Kamera-Fehler: Konnte kein Frame von der Kamera lesen!
16:33:11  🔄 Kamera-Stream wird neu verbunden.
16:33:11  📷 Kamera-Stream geschlossen.
16:33:11  📷 Öffne Kamera-Stream: http://10.0.0.63:3031/video
16:33:11  ✅ Kamera-Stream geöffnet.
16:33:11  ✅ Kamera-Reconnect erfolgreich (Versuch 1/3).
16:33:21  HTTP Request: POST http://localhost:11434/api/chat "HTTP/1.1 200 OK"
16:33:21     ✅ OK
16:33:40  HTTP Request: POST http://localhost:11434/api/chat "HTTP/1.1 200 OK"
16:33:40     ✅ OK
16:34:00  HTTP Request: POST http://localhost:11434/api/chat "HTTP/1.1 200 OK"
16:34:00     ✅ OK
16:34:06  ⚠️  WebSocket-Verbindung unterbrochen (Close-Code=1006, Grund='', Fehler=no close frame received or sent); automatischer Reconnect #180.
16:34:06  🔄 Neuer Verbindungsversuch in 2s...
16:34:08  🔌 Verbinde mit Drucker: ws://10.0.0.63:3030/websocket
16:34:08  ✅ Verbunden! MainboardID: 18421c180103147000001c0000000000
16:34:08  📤 Fordere Status nach Verbindung aktiv an (Cmd 0).
16:34:08  📨 Antwort für RequestID 95aa3cdb-7d34-4a5c-9c65-04594f060628: Cmd=0, Ack=0
16:34:08  ✅ Status nach Verbindung aktualisiert: Maschine=Printing (1), Druck=Unknown (13)
16:34:08  ✅ Reconnect erfolgreich; Status wurde neu eingelesen.
16:34:19  HTTP Request: POST http://localhost:11434/api/chat "HTTP/1.1 200 OK"
16:34:19     ✅ OK
16:34:29  ❌ Kamera-Fehler: Konnte kein Frame von der Kamera lesen!
16:34:30  🔄 Kamera-Stream wird neu verbunden.
16:34:30  📷 Kamera-Stream geschlossen.
16:34:30  📷 Öffne Kamera-Stream: http://10.0.0.63:3031/video
16:34:30  ✅ Kamera-Stream geöffnet.
16:34:31  ✅ Kamera-Reconnect erfolgreich (Versuch 1/3).
16:34:40  HTTP Request: POST http://localhost:11434/api/chat "HTTP/1.1 200 OK"
16:34:40     ✅ OK
16:35:00  HTTP Request: POST http://localhost:11434/api/chat "HTTP/1.1 200 OK"
16:35:00     ✅ OK
16:35:09  ⚠️  WebSocket-Verbindung unterbrochen (Close-Code=1006, Grund='', Fehler=no close frame received or sent); automatischer Reconnect #181.
16:35:09  🔄 Neuer Verbindungsversuch in 2s...
16:35:11  🔌 Verbinde mit Drucker: ws://10.0.0.63:3030/websocket
16:35:13  ✅ Verbunden! MainboardID: 18421c180103147000001c0000000000
16:35:13  📤 Fordere Status nach Verbindung aktiv an (Cmd 0).
16:35:14  📨 Antwort für RequestID cd258247-d1b3-4efb-ad2d-99b6cc451b0a: Cmd=0, Ack=0
16:35:14  ✅ Status nach Verbindung aktualisiert: Maschine=Printing (1), Druck=Unknown (13)
16:35:14  ✅ Reconnect erfolgreich; Status wurde neu eingelesen.
16:35:19  HTTP Request: POST http://localhost:11434/api/chat "HTTP/1.1 200 OK"
16:35:19     ✅ OK
16:35:39  HTTP Request: POST http://localhost:11434/api/chat "HTTP/1.1 200 OK"
16:35:39     ✅ OK
16:35:49  ❌ Kamera-Fehler: Konnte kein Frame von der Kamera lesen!
16:35:50  🔄 Kamera-Stream wird neu verbunden.
16:35:50  📷 Kamera-Stream geschlossen.
16:35:50  📷 Öffne Kamera-Stream: http://10.0.0.63:3031/video
16:35:50  ✅ Kamera-Stream geöffnet.
16:35:50  ✅ Kamera-Reconnect erfolgreich (Versuch 1/3).
16:36:00  HTTP Request: POST http://localhost:11434/api/chat "HTTP/1.1 200 OK"
16:36:00     ✅ OK
16:36:14  ⚠️  WebSocket-Verbindung unterbrochen (Close-Code=1006, Grund='', Fehler=no close frame received or sent); automatischer Reconnect #182.
16:36:14  🔄 Neuer Verbindungsversuch in 2s...
16:36:16  🔌 Verbinde mit Drucker: ws://10.0.0.63:3030/websocket
16:36:18  ✅ Verbunden! MainboardID: 18421c180103147000001c0000000000
16:36:18  📤 Fordere Status nach Verbindung aktiv an (Cmd 0).
16:36:18  📨 Antwort für RequestID 13a9618c-0bc1-4188-b5d8-d655745517b2: Cmd=0, Ack=0
16:36:18  ✅ Status nach Verbindung aktualisiert: Maschine=Printing (1), Druck=Unknown (13)
16:36:18  ✅ Reconnect erfolgreich; Status wurde neu eingelesen.
16:36:19  HTTP Request: POST http://localhost:11434/api/chat "HTTP/1.1 200 OK"
16:36:19     ✅ OK
16:36:39  HTTP Request: POST http://localhost:11434/api/chat "HTTP/1.1 200 OK"
16:36:39     ✅ OK
16:36:58  HTTP Request: POST http://localhost:11434/api/chat "HTTP/1.1 200 OK"
16:36:58     ✅ OK
16:37:08  ❌ Kamera-Fehler: Konnte kein Frame von der Kamera lesen!
16:37:09  🔄 Kamera-Stream wird neu verbunden.
16:37:09  📷 Kamera-Stream geschlossen.
16:37:09  📷 Öffne Kamera-Stream: http://10.0.0.63:3031/video
16:37:09  ✅ Kamera-Stream geöffnet.
16:37:09  ✅ Kamera-Reconnect erfolgreich (Versuch 1/3).
16:37:19  ⚠️  WebSocket-Verbindung unterbrochen (Close-Code=1006, Grund='', Fehler=no close frame received or sent); automatischer Reconnect #183.
16:37:19  🔄 Neuer Verbindungsversuch in 2s...
16:37:19  HTTP Request: POST http://localhost:11434/api/chat "HTTP/1.1 200 OK"
16:37:19     ✅ OK
16:37:21  🔌 Verbinde mit Drucker: ws://10.0.0.63:3030/websocket
16:37:22  ✅ Verbunden! MainboardID: 18421c180103147000001c0000000000
16:37:22  📤 Fordere Status nach Verbindung aktiv an (Cmd 0).
16:37:22  📨 Antwort für RequestID a01adc57-8e29-458a-a6e9-6be2ca812eea: Cmd=0, Ack=0
16:37:22  ✅ Status nach Verbindung aktualisiert: Maschine=Printing (1), Druck=Unknown (13)
16:37:22  ✅ Reconnect erfolgreich; Status wurde neu eingelesen.
16:37:39  HTTP Request: POST http://localhost:11434/api/chat "HTTP/1.1 200 OK"
16:37:39     ✅ OK
16:37:58  HTTP Request: POST http://localhost:11434/api/chat "HTTP/1.1 200 OK"
16:37:58     ✅ OK
16:38:18  HTTP Request: POST http://localhost:11434/api/chat "HTTP/1.1 200 OK"
16:38:18     ✅ OK
16:38:23  ⚠️  WebSocket-Verbindung unterbrochen (Close-Code=1006, Grund='', Fehler=no close frame received or sent); automatischer Reconnect #184.
16:38:23  🔄 Neuer Verbindungsversuch in 2s...
16:38:25  🔌 Verbinde mit Drucker: ws://10.0.0.63:3030/websocket
16:38:26  ✅ Verbunden! MainboardID: 18421c180103147000001c0000000000
16:38:26  📤 Fordere Status nach Verbindung aktiv an (Cmd 0).
16:38:26  📨 Antwort für RequestID b525ceb2-44ad-4d52-92b1-a9dacd464220: Cmd=0, Ack=0
16:38:26  ✅ Status nach Verbindung aktualisiert: Maschine=Printing (1), Druck=Unknown (13)
16:38:26  ✅ Reconnect erfolgreich; Status wurde neu eingelesen.
16:38:28  ❌ Kamera-Fehler: Konnte kein Frame von der Kamera lesen!
16:38:29  🔄 Kamera-Stream wird neu verbunden.
16:38:29  📷 Kamera-Stream geschlossen.
16:38:29  📷 Öffne Kamera-Stream: http://10.0.0.63:3031/video
16:38:29  ✅ Kamera-Stream geöffnet.
16:38:29  ✅ Kamera-Reconnect erfolgreich (Versuch 1/3).
16:38:38  HTTP Request: POST http://localhost:11434/api/chat "HTTP/1.1 200 OK"
16:38:38     ✅ OK
16:38:58  HTTP Request: POST http://localhost:11434/api/chat "HTTP/1.1 200 OK"
16:38:58     ✅ OK
16:39:17  HTTP Request: POST http://localhost:11434/api/chat "HTTP/1.1 200 OK"
16:39:17     ✅ OK
16:39:27  ⚠️  WebSocket-Verbindung unterbrochen (Close-Code=1006, Grund='', Fehler=no close frame received or sent); automatischer Reconnect #185.
16:39:27  🔄 Neuer Verbindungsversuch in 2s...
16:39:29  🔌 Verbinde mit Drucker: ws://10.0.0.63:3030/websocket
16:39:30  ✅ Verbunden! MainboardID: 18421c180103147000001c0000000000
16:39:30  📤 Fordere Status nach Verbindung aktiv an (Cmd 0).
16:39:30  📨 Antwort für RequestID 704cd106-53f2-46c8-a373-6fd818169e34: Cmd=0, Ack=0
16:39:30  ✅ Status nach Verbindung aktualisiert: Maschine=Printing (1), Druck=Unknown (13)
16:39:30  ✅ Reconnect erfolgreich; Status wurde neu eingelesen.
16:39:37  HTTP Request: POST http://localhost:11434/api/chat "HTTP/1.1 200 OK"
16:39:37     ✅ OK
16:39:47  ❌ Kamera-Fehler: Konnte kein Frame von der Kamera lesen!
16:39:48  🔄 Kamera-Stream wird neu verbunden.
16:39:48  📷 Kamera-Stream geschlossen.
16:39:48  📷 Öffne Kamera-Stream: http://10.0.0.63:3031/video
16:39:48  ✅ Kamera-Stream geöffnet.
16:39:48  ✅ Kamera-Reconnect erfolgreich (Versuch 1/3).
16:39:58  HTTP Request: POST http://localhost:11434/api/chat "HTTP/1.1 200 OK"
16:39:58     ✅ OK
16:40:17  HTTP Request: POST http://localhost:11434/api/chat "HTTP/1.1 200 OK"
16:40:17     ✅ OK
16:40:31  ⚠️  WebSocket-Verbindung unterbrochen (Close-Code=1006, Grund='', Fehler=no close frame received or sent); automatischer Reconnect #186.
16:40:31  🔄 Neuer Verbindungsversuch in 2s...
16:40:33  🔌 Verbinde mit Drucker: ws://10.0.0.63:3030/websocket
16:40:34  ✅ Verbunden! MainboardID: 18421c180103147000001c0000000000
16:40:34  📤 Fordere Status nach Verbindung aktiv an (Cmd 0).
16:40:34  📨 Antwort für RequestID cc461269-2e43-468e-83ef-52830a1af693: Cmd=0, Ack=0
16:40:34  ✅ Status nach Verbindung aktualisiert: Maschine=Printing (1), Druck=Unknown (13)
16:40:34  ✅ Reconnect erfolgreich; Status wurde neu eingelesen.
16:40:37  HTTP Request: POST http://localhost:11434/api/chat "HTTP/1.1 200 OK"
16:40:37     ✅ OK
16:40:56  HTTP Request: POST http://localhost:11434/api/chat "HTTP/1.1 200 OK"
16:40:56     ✅ OK
16:41:06  ❌ Kamera-Fehler: Konnte kein Frame von der Kamera lesen!
16:41:07  🔄 Kamera-Stream wird neu verbunden.
16:41:07  📷 Kamera-Stream geschlossen.
16:41:07  📷 Öffne Kamera-Stream: http://10.0.0.63:3031/video
16:41:07  ✅ Kamera-Stream geöffnet.
16:41:07  ✅ Kamera-Reconnect erfolgreich (Versuch 1/3).
16:41:17  HTTP Request: POST http://localhost:11434/api/chat "HTTP/1.1 200 OK"
16:41:17     ✅ OK
16:41:35  ⚠️  WebSocket-Verbindung unterbrochen (Close-Code=1006, Grund='', Fehler=no close frame received or sent); automatischer Reconnect #187.
16:41:35  🔄 Neuer Verbindungsversuch in 2s...
16:41:36  HTTP Request: POST http://localhost:11434/api/chat "HTTP/1.1 200 OK"
16:41:36     ✅ OK
16:41:37  🔌 Verbinde mit Drucker: ws://10.0.0.63:3030/websocket
16:41:39  ✅ Verbunden! MainboardID: 18421c180103147000001c0000000000
16:41:39  📤 Fordere Status nach Verbindung aktiv an (Cmd 0).
16:41:39  📨 Antwort für RequestID c8c2dd1c-07b1-4a06-8079-e6424f60d8f5: Cmd=0, Ack=0
16:41:39  ✅ Status nach Verbindung aktualisiert: Maschine=Printing (1), Druck=Unknown (13)
16:41:39  ✅ Reconnect erfolgreich; Status wurde neu eingelesen.
16:41:56  HTTP Request: POST http://localhost:11434/api/chat "HTTP/1.1 200 OK"
16:41:56     ✅ OK
16:42:15  HTTP Request: POST http://localhost:11434/api/chat "HTTP/1.1 200 OK"
16:42:15     ✅ OK
16:42:25  ❌ Kamera-Fehler: Konnte kein Frame von der Kamera lesen!
16:42:26  🔄 Kamera-Stream wird neu verbunden.
16:42:26  📷 Kamera-Stream geschlossen.
16:42:26  📷 Öffne Kamera-Stream: http://10.0.0.63:3031/video
16:42:26  ✅ Kamera-Stream geöffnet.
16:42:26  ✅ Kamera-Reconnect erfolgreich (Versuch 1/3).
16:42:36  HTTP Request: POST http://localhost:11434/api/chat "HTTP/1.1 200 OK"
16:42:36     ✅ OK
16:42:40  ⚠️  WebSocket-Verbindung unterbrochen (Close-Code=1006, Grund='', Fehler=no close frame received or sent); automatischer Reconnect #188.
16:42:40  🔄 Neuer Verbindungsversuch in 2s...
16:42:42  🔌 Verbinde mit Drucker: ws://10.0.0.63:3030/websocket
16:42:43  ✅ Verbunden! MainboardID: 18421c180103147000001c0000000000
16:42:43  📤 Fordere Status nach Verbindung aktiv an (Cmd 0).
16:42:43  📨 Antwort für RequestID 6079222d-1a30-467f-865f-8f58729a0dc5: Cmd=0, Ack=0
16:42:43  ✅ Status nach Verbindung aktualisiert: Maschine=Printing (1), Druck=Unknown (13)
16:42:43  ✅ Reconnect erfolgreich; Status wurde neu eingelesen.
16:42:56  HTTP Request: POST http://localhost:11434/api/chat "HTTP/1.1 200 OK"
16:42:56     ✅ OK
16:43:15  HTTP Request: POST http://localhost:11434/api/chat "HTTP/1.1 200 OK"
16:43:15     ✅ OK
16:43:34  HTTP Request: POST http://localhost:11434/api/chat "HTTP/1.1 200 OK"
16:43:34     ✅ OK
16:43:44  ⚠️  WebSocket-Verbindung unterbrochen (Close-Code=1006, Grund='', Fehler=no close frame received or sent); automatischer Reconnect #189.
16:43:44  🔄 Neuer Verbindungsversuch in 2s...
16:43:44  ❌ Kamera-Fehler: Konnte kein Frame von der Kamera lesen!
16:43:45  🔄 Kamera-Stream wird neu verbunden.
16:43:45  📷 Kamera-Stream geschlossen.
16:43:45  📷 Öffne Kamera-Stream: http://10.0.0.63:3031/video
16:43:46  ✅ Kamera-Stream geöffnet.
16:43:46  ✅ Kamera-Reconnect erfolgreich (Versuch 1/3).
16:43:46  🔌 Verbinde mit Drucker: ws://10.0.0.63:3030/websocket
16:43:46  ✅ Verbunden! MainboardID: 18421c180103147000001c0000000000
16:43:46  📤 Fordere Status nach Verbindung aktiv an (Cmd 0).
16:43:46  📨 Antwort für RequestID 1fea3a1d-e92c-4ee6-838e-3a8241cb59f9: Cmd=0, Ack=0
16:43:46  ✅ Status nach Verbindung aktualisiert: Maschine=Printing (1), Druck=Unknown (13)
16:43:46  ✅ Reconnect erfolgreich; Status wurde neu eingelesen.
16:43:55  HTTP Request: POST http://localhost:11434/api/chat "HTTP/1.1 200 OK"
16:43:55     ✅ OK
16:44:15  HTTP Request: POST http://localhost:11434/api/chat "HTTP/1.1 200 OK"
16:44:15     ✅ OK
16:44:34  HTTP Request: POST http://localhost:11434/api/chat "HTTP/1.1 200 OK"
16:44:34     ✅ OK
16:44:47  ⚠️  WebSocket-Verbindung unterbrochen (Close-Code=1006, Grund='', Fehler=no close frame received or sent); automatischer Reconnect #190.
16:44:47  🔄 Neuer Verbindungsversuch in 2s...
16:44:49  🔌 Verbinde mit Drucker: ws://10.0.0.63:3030/websocket
16:44:50  ✅ Verbunden! MainboardID: 18421c180103147000001c0000000000
16:44:50  📤 Fordere Status nach Verbindung aktiv an (Cmd 0).
16:44:50  📨 Antwort für RequestID 1cb6589f-dff9-44a8-a69e-e94090351123: Cmd=0, Ack=0
16:44:50  ✅ Status nach Verbindung aktualisiert: Maschine=Printing (1), Druck=Unknown (13)
16:44:50  ✅ Reconnect erfolgreich; Status wurde neu eingelesen.
16:44:54  HTTP Request: POST http://localhost:11434/api/chat "HTTP/1.1 200 OK"
16:44:54     ✅ OK
16:45:04  ❌ Kamera-Fehler: Konnte kein Frame von der Kamera lesen!
16:45:05  🔄 Kamera-Stream wird neu verbunden.
16:45:05  📷 Kamera-Stream geschlossen.
16:45:05  📷 Öffne Kamera-Stream: http://10.0.0.63:3031/video
16:45:05  ✅ Kamera-Stream geöffnet.
16:45:05  ✅ Kamera-Reconnect erfolgreich (Versuch 1/3).
16:45:15  HTTP Request: POST http://localhost:11434/api/chat "HTTP/1.1 200 OK"
16:45:15     ✅ OK
16:45:34  HTTP Request: POST http://localhost:11434/api/chat "HTTP/1.1 200 OK"
16:45:34     ✅ OK
16:45:51  ⚠️  WebSocket-Verbindung unterbrochen (Close-Code=1006, Grund='', Fehler=no close frame received or sent); automatischer Reconnect #191.
16:45:51  🔄 Neuer Verbindungsversuch in 2s...
16:45:53  🔌 Verbinde mit Drucker: ws://10.0.0.63:3030/websocket
16:45:54  HTTP Request: POST http://localhost:11434/api/chat "HTTP/1.1 200 OK"
16:45:54     ✅ OK
16:45:55  ✅ Verbunden! MainboardID: 18421c180103147000001c0000000000
16:45:55  📤 Fordere Status nach Verbindung aktiv an (Cmd 0).
16:45:55  📨 Antwort für RequestID dcb075e7-0790-47a9-a8f5-19da77d1a7d8: Cmd=0, Ack=0
16:45:55  ✅ Status nach Verbindung aktualisiert: Maschine=Printing (1), Druck=Unknown (13)
16:45:55  ✅ Reconnect erfolgreich; Status wurde neu eingelesen.
16:46:13  HTTP Request: POST http://localhost:11434/api/chat "HTTP/1.1 200 OK"
16:46:13     ✅ OK
16:46:23  ❌ Kamera-Fehler: Konnte kein Frame von der Kamera lesen!
16:46:24  🔄 Kamera-Stream wird neu verbunden.
16:46:24  📷 Kamera-Stream geschlossen.
16:46:24  📷 Öffne Kamera-Stream: http://10.0.0.63:3031/video
16:46:24  ✅ Kamera-Stream geöffnet.
16:46:24  ✅ Kamera-Reconnect erfolgreich (Versuch 1/3).
16:46:34  HTTP Request: POST http://localhost:11434/api/chat "HTTP/1.1 200 OK"
16:46:34     ✅ OK
16:46:53  HTTP Request: POST http://localhost:11434/api/chat "HTTP/1.1 200 OK"
16:46:53     ✅ OK
16:46:56  ⚠️  WebSocket-Verbindung unterbrochen (Close-Code=1006, Grund='', Fehler=no close frame received or sent); automatischer Reconnect #192.
16:46:56  🔄 Neuer Verbindungsversuch in 2s...
16:46:58  🔌 Verbinde mit Drucker: ws://10.0.0.63:3030/websocket
16:46:59  ✅ Verbunden! MainboardID: 18421c180103147000001c0000000000
16:46:59  📤 Fordere Status nach Verbindung aktiv an (Cmd 0).
16:47:00  📨 Antwort für RequestID e9f3889f-138c-4a51-89fc-5fb9ce41f82f: Cmd=0, Ack=0
16:47:00  ✅ Status nach Verbindung aktualisiert: Maschine=Printing (1), Druck=Unknown (13)
16:47:00  ✅ Reconnect erfolgreich; Status wurde neu eingelesen.
16:47:13  HTTP Request: POST http://localhost:11434/api/chat "HTTP/1.1 200 OK"
16:47:13     ✅ OK
16:47:32  HTTP Request: POST http://localhost:11434/api/chat "HTTP/1.1 200 OK"
16:47:32     ✅ OK
16:47:42  ❌ Kamera-Fehler: Konnte kein Frame von der Kamera lesen!
16:47:43  🔄 Kamera-Stream wird neu verbunden.
16:47:43  📷 Kamera-Stream geschlossen.
16:47:43  📷 Öffne Kamera-Stream: http://10.0.0.63:3031/video
16:47:43  ✅ Kamera-Stream geöffnet.
16:47:44  ✅ Kamera-Reconnect erfolgreich (Versuch 1/3).
16:47:53  HTTP Request: POST http://localhost:11434/api/chat "HTTP/1.1 200 OK"
16:47:53     ✅ OK
16:48:00  ⚠️  WebSocket-Verbindung unterbrochen (Close-Code=1006, Grund='', Fehler=no close frame received or sent); automatischer Reconnect #193.
16:48:00  🔄 Neuer Verbindungsversuch in 2s...
16:48:02  🔌 Verbinde mit Drucker: ws://10.0.0.63:3030/websocket
16:48:04  ✅ Verbunden! MainboardID: 18421c180103147000001c0000000000
16:48:04  📤 Fordere Status nach Verbindung aktiv an (Cmd 0).
16:48:04  📨 Antwort für RequestID 314ed2b7-8438-4303-a11b-159e666592e9: Cmd=0, Ack=0
16:48:04  ✅ Status nach Verbindung aktualisiert: Maschine=Printing (1), Druck=Unknown (13)
16:48:04  ✅ Reconnect erfolgreich; Status wurde neu eingelesen.
16:48:13  HTTP Request: POST http://localhost:11434/api/chat "HTTP/1.1 200 OK"
16:48:13     ✅ OK
16:48:32  HTTP Request: POST http://localhost:11434/api/chat "HTTP/1.1 200 OK"
16:48:32     ✅ OK
16:48:52  HTTP Request: POST http://localhost:11434/api/chat "HTTP/1.1 200 OK"
16:48:52     ✅ OK
16:49:02  ❌ Kamera-Fehler: Konnte kein Frame von der Kamera lesen!
16:49:03  🔄 Kamera-Stream wird neu verbunden.
16:49:03  📷 Kamera-Stream geschlossen.
16:49:03  📷 Öffne Kamera-Stream: http://10.0.0.63:3031/video
16:49:03  ✅ Kamera-Stream geöffnet.
16:49:03  ✅ Kamera-Reconnect erfolgreich (Versuch 1/3).
16:49:05  ⚠️  WebSocket-Verbindung unterbrochen (Close-Code=1006, Grund='', Fehler=no close frame received or sent); automatischer Reconnect #194.
16:49:05  🔄 Neuer Verbindungsversuch in 2s...
16:49:07  🔌 Verbinde mit Drucker: ws://10.0.0.63:3030/websocket
16:49:08  ✅ Verbunden! MainboardID: 18421c180103147000001c0000000000
16:49:08  📤 Fordere Status nach Verbindung aktiv an (Cmd 0).
16:49:08  📨 Antwort für RequestID 5593fc07-79f5-4210-8478-a42bbb88aa83: Cmd=0, Ack=0
16:49:08  ✅ Status nach Verbindung aktualisiert: Maschine=Printing (1), Druck=Unknown (13)
16:49:08  ✅ Reconnect erfolgreich; Status wurde neu eingelesen.
16:49:12  HTTP Request: POST http://localhost:11434/api/chat "HTTP/1.1 200 OK"
16:49:12     ✅ OK
16:49:32  HTTP Request: POST http://localhost:11434/api/chat "HTTP/1.1 200 OK"
16:49:32     ✅ OK
16:49:51  HTTP Request: POST http://localhost:11434/api/chat "HTTP/1.1 200 OK"
16:49:51     ✅ OK
16:50:09  ⚠️  WebSocket-Verbindung unterbrochen (Close-Code=1006, Grund='', Fehler=no close frame received or sent); automatischer Reconnect #195.
16:50:09  🔄 Neuer Verbindungsversuch in 2s...
16:50:11  HTTP Request: POST http://localhost:11434/api/chat "HTTP/1.1 200 OK"
16:50:11     ✅ OK
16:50:11  🔌 Verbinde mit Drucker: ws://10.0.0.63:3030/websocket
16:50:12  ✅ Verbunden! MainboardID: 18421c180103147000001c0000000000
16:50:12  📤 Fordere Status nach Verbindung aktiv an (Cmd 0).
16:50:13  📨 Antwort für RequestID 1f3f8642-6712-4b48-afc7-cc37651d7538: Cmd=0, Ack=0
16:50:13  ✅ Status nach Verbindung aktualisiert: Maschine=Printing (1), Druck=Unknown (13)
16:50:13  ✅ Reconnect erfolgreich; Status wurde neu eingelesen.
16:50:21  ❌ Kamera-Fehler: Konnte kein Frame von der Kamera lesen!
16:50:22  🔄 Kamera-Stream wird neu verbunden.
16:50:22  📷 Kamera-Stream geschlossen.
16:50:22  📷 Öffne Kamera-Stream: http://10.0.0.63:3031/video
16:50:22  ✅ Kamera-Stream geöffnet.
16:50:22  ✅ Kamera-Reconnect erfolgreich (Versuch 1/3).
16:50:32  HTTP Request: POST http://localhost:11434/api/chat "HTTP/1.1 200 OK"
16:50:32     ✅ OK
16:50:51  HTTP Request: POST http://localhost:11434/api/chat "HTTP/1.1 200 OK"
16:50:51     ✅ OK
16:51:11  HTTP Request: POST http://localhost:11434/api/chat "HTTP/1.1 200 OK"
16:51:11     ✅ OK
16:51:14  ⚠️  WebSocket-Verbindung unterbrochen (Close-Code=1006, Grund='', Fehler=no close frame received or sent); automatischer Reconnect #196.
16:51:14  🔄 Neuer Verbindungsversuch in 2s...
16:51:16  🔌 Verbinde mit Drucker: ws://10.0.0.63:3030/websocket
16:51:17  ✅ Verbunden! MainboardID: 18421c180103147000001c0000000000
16:51:17  📤 Fordere Status nach Verbindung aktiv an (Cmd 0).
16:51:17  📨 Antwort für RequestID 3f2e4dfc-fd81-47a1-9b7b-cdbecf2e6954: Cmd=0, Ack=0
16:51:17  ✅ Status nach Verbindung aktualisiert: Maschine=Printing (1), Druck=Unknown (13)
16:51:17  ✅ Reconnect erfolgreich; Status wurde neu eingelesen.
16:51:30  HTTP Request: POST http://localhost:11434/api/chat "HTTP/1.1 200 OK"
16:51:30     ✅ OK
16:51:40  ❌ Kamera-Fehler: Konnte kein Frame von der Kamera lesen!
16:51:41  🔄 Kamera-Stream wird neu verbunden.
16:51:41  📷 Kamera-Stream geschlossen.
16:51:41  📷 Öffne Kamera-Stream: http://10.0.0.63:3031/video
16:51:41  ✅ Kamera-Stream geöffnet.
16:51:42  ✅ Kamera-Reconnect erfolgreich (Versuch 1/3).
16:51:51  HTTP Request: POST http://localhost:11434/api/chat "HTTP/1.1 200 OK"
16:51:51     ✅ OK
16:52:11  HTTP Request: POST http://localhost:11434/api/chat "HTTP/1.1 200 OK"
16:52:11     ✅ OK
16:52:18  ⚠️  WebSocket-Verbindung unterbrochen (Close-Code=1006, Grund='', Fehler=no close frame received or sent); automatischer Reconnect #197.
16:52:18  🔄 Neuer Verbindungsversuch in 2s...
16:52:20  🔌 Verbinde mit Drucker: ws://10.0.0.63:3030/websocket
16:52:21  ✅ Verbunden! MainboardID: 18421c180103147000001c0000000000
16:52:21  📤 Fordere Status nach Verbindung aktiv an (Cmd 0).
16:52:21  📨 Antwort für RequestID 8f2d7677-c23a-4e8c-95a2-121a048085be: Cmd=0, Ack=0
16:52:21  ✅ Status nach Verbindung aktualisiert: Maschine=Printing (1), Druck=Unknown (13)
16:52:21  ✅ Reconnect erfolgreich; Status wurde neu eingelesen.
16:52:30  HTTP Request: POST http://localhost:11434/api/chat "HTTP/1.1 200 OK"
16:52:30     ✅ OK
16:52:50  HTTP Request: POST http://localhost:11434/api/chat "HTTP/1.1 200 OK"
16:52:50     ✅ OK
16:53:09  HTTP Request: POST http://localhost:11434/api/chat "HTTP/1.1 200 OK"
16:53:09     ✅ OK
16:53:19  ❌ Kamera-Fehler: Konnte kein Frame von der Kamera lesen!
16:53:20  🔄 Kamera-Stream wird neu verbunden.
16:53:20  📷 Kamera-Stream geschlossen.
16:53:20  📷 Öffne Kamera-Stream: http://10.0.0.63:3031/video
16:53:20  ✅ Kamera-Stream geöffnet.
16:53:20  ✅ Kamera-Reconnect erfolgreich (Versuch 1/3).
16:53:22  ⚠️  WebSocket-Verbindung unterbrochen (Close-Code=1006, Grund='', Fehler=no close frame received or sent); automatischer Reconnect #198.
16:53:22  🔄 Neuer Verbindungsversuch in 2s...
16:53:24  🔌 Verbinde mit Drucker: ws://10.0.0.63:3030/websocket
16:53:25  ✅ Verbunden! MainboardID: 18421c180103147000001c0000000000
16:53:25  📤 Fordere Status nach Verbindung aktiv an (Cmd 0).
16:53:25  📨 Antwort für RequestID 12457af9-a9e1-48cc-b801-530950eed04f: Cmd=0, Ack=0
16:53:25  ✅ Status nach Verbindung aktualisiert: Maschine=Printing (1), Druck=Unknown (13)
16:53:25  ✅ Reconnect erfolgreich; Status wurde neu eingelesen.
16:53:30  HTTP Request: POST http://localhost:11434/api/chat "HTTP/1.1 200 OK"
16:53:30     ✅ OK
16:53:49  HTTP Request: POST http://localhost:11434/api/chat "HTTP/1.1 200 OK"
16:53:49     ✅ OK
16:54:09  HTTP Request: POST http://localhost:11434/api/chat "HTTP/1.1 200 OK"
16:54:09     ✅ OK
16:54:26  ⚠️  WebSocket-Verbindung unterbrochen (Close-Code=1006, Grund='', Fehler=no close frame received or sent); automatischer Reconnect #199.
16:54:26  🔄 Neuer Verbindungsversuch in 2s...
16:54:28  🔌 Verbinde mit Drucker: ws://10.0.0.63:3030/websocket
16:54:28  HTTP Request: POST http://localhost:11434/api/chat "HTTP/1.1 200 OK"
16:54:28     ✅ OK
16:54:29  ✅ Verbunden! MainboardID: 18421c180103147000001c0000000000
16:54:29  📤 Fordere Status nach Verbindung aktiv an (Cmd 0).
16:54:29  📨 Antwort für RequestID cdcba6f9-6334-45ba-bea9-fc5a2e8b8bbe: Cmd=0, Ack=0
16:54:29  ✅ Status nach Verbindung aktualisiert: Maschine=Printing (1), Druck=Unknown (13)
16:54:29  ✅ Reconnect erfolgreich; Status wurde neu eingelesen.
16:54:38  ❌ Kamera-Fehler: Konnte kein Frame von der Kamera lesen!
16:54:39  🔄 Kamera-Stream wird neu verbunden.
16:54:39  📷 Kamera-Stream geschlossen.
16:54:39  📷 Öffne Kamera-Stream: http://10.0.0.63:3031/video
16:54:39  ✅ Kamera-Stream geöffnet.
16:54:40  ✅ Kamera-Reconnect erfolgreich (Versuch 1/3).
16:54:49  HTTP Request: POST http://localhost:11434/api/chat "HTTP/1.1 200 OK"
16:54:49     ✅ OK
16:55:09  HTTP Request: POST http://localhost:11434/api/chat "HTTP/1.1 200 OK"
16:55:09     ✅ OK
16:55:28  HTTP Request: POST http://localhost:11434/api/chat "HTTP/1.1 200 OK"
16:55:28     ✅ OK
16:55:30  ⚠️  WebSocket-Verbindung unterbrochen (Close-Code=1006, Grund='', Fehler=no close frame received or sent); automatischer Reconnect #200.
16:55:30  🔄 Neuer Verbindungsversuch in 2s...
16:55:32  🔌 Verbinde mit Drucker: ws://10.0.0.63:3030/websocket
16:55:33  ✅ Verbunden! MainboardID: 18421c180103147000001c0000000000
16:55:33  📤 Fordere Status nach Verbindung aktiv an (Cmd 0).
16:55:33  📨 Antwort für RequestID 237778e6-8f39-4bd0-a110-cfad64facd20: Cmd=0, Ack=0
16:55:34  ✅ Status nach Verbindung aktualisiert: Maschine=Printing (1), Druck=Unknown (13)
16:55:34  ✅ Reconnect erfolgreich; Status wurde neu eingelesen.
16:55:48  HTTP Request: POST http://localhost:11434/api/chat "HTTP/1.1 200 OK"
16:55:48     ✅ OK
16:56:07  HTTP Request: POST http://localhost:11434/api/chat "HTTP/1.1 200 OK"
16:56:07     ✅ OK
16:56:17  ❌ Kamera-Fehler: Konnte kein Frame von der Kamera lesen!
16:56:18  🔄 Kamera-Stream wird neu verbunden.
16:56:18  📷 Kamera-Stream geschlossen.
16:56:18  📷 Öffne Kamera-Stream: http://10.0.0.63:3031/video
16:56:18  ✅ Kamera-Stream geöffnet.
16:56:18  ✅ Kamera-Reconnect erfolgreich (Versuch 1/3).
16:56:28  HTTP Request: POST http://localhost:11434/api/chat "HTTP/1.1 200 OK"
16:56:28     ✅ OK
16:56:34  ⚠️  WebSocket-Verbindung unterbrochen (Close-Code=1006, Grund='', Fehler=no close frame received or sent); automatischer Reconnect #201.
16:56:34  🔄 Neuer Verbindungsversuch in 2s...
16:56:36  🔌 Verbinde mit Drucker: ws://10.0.0.63:3030/websocket
16:56:38  ✅ Verbunden! MainboardID: 18421c180103147000001c0000000000
16:56:38  📤 Fordere Status nach Verbindung aktiv an (Cmd 0).
16:56:38  📨 Antwort für RequestID 34ea46be-b1c5-4a3c-aaca-5f29f94de17b: Cmd=0, Ack=0
16:56:38  ✅ Status nach Verbindung aktualisiert: Maschine=Printing (1), Druck=Unknown (13)
16:56:38  ✅ Reconnect erfolgreich; Status wurde neu eingelesen.
16:56:47  HTTP Request: POST http://localhost:11434/api/chat "HTTP/1.1 200 OK"
16:56:47     ✅ OK
16:57:07  HTTP Request: POST http://localhost:11434/api/chat "HTTP/1.1 200 OK"
16:57:07     ✅ OK
16:57:26  HTTP Request: POST http://localhost:11434/api/chat "HTTP/1.1 200 OK"
16:57:26     ✅ OK
16:57:39  ⚠️  WebSocket-Verbindung unterbrochen (Close-Code=1006, Grund='', Fehler=no close frame received or sent); automatischer Reconnect #202.
16:57:39  🔄 Neuer Verbindungsversuch in 2s...
16:57:41  🔌 Verbinde mit Drucker: ws://10.0.0.63:3030/websocket
16:57:41  ✅ Verbunden! MainboardID: 18421c180103147000001c0000000000
16:57:41  📤 Fordere Status nach Verbindung aktiv an (Cmd 0).
16:57:42  📨 Antwort für RequestID b602d7ea-4385-46ec-8179-e4a1222ce9a6: Cmd=0, Ack=0
16:57:42  ✅ Status nach Verbindung aktualisiert: Maschine=Printing (1), Druck=Unknown (13)
16:57:42  ✅ Reconnect erfolgreich; Status wurde neu eingelesen.
16:57:46  HTTP Request: POST http://localhost:11434/api/chat "HTTP/1.1 200 OK"
16:57:46     ✅ OK
16:57:56  ❌ Kamera-Fehler: Konnte kein Frame von der Kamera lesen!
16:57:57  🔄 Kamera-Stream wird neu verbunden.
16:57:57  📷 Kamera-Stream geschlossen.
16:57:57  📷 Öffne Kamera-Stream: http://10.0.0.63:3031/video
16:57:57  ✅ Kamera-Stream geöffnet.
16:57:57  ✅ Kamera-Reconnect erfolgreich (Versuch 1/3).
16:58:07  HTTP Request: POST http://localhost:11434/api/chat "HTTP/1.1 200 OK"
16:58:07     ✅ OK
16:58:26  HTTP Request: POST http://localhost:11434/api/chat "HTTP/1.1 200 OK"
16:58:26     ✅ OK
16:58:42  ⚠️  WebSocket-Verbindung unterbrochen (Close-Code=1006, Grund='', Fehler=no close frame received or sent); automatischer Reconnect #203.
16:58:42  🔄 Neuer Verbindungsversuch in 2s...
16:58:45  🔌 Verbinde mit Drucker: ws://10.0.0.63:3030/websocket
16:58:46  HTTP Request: POST http://localhost:11434/api/chat "HTTP/1.1 200 OK"
16:58:46     ✅ OK
16:58:46  ✅ Verbunden! MainboardID: 18421c180103147000001c0000000000
16:58:46  📤 Fordere Status nach Verbindung aktiv an (Cmd 0).
16:58:46  📨 Antwort für RequestID 68cb5b8a-530d-412a-9f46-8aafc9e09308: Cmd=0, Ack=0
16:58:46  ✅ Status nach Verbindung aktualisiert: Maschine=Printing (1), Druck=Unknown (13)
16:58:46  ✅ Reconnect erfolgreich; Status wurde neu eingelesen.
16:59:05  HTTP Request: POST http://localhost:11434/api/chat "HTTP/1.1 200 OK"
16:59:05     ✅ OK
16:59:15  ❌ Kamera-Fehler: Konnte kein Frame von der Kamera lesen!
16:59:16  🔄 Kamera-Stream wird neu verbunden.
16:59:16  📷 Kamera-Stream geschlossen.
16:59:16  📷 Öffne Kamera-Stream: http://10.0.0.63:3031/video
16:59:16  ✅ Kamera-Stream geöffnet.
16:59:16  ✅ Kamera-Reconnect erfolgreich (Versuch 1/3).
16:59:26  HTTP Request: POST http://localhost:11434/api/chat "HTTP/1.1 200 OK"
16:59:26     ✅ OK
16:59:45  HTTP Request: POST http://localhost:11434/api/chat "HTTP/1.1 200 OK"
16:59:45     ✅ OK
16:59:47  ⚠️  WebSocket-Verbindung unterbrochen (Close-Code=1006, Grund='', Fehler=no close frame received or sent); automatischer Reconnect #204.
16:59:47  🔄 Neuer Verbindungsversuch in 2s...
16:59:49  🔌 Verbinde mit Drucker: ws://10.0.0.63:3030/websocket
16:59:50  ✅ Verbunden! MainboardID: 18421c180103147000001c0000000000
16:59:50  📤 Fordere Status nach Verbindung aktiv an (Cmd 0).
16:59:50  📨 Antwort für RequestID 3b27252d-c76a-4d9f-bc7f-cc7e61a281a3: Cmd=0, Ack=0
16:59:50  ✅ Status nach Verbindung aktualisiert: Maschine=Printing (1), Druck=Unknown (13)
16:59:50  ✅ Reconnect erfolgreich; Status wurde neu eingelesen.
17:00:05  HTTP Request: POST http://localhost:11434/api/chat "HTTP/1.1 200 OK"
17:00:05     ✅ OK
17:00:24  HTTP Request: POST http://localhost:11434/api/chat "HTTP/1.1 200 OK"
17:00:24     ✅ OK
17:00:44  HTTP Request: POST http://localhost:11434/api/chat "HTTP/1.1 200 OK"
17:00:44     ✅ OK
17:00:51  ⚠️  WebSocket-Verbindung unterbrochen (Close-Code=1006, Grund='', Fehler=no close frame received or sent); automatischer Reconnect #205.
17:00:51  🔄 Neuer Verbindungsversuch in 2s...
17:00:53  🔌 Verbinde mit Drucker: ws://10.0.0.63:3030/websocket
17:00:54  ✅ Verbunden! MainboardID: 18421c180103147000001c0000000000
17:00:54  📤 Fordere Status nach Verbindung aktiv an (Cmd 0).
17:00:54  📨 Antwort für RequestID 43214ebd-9dcf-42d0-a1bf-cc1b8589c0ce: Cmd=0, Ack=0
17:00:54  ✅ Status nach Verbindung aktualisiert: Maschine=Printing (1), Druck=Unknown (13)
17:00:54  ✅ Reconnect erfolgreich; Status wurde neu eingelesen.
17:01:03  HTTP Request: POST http://localhost:11434/api/chat "HTTP/1.1 200 OK"
17:01:03     ✅ OK
17:01:13  ❌ Kamera-Fehler: Konnte kein Frame von der Kamera lesen!
17:01:14  🔄 Kamera-Stream wird neu verbunden.
17:01:14  📷 Kamera-Stream geschlossen.
17:01:14  📷 Öffne Kamera-Stream: http://10.0.0.63:3031/video
17:01:14  ✅ Kamera-Stream geöffnet.
17:01:15  ✅ Kamera-Reconnect erfolgreich (Versuch 1/3).
17:01:24  HTTP Request: POST http://localhost:11434/api/chat "HTTP/1.1 200 OK"
17:01:24     ✅ OK
17:01:44  HTTP Request: POST http://localhost:11434/api/chat "HTTP/1.1 200 OK"
17:01:44     ✅ OK
17:01:55  ⚠️  WebSocket-Verbindung unterbrochen (Close-Code=1006, Grund='', Fehler=no close frame received or sent); automatischer Reconnect #206.
17:01:55  🔄 Neuer Verbindungsversuch in 2s...
17:01:57  🔌 Verbinde mit Drucker: ws://10.0.0.63:3030/websocket
17:01:58  ✅ Verbunden! MainboardID: 18421c180103147000001c0000000000
17:01:58  📤 Fordere Status nach Verbindung aktiv an (Cmd 0).
17:01:58  📨 Antwort für RequestID 5b193530-fe97-4bdc-93f1-1400b785b8dd: Cmd=0, Ack=0
17:01:58  ✅ Status nach Verbindung aktualisiert: Maschine=Printing (1), Druck=Unknown (13)
17:01:58  ✅ Reconnect erfolgreich; Status wurde neu eingelesen.
17:02:03  HTTP Request: POST http://localhost:11434/api/chat "HTTP/1.1 200 OK"
17:02:03     ✅ OK
17:02:23  HTTP Request: POST http://localhost:11434/api/chat "HTTP/1.1 200 OK"
17:02:23     ✅ OK
17:02:42  HTTP Request: POST http://localhost:11434/api/chat "HTTP/1.1 200 OK"
17:02:42     ✅ OK
17:02:59  ⚠️  WebSocket-Verbindung unterbrochen (Close-Code=1006, Grund='', Fehler=no close frame received or sent); automatischer Reconnect #207.
17:02:59  🔄 Neuer Verbindungsversuch in 2s...
17:03:01  🔌 Verbinde mit Drucker: ws://10.0.0.63:3030/websocket
17:03:01  HTTP Request: POST http://localhost:11434/api/chat "HTTP/1.1 200 OK"
17:03:01     ✅ OK
17:03:02  ✅ Verbunden! MainboardID: 18421c180103147000001c0000000000
17:03:02  📤 Fordere Status nach Verbindung aktiv an (Cmd 0).
17:03:03  📨 Antwort für RequestID 9946bc6c-9c06-4fb5-b079-8f65e32a9674: Cmd=0, Ack=0
17:03:03  ✅ Status nach Verbindung aktualisiert: Maschine=Printing (1), Druck=Unknown (13)
17:03:03  ✅ Reconnect erfolgreich; Status wurde neu eingelesen.
17:03:11  ❌ Kamera-Fehler: Konnte kein Frame von der Kamera lesen!
17:03:12  🔄 Kamera-Stream wird neu verbunden.
17:03:12  📷 Kamera-Stream geschlossen.
17:03:12  📷 Öffne Kamera-Stream: http://10.0.0.63:3031/video
17:03:12  ✅ Kamera-Stream geöffnet.
17:03:13  ✅ Kamera-Reconnect erfolgreich (Versuch 1/3).
17:03:22  HTTP Request: POST http://localhost:11434/api/chat "HTTP/1.1 200 OK"
17:03:22     ✅ OK
17:03:42  HTTP Request: POST http://localhost:11434/api/chat "HTTP/1.1 200 OK"
17:03:42     ✅ OK
17:04:01  HTTP Request: POST http://localhost:11434/api/chat "HTTP/1.1 200 OK"
17:04:01     ✅ OK
17:04:03  ⚠️  WebSocket-Verbindung unterbrochen (Close-Code=1006, Grund='', Fehler=no close frame received or sent); automatischer Reconnect #208.
17:04:03  🔄 Neuer Verbindungsversuch in 2s...
17:04:05  🔌 Verbinde mit Drucker: ws://10.0.0.63:3030/websocket
17:04:06  ✅ Verbunden! MainboardID: 18421c180103147000001c0000000000
17:04:06  📤 Fordere Status nach Verbindung aktiv an (Cmd 0).
17:04:07  📨 Antwort für RequestID b24a042c-c5b9-47c6-a578-aec1638ee66d: Cmd=0, Ack=0
17:04:07  ✅ Status nach Verbindung aktualisiert: Maschine=Printing (1), Druck=Unknown (13)
17:04:07  ✅ Reconnect erfolgreich; Status wurde neu eingelesen.
17:04:21  HTTP Request: POST http://localhost:11434/api/chat "HTTP/1.1 200 OK"
17:04:21     ✅ OK
17:04:40  HTTP Request: POST http://localhost:11434/api/chat "HTTP/1.1 200 OK"
17:04:40     ✅ OK
17:05:00  HTTP Request: POST http://localhost:11434/api/chat "HTTP/1.1 200 OK"
17:05:00     ✅ OK
17:05:07  ⚠️  WebSocket-Verbindung unterbrochen (Close-Code=1006, Grund='', Fehler=no close frame received or sent); automatischer Reconnect #209.
17:05:07  🔄 Neuer Verbindungsversuch in 2s...
17:05:09  🔌 Verbinde mit Drucker: ws://10.0.0.63:3030/websocket
17:05:10  ❌ Kamera-Fehler: Konnte kein Frame von der Kamera lesen!
17:05:11  🔄 Kamera-Stream wird neu verbunden.
17:05:11  📷 Kamera-Stream geschlossen.
17:05:11  📷 Öffne Kamera-Stream: http://10.0.0.63:3031/video
17:05:11  ✅ Kamera-Stream geöffnet.
17:05:11  ✅ Kamera-Reconnect erfolgreich (Versuch 1/3).
17:05:11  ✅ Verbunden! MainboardID: 18421c180103147000001c0000000000
17:05:11  📤 Fordere Status nach Verbindung aktiv an (Cmd 0).
17:05:11  📨 Antwort für RequestID e3f23e75-a516-41d0-835a-975abd085e17: Cmd=0, Ack=0
17:05:11  ✅ Status nach Verbindung aktualisiert: Maschine=Printing (1), Druck=Unknown (13)
17:05:11  ✅ Reconnect erfolgreich; Status wurde neu eingelesen.
17:05:20  HTTP Request: POST http://localhost:11434/api/chat "HTTP/1.1 200 OK"
17:05:20     ✅ OK
17:05:40  HTTP Request: POST http://localhost:11434/api/chat "HTTP/1.1 200 OK"
17:05:40     ✅ OK
17:05:59  HTTP Request: POST http://localhost:11434/api/chat "HTTP/1.1 200 OK"
17:05:59     ✅ OK
17:06:12  ⚠️  WebSocket-Verbindung unterbrochen (Close-Code=1006, Grund='', Fehler=no close frame received or sent); automatischer Reconnect #210.
17:06:12  🔄 Neuer Verbindungsversuch in 2s...
17:06:14  🔌 Verbinde mit Drucker: ws://10.0.0.63:3030/websocket
17:06:15  ✅ Verbunden! MainboardID: 18421c180103147000001c0000000000
17:06:15  📤 Fordere Status nach Verbindung aktiv an (Cmd 0).
17:06:15  📨 Antwort für RequestID 6276b353-87a1-4ae1-9694-1742d423ddaf: Cmd=0, Ack=0
17:06:15  ✅ Status nach Verbindung aktualisiert: Maschine=Printing (1), Druck=Unknown (13)
17:06:15  ✅ Reconnect erfolgreich; Status wurde neu eingelesen.
17:06:19  HTTP Request: POST http://localhost:11434/api/chat "HTTP/1.1 200 OK"
17:06:19     ✅ OK
17:06:38  HTTP Request: POST http://localhost:11434/api/chat "HTTP/1.1 200 OK"
17:06:38     ✅ OK
17:06:58  HTTP Request: POST http://localhost:11434/api/chat "HTTP/1.1 200 OK"
17:06:58     ✅ OK
17:07:08  ❌ Kamera-Fehler: Konnte kein Frame von der Kamera lesen!
17:07:09  🔄 Kamera-Stream wird neu verbunden.
17:07:09  📷 Kamera-Stream geschlossen.
17:07:09  📷 Öffne Kamera-Stream: http://10.0.0.63:3031/video
17:07:09  ✅ Kamera-Stream geöffnet.
17:07:09  ✅ Kamera-Reconnect erfolgreich (Versuch 1/3).
17:07:16  ⚠️  WebSocket-Verbindung unterbrochen (Close-Code=1006, Grund='', Fehler=no close frame received or sent); automatischer Reconnect #211.
17:07:16  🔄 Neuer Verbindungsversuch in 2s...
17:07:18  🔌 Verbinde mit Drucker: ws://10.0.0.63:3030/websocket
17:07:19  HTTP Request: POST http://localhost:11434/api/chat "HTTP/1.1 200 OK"
17:07:19     ✅ OK
17:07:19  ✅ Verbunden! MainboardID: 18421c180103147000001c0000000000
17:07:19  📤 Fordere Status nach Verbindung aktiv an (Cmd 0).
17:07:19  📨 Antwort für RequestID 7568e8a1-b62e-4e7e-8be2-bf690300ae79: Cmd=0, Ack=0
17:07:19  ✅ Status nach Verbindung aktualisiert: Maschine=Printing (1), Druck=Unknown (13)
17:07:19  ✅ Reconnect erfolgreich; Status wurde neu eingelesen.
17:07:38  HTTP Request: POST http://localhost:11434/api/chat "HTTP/1.1 200 OK"
17:07:38     ✅ OK
17:07:58  HTTP Request: POST http://localhost:11434/api/chat "HTTP/1.1 200 OK"
17:07:58     ✅ OK
17:08:17  HTTP Request: POST http://localhost:11434/api/chat "HTTP/1.1 200 OK"
17:08:17     ✅ OK
17:08:20  ⚠️  WebSocket-Verbindung unterbrochen (Close-Code=1006, Grund='', Fehler=no close frame received or sent); automatischer Reconnect #212.
17:08:20  🔄 Neuer Verbindungsversuch in 2s...
17:08:22  🔌 Verbinde mit Drucker: ws://10.0.0.63:3030/websocket
17:08:23  ✅ Verbunden! MainboardID: 18421c180103147000001c0000000000
17:08:23  📤 Fordere Status nach Verbindung aktiv an (Cmd 0).
17:08:24  📨 Antwort für RequestID b67ac92d-016f-4cb6-8b74-925f94f463e7: Cmd=0, Ack=0
17:08:24  ✅ Status nach Verbindung aktualisiert: Maschine=Printing (1), Druck=Unknown (13)
17:08:24  ✅ Reconnect erfolgreich; Status wurde neu eingelesen.
17:08:37  HTTP Request: POST http://localhost:11434/api/chat "HTTP/1.1 200 OK"
17:08:37     ✅ OK
17:08:47  ❌ Kamera-Fehler: Konnte kein Frame von der Kamera lesen!
17:08:48  🔄 Kamera-Stream wird neu verbunden.
17:08:48  📷 Kamera-Stream geschlossen.
17:08:48  📷 Öffne Kamera-Stream: http://10.0.0.63:3031/video
17:08:48  ✅ Kamera-Stream geöffnet.
17:08:48  ✅ Kamera-Reconnect erfolgreich (Versuch 1/3).
17:08:57  HTTP Request: POST http://localhost:11434/api/chat "HTTP/1.1 200 OK"
17:08:57     ✅ OK
17:09:17  HTTP Request: POST http://localhost:11434/api/chat "HTTP/1.1 200 OK"
17:09:17     ✅ OK
17:09:24  ⚠️  WebSocket-Verbindung unterbrochen (Close-Code=1006, Grund='', Fehler=no close frame received or sent); automatischer Reconnect #213.
17:09:24  🔄 Neuer Verbindungsversuch in 2s...
17:09:26  🔌 Verbinde mit Drucker: ws://10.0.0.63:3030/websocket
17:09:27  ✅ Verbunden! MainboardID: 18421c180103147000001c0000000000
17:09:27  📤 Fordere Status nach Verbindung aktiv an (Cmd 0).
17:09:28  📨 Antwort für RequestID 58492413-05a5-480a-8722-a861fb0637fa: Cmd=0, Ack=0
17:09:28  ✅ Status nach Verbindung aktualisiert: Maschine=Printing (1), Druck=Unknown (13)
17:09:28  ✅ Reconnect erfolgreich; Status wurde neu eingelesen.
17:09:36  HTTP Request: POST http://localhost:11434/api/chat "HTTP/1.1 200 OK"
17:09:36     ✅ OK
17:09:56  HTTP Request: POST http://localhost:11434/api/chat "HTTP/1.1 200 OK"
17:09:56     ✅ OK
17:10:15  HTTP Request: POST http://localhost:11434/api/chat "HTTP/1.1 200 OK"
17:10:15     ✅ OK
17:10:28  ⚠️  WebSocket-Verbindung unterbrochen (Close-Code=1006, Grund='', Fehler=no close frame received or sent); automatischer Reconnect #214.
17:10:28  🔄 Neuer Verbindungsversuch in 2s...
17:10:31  🔌 Verbinde mit Drucker: ws://10.0.0.63:3030/websocket
17:10:32  ✅ Verbunden! MainboardID: 18421c180103147000001c0000000000
17:10:32  📤 Fordere Status nach Verbindung aktiv an (Cmd 0).
17:10:32  📨 Antwort für RequestID 4802a761-3dc8-4a17-b449-cd8a41cf2e8d: Cmd=0, Ack=0
17:10:32  ✅ Status nach Verbindung aktualisiert: Maschine=Printing (1), Druck=Unknown (13)
17:10:32  ✅ Reconnect erfolgreich; Status wurde neu eingelesen.
17:10:35  HTTP Request: POST http://localhost:11434/api/chat "HTTP/1.1 200 OK"
17:10:35     ✅ OK
17:10:45  ❌ Kamera-Fehler: Konnte kein Frame von der Kamera lesen!
17:10:46  🔄 Kamera-Stream wird neu verbunden.
17:10:46  📷 Kamera-Stream geschlossen.
17:10:46  📷 Öffne Kamera-Stream: http://10.0.0.63:3031/video
17:10:46  ✅ Kamera-Stream geöffnet.
17:10:46  ✅ Kamera-Reconnect erfolgreich (Versuch 1/3).
17:10:55  HTTP Request: POST http://localhost:11434/api/chat "HTTP/1.1 200 OK"
17:10:56     ✅ OK
17:11:15  HTTP Request: POST http://localhost:11434/api/chat "HTTP/1.1 200 OK"
17:11:15     ✅ OK
17:11:33  ⚠️  WebSocket-Verbindung unterbrochen (Close-Code=1006, Grund='', Fehler=no close frame received or sent); automatischer Reconnect #215.
17:11:33  🔄 Neuer Verbindungsversuch in 2s...
17:11:35  HTTP Request: POST http://localhost:11434/api/chat "HTTP/1.1 200 OK"
17:11:35     ✅ OK
17:11:35  🔌 Verbinde mit Drucker: ws://10.0.0.63:3030/websocket
17:11:36  ✅ Verbunden! MainboardID: 18421c180103147000001c0000000000
17:11:36  📤 Fordere Status nach Verbindung aktiv an (Cmd 0).
17:11:36  📨 Antwort für RequestID bf8d5691-0dea-4049-9cd4-3b168edbf9f7: Cmd=0, Ack=0
17:11:36  ✅ Status nach Verbindung aktualisiert: Maschine=Printing (1), Druck=Unknown (13)
17:11:36  ✅ Reconnect erfolgreich; Status wurde neu eingelesen.
17:11:54  HTTP Request: POST http://localhost:11434/api/chat "HTTP/1.1 200 OK"
17:11:54     ✅ OK
17:12:14  HTTP Request: POST http://localhost:11434/api/chat "HTTP/1.1 200 OK"
17:12:14     ✅ OK
17:12:33  HTTP Request: POST http://localhost:11434/api/chat "HTTP/1.1 200 OK"
17:12:33     ✅ OK
17:12:37  ⚠️  WebSocket-Verbindung unterbrochen (Close-Code=1006, Grund='', Fehler=no close frame received or sent); automatischer Reconnect #216.
17:12:37  🔄 Neuer Verbindungsversuch in 2s...
17:12:39  🔌 Verbinde mit Drucker: ws://10.0.0.63:3030/websocket
17:12:40  ✅ Verbunden! MainboardID: 18421c180103147000001c0000000000
17:12:40  📤 Fordere Status nach Verbindung aktiv an (Cmd 0).
17:12:40  📨 Antwort für RequestID df41e291-426f-41f7-993e-bffecd1d5443: Cmd=0, Ack=0
17:12:40  ✅ Status nach Verbindung aktualisiert: Maschine=Printing (1), Druck=Unknown (13)
17:12:40  ✅ Reconnect erfolgreich; Status wurde neu eingelesen.
17:12:43  ❌ Kamera-Fehler: Konnte kein Frame von der Kamera lesen!
17:12:44  🔄 Kamera-Stream wird neu verbunden.
17:12:44  📷 Kamera-Stream geschlossen.
17:12:44  📷 Öffne Kamera-Stream: http://10.0.0.63:3031/video
17:12:44  ✅ Kamera-Stream geöffnet.
17:12:44  ✅ Kamera-Reconnect erfolgreich (Versuch 1/3).
17:12:54  HTTP Request: POST http://localhost:11434/api/chat "HTTP/1.1 200 OK"
17:12:54     ✅ OK
17:13:13  HTTP Request: POST http://localhost:11434/api/chat "HTTP/1.1 200 OK"
17:13:13     ✅ OK
17:13:33  HTTP Request: POST http://localhost:11434/api/chat "HTTP/1.1 200 OK"
17:13:33     ✅ OK
17:13:41  ⚠️  WebSocket-Verbindung unterbrochen (Close-Code=1006, Grund='', Fehler=no close frame received or sent); automatischer Reconnect #217.
17:13:41  🔄 Neuer Verbindungsversuch in 2s...
17:13:43  🔌 Verbinde mit Drucker: ws://10.0.0.63:3030/websocket
17:13:44  ✅ Verbunden! MainboardID: 18421c180103147000001c0000000000
17:13:44  📤 Fordere Status nach Verbindung aktiv an (Cmd 0).
17:13:44  📨 Antwort für RequestID dbf0f91b-85af-4102-82e8-19a09fbe54aa: Cmd=0, Ack=0
17:13:44  ✅ Status nach Verbindung aktualisiert: Maschine=Printing (1), Druck=Unknown (13)
17:13:44  ✅ Reconnect erfolgreich; Status wurde neu eingelesen.
17:13:52  HTTP Request: POST http://localhost:11434/api/chat "HTTP/1.1 200 OK"
17:13:52     ✅ OK
17:14:12  HTTP Request: POST http://localhost:11434/api/chat "HTTP/1.1 200 OK"
17:14:12     ✅ OK
17:14:31  HTTP Request: POST http://localhost:11434/api/chat "HTTP/1.1 200 OK"
17:14:31     ✅ OK
17:14:41  ❌ Kamera-Fehler: Konnte kein Frame von der Kamera lesen!
17:14:42  🔄 Kamera-Stream wird neu verbunden.
17:14:42  📷 Kamera-Stream geschlossen.
17:14:42  📷 Öffne Kamera-Stream: http://10.0.0.63:3031/video
17:14:42  ✅ Kamera-Stream geöffnet.
17:14:42  ✅ Kamera-Reconnect erfolgreich (Versuch 1/3).
17:14:45  ⚠️  WebSocket-Verbindung unterbrochen (Close-Code=1006, Grund='', Fehler=no close frame received or sent); automatischer Reconnect #218.
17:14:45  🔄 Neuer Verbindungsversuch in 2s...
17:14:47  🔌 Verbinde mit Drucker: ws://10.0.0.63:3030/websocket
17:14:48  ✅ Verbunden! MainboardID: 18421c180103147000001c0000000000
17:14:48  📤 Fordere Status nach Verbindung aktiv an (Cmd 0).
17:14:49  📨 Antwort für RequestID 361cae4e-b1f6-46cb-92a2-858a63c6387a: Cmd=0, Ack=0
17:14:49  ✅ Status nach Verbindung aktualisiert: Maschine=Printing (1), Druck=Unknown (13)
17:14:49  ✅ Reconnect erfolgreich; Status wurde neu eingelesen.
17:14:52  HTTP Request: POST http://localhost:11434/api/chat "HTTP/1.1 200 OK"
17:14:52     ✅ OK
17:15:11  HTTP Request: POST http://localhost:11434/api/chat "HTTP/1.1 200 OK"
17:15:11     ✅ OK
17:15:31  HTTP Request: POST http://localhost:11434/api/chat "HTTP/1.1 200 OK"
17:15:31     ✅ OK
17:15:49  ⚠️  WebSocket-Verbindung unterbrochen (Close-Code=1006, Grund='', Fehler=no close frame received or sent); automatischer Reconnect #219.
17:15:49  🔄 Neuer Verbindungsversuch in 2s...
17:15:50  HTTP Request: POST http://localhost:11434/api/chat "HTTP/1.1 200 OK"
17:15:50     ✅ OK
17:15:51  🔌 Verbinde mit Drucker: ws://10.0.0.63:3030/websocket
17:15:53  ✅ Verbunden! MainboardID: 18421c180103147000001c0000000000
17:15:53  📤 Fordere Status nach Verbindung aktiv an (Cmd 0).
17:15:53  📨 Antwort für RequestID c19f9465-8a33-4b7d-8817-53000618239a: Cmd=0, Ack=0
17:15:53  ✅ Status nach Verbindung aktualisiert: Maschine=Printing (1), Druck=Unknown (13)
17:15:53  ✅ Reconnect erfolgreich; Status wurde neu eingelesen.
17:16:10  HTTP Request: POST http://localhost:11434/api/chat "HTTP/1.1 200 OK"
17:16:10     ✅ OK
17:16:30  HTTP Request: POST http://localhost:11434/api/chat "HTTP/1.1 200 OK"
17:16:30     ✅ OK
17:16:40  ❌ Kamera-Fehler: Konnte kein Frame von der Kamera lesen!
17:16:41  🔄 Kamera-Stream wird neu verbunden.
17:16:41  📷 Kamera-Stream geschlossen.
17:16:41  📷 Öffne Kamera-Stream: http://10.0.0.63:3031/video
17:16:41  ✅ Kamera-Stream geöffnet.
17:16:41  ✅ Kamera-Reconnect erfolgreich (Versuch 1/3).
17:16:50  HTTP Request: POST http://localhost:11434/api/chat "HTTP/1.1 200 OK"
17:16:50     ✅ OK
17:16:54  ⚠️  WebSocket-Verbindung unterbrochen (Close-Code=1006, Grund='', Fehler=no close frame received or sent); automatischer Reconnect #220.
17:16:54  🔄 Neuer Verbindungsversuch in 2s...
17:16:56  🔌 Verbinde mit Drucker: ws://10.0.0.63:3030/websocket
17:16:57  ✅ Verbunden! MainboardID: 18421c180103147000001c0000000000
17:16:57  📤 Fordere Status nach Verbindung aktiv an (Cmd 0).
17:16:57  📨 Antwort für RequestID b7e5b2bc-303b-4b85-ab2b-e0ebbf6cbd09: Cmd=0, Ack=0
17:16:57  ✅ Status nach Verbindung aktualisiert: Maschine=Printing (1), Druck=Unknown (13)
17:16:57  ✅ Reconnect erfolgreich; Status wurde neu eingelesen.
17:17:10  HTTP Request: POST http://localhost:11434/api/chat "HTTP/1.1 200 OK"
17:17:10     ✅ OK
17:17:29  HTTP Request: POST http://localhost:11434/api/chat "HTTP/1.1 200 OK"
17:17:29     ✅ OK
17:17:49  HTTP Request: POST http://localhost:11434/api/chat "HTTP/1.1 200 OK"
17:17:49     ✅ OK
17:17:58  ⚠️  WebSocket-Verbindung unterbrochen (Close-Code=1006, Grund='', Fehler=no close frame received or sent); automatischer Reconnect #221.
17:17:58  🔄 Neuer Verbindungsversuch in 2s...
17:18:00  🔌 Verbinde mit Drucker: ws://10.0.0.63:3030/websocket
17:18:01  ✅ Verbunden! MainboardID: 18421c180103147000001c0000000000
17:18:01  📤 Fordere Status nach Verbindung aktiv an (Cmd 0).
17:18:01  📨 Antwort für RequestID 0786ebd9-c69f-42f6-8ab2-8793833cf3a5: Cmd=0, Ack=0
17:18:01  ✅ Status nach Verbindung aktualisiert: Maschine=Printing (1), Druck=Unknown (13)
17:18:01  ✅ Reconnect erfolgreich; Status wurde neu eingelesen.
17:18:08  HTTP Request: POST http://localhost:11434/api/chat "HTTP/1.1 200 OK"
17:18:08     ✅ OK
17:18:28  HTTP Request: POST http://localhost:11434/api/chat "HTTP/1.1 200 OK"
17:18:28     ✅ OK
17:18:38  ❌ Kamera-Fehler: Konnte kein Frame von der Kamera lesen!
17:18:39  🔄 Kamera-Stream wird neu verbunden.
17:18:39  📷 Kamera-Stream geschlossen.
17:18:39  📷 Öffne Kamera-Stream: http://10.0.0.63:3031/video
17:18:39  ✅ Kamera-Stream geöffnet.
17:18:39  ✅ Kamera-Reconnect erfolgreich (Versuch 1/3).
17:18:49  HTTP Request: POST http://localhost:11434/api/chat "HTTP/1.1 200 OK"
17:18:49     ✅ OK
17:19:02  ⚠️  WebSocket-Verbindung unterbrochen (Close-Code=1006, Grund='', Fehler=no close frame received or sent); automatischer Reconnect #222.
17:19:02  🔄 Neuer Verbindungsversuch in 2s...
17:19:04  🔌 Verbinde mit Drucker: ws://10.0.0.63:3030/websocket
17:19:05  ✅ Verbunden! MainboardID: 18421c180103147000001c0000000000
17:19:05  📤 Fordere Status nach Verbindung aktiv an (Cmd 0).
17:19:05  📨 Antwort für RequestID 0dde648f-c1ec-42e0-911a-64f2b9a97e32: Cmd=0, Ack=0
17:19:05  ✅ Status nach Verbindung aktualisiert: Maschine=Printing (1), Druck=Unknown (13)
17:19:05  ✅ Reconnect erfolgreich; Status wurde neu eingelesen.
17:19:08  HTTP Request: POST http://localhost:11434/api/chat "HTTP/1.1 200 OK"
17:19:08     ✅ OK
17:19:28  HTTP Request: POST http://localhost:11434/api/chat "HTTP/1.1 200 OK"
17:19:28     ✅ OK
17:19:47  HTTP Request: POST http://localhost:11434/api/chat "HTTP/1.1 200 OK"
17:19:47     ✅ OK
17:20:06  ⚠️  WebSocket-Verbindung unterbrochen (Close-Code=1006, Grund='', Fehler=no close frame received or sent); automatischer Reconnect #223.
17:20:06  🔄 Neuer Verbindungsversuch in 2s...
17:20:07  HTTP Request: POST http://localhost:11434/api/chat "HTTP/1.1 200 OK"
17:20:07     ✅ OK
17:20:08  🔌 Verbinde mit Drucker: ws://10.0.0.63:3030/websocket
17:20:08  ✅ Verbunden! MainboardID: 18421c180103147000001c0000000000
17:20:08  📤 Fordere Status nach Verbindung aktiv an (Cmd 0).
17:20:08  📨 Antwort für RequestID 6e4485e7-d180-4c75-8018-47621e32e8e9: Cmd=0, Ack=0
17:20:08  ✅ Status nach Verbindung aktualisiert: Maschine=Printing (1), Druck=Unknown (13)
17:20:08  ✅ Reconnect erfolgreich; Status wurde neu eingelesen.
17:20:26  HTTP Request: POST http://localhost:11434/api/chat "HTTP/1.1 200 OK"
17:20:26     ✅ OK
17:20:46  HTTP Request: POST http://localhost:11434/api/chat "HTTP/1.1 200 OK"
17:20:46     ✅ OK
17:21:05  HTTP Request: POST http://localhost:11434/api/chat "HTTP/1.1 200 OK"
17:21:05     ✅ OK
17:21:09  ⚠️  WebSocket-Verbindung unterbrochen (Close-Code=1006, Grund='', Fehler=no close frame received or sent); automatischer Reconnect #224.
17:21:09  🔄 Neuer Verbindungsversuch in 2s...
17:21:11  🔌 Verbinde mit Drucker: ws://10.0.0.63:3030/websocket
17:21:13  ✅ Verbunden! MainboardID: 18421c180103147000001c0000000000
17:21:13  📤 Fordere Status nach Verbindung aktiv an (Cmd 0).
17:21:13  📨 Antwort für RequestID 0a22abe4-c1f7-4a3d-8b52-66ebae6a9e5e: Cmd=0, Ack=0
17:21:13  ✅ Status nach Verbindung aktualisiert: Maschine=Printing (1), Druck=Unknown (13)
17:21:13  ✅ Reconnect erfolgreich; Status wurde neu eingelesen.
17:21:15  ❌ Kamera-Fehler: Konnte kein Frame von der Kamera lesen!
17:21:16  🔄 Kamera-Stream wird neu verbunden.
17:21:16  📷 Kamera-Stream geschlossen.
17:21:16  📷 Öffne Kamera-Stream: http://10.0.0.63:3031/video
17:21:16  ✅ Kamera-Stream geöffnet.
17:21:16  ✅ Kamera-Reconnect erfolgreich (Versuch 1/3).
17:21:26  HTTP Request: POST http://localhost:11434/api/chat "HTTP/1.1 200 OK"
17:21:26     ✅ OK
17:21:45  HTTP Request: POST http://localhost:11434/api/chat "HTTP/1.1 200 OK"
17:21:45     ✅ OK
17:22:05  HTTP Request: POST http://localhost:11434/api/chat "HTTP/1.1 200 OK"
17:22:05     ✅ OK
17:22:14  ⚠️  WebSocket-Verbindung unterbrochen (Close-Code=1006, Grund='', Fehler=no close frame received or sent); automatischer Reconnect #225.
17:22:14  🔄 Neuer Verbindungsversuch in 2s...
17:22:16  🔌 Verbinde mit Drucker: ws://10.0.0.63:3030/websocket
17:22:17  ✅ Verbunden! MainboardID: 18421c180103147000001c0000000000
17:22:17  📤 Fordere Status nach Verbindung aktiv an (Cmd 0).
17:22:17  📨 Antwort für RequestID e0136b28-d195-4847-bad9-6e3d68d3b2ae: Cmd=0, Ack=0
17:22:17  ✅ Status nach Verbindung aktualisiert: Maschine=Printing (1), Druck=Unknown (13)
17:22:17  ✅ Reconnect erfolgreich; Status wurde neu eingelesen.
17:22:24  HTTP Request: POST http://localhost:11434/api/chat "HTTP/1.1 200 OK"
17:22:24     ✅ OK
17:22:44  HTTP Request: POST http://localhost:11434/api/chat "HTTP/1.1 200 OK"
17:22:44     ✅ OK
17:23:03  HTTP Request: POST http://localhost:11434/api/chat "HTTP/1.1 200 OK"
17:23:03     ✅ OK
17:23:18  ⚠️  WebSocket-Verbindung unterbrochen (Close-Code=1006, Grund='', Fehler=no close frame received or sent); automatischer Reconnect #226.
17:23:18  🔄 Neuer Verbindungsversuch in 2s...
17:23:20  🔌 Verbinde mit Drucker: ws://10.0.0.63:3030/websocket
17:23:21  ✅ Verbunden! MainboardID: 18421c180103147000001c0000000000
17:23:21  📤 Fordere Status nach Verbindung aktiv an (Cmd 0).
17:23:21  📨 Antwort für RequestID 2a9980c8-0704-432f-99a2-17e9ddaf93ae: Cmd=0, Ack=0
17:23:21  ✅ Status nach Verbindung aktualisiert: Maschine=Printing (1), Druck=Unknown (13)
17:23:21  ✅ Reconnect erfolgreich; Status wurde neu eingelesen.
17:23:23  HTTP Request: POST http://localhost:11434/api/chat "HTTP/1.1 200 OK"
17:23:23     ✅ OK
17:23:42  HTTP Request: POST http://localhost:11434/api/chat "HTTP/1.1 200 OK"
17:23:42     ✅ OK
17:24:02  HTTP Request: POST http://localhost:11434/api/chat "HTTP/1.1 200 OK"
17:24:02     ✅ OK
17:24:21  HTTP Request: POST http://localhost:11434/api/chat "HTTP/1.1 200 OK"
17:24:21     ✅ OK
17:24:22  ⚠️  WebSocket-Verbindung unterbrochen (Close-Code=1006, Grund='', Fehler=no close frame received or sent); automatischer Reconnect #227.
17:24:22  🔄 Neuer Verbindungsversuch in 2s...
17:24:24  🔌 Verbinde mit Drucker: ws://10.0.0.63:3030/websocket
17:24:25  ✅ Verbunden! MainboardID: 18421c180103147000001c0000000000
17:24:25  📤 Fordere Status nach Verbindung aktiv an (Cmd 0).
17:24:26  📨 Antwort für RequestID db35271c-2673-4348-afcc-be4eb6f69bc6: Cmd=0, Ack=0
17:24:26  ✅ Status nach Verbindung aktualisiert: Maschine=Printing (1), Druck=Unknown (13)
17:24:26  ✅ Reconnect erfolgreich; Status wurde neu eingelesen.
17:24:31  ❌ Kamera-Fehler: Konnte kein Frame von der Kamera lesen!
17:24:32  🔄 Kamera-Stream wird neu verbunden.
17:24:32  📷 Kamera-Stream geschlossen.
17:24:32  📷 Öffne Kamera-Stream: http://10.0.0.63:3031/video
17:24:32  ✅ Kamera-Stream geöffnet.
17:24:32  ✅ Kamera-Reconnect erfolgreich (Versuch 1/3).
17:24:42  HTTP Request: POST http://localhost:11434/api/chat "HTTP/1.1 200 OK"
17:24:42     ✅ OK
17:25:01  HTTP Request: POST http://localhost:11434/api/chat "HTTP/1.1 200 OK"
17:25:01     ✅ OK
17:25:21  HTTP Request: POST http://localhost:11434/api/chat "HTTP/1.1 200 OK"
17:25:21     ✅ OK
17:25:26  ⚠️  WebSocket-Verbindung unterbrochen (Close-Code=1006, Grund='', Fehler=no close frame received or sent); automatischer Reconnect #228.
17:25:26  🔄 Neuer Verbindungsversuch in 2s...
17:25:28  🔌 Verbinde mit Drucker: ws://10.0.0.63:3030/websocket
17:25:30  ✅ Verbunden! MainboardID: 18421c180103147000001c0000000000
17:25:30  📤 Fordere Status nach Verbindung aktiv an (Cmd 0).
17:25:30  📨 Antwort für RequestID af24fb41-f6e2-4fab-be9b-12b550eac6e3: Cmd=0, Ack=0
17:25:30  ✅ Status nach Verbindung aktualisiert: Maschine=Printing (1), Druck=Unknown (13)
17:25:30  ✅ Reconnect erfolgreich; Status wurde neu eingelesen.
17:25:40  HTTP Request: POST http://localhost:11434/api/chat "HTTP/1.1 200 OK"
17:25:40     ✅ OK
17:26:00  HTTP Request: POST http://localhost:11434/api/chat "HTTP/1.1 200 OK"
17:26:00     ✅ OK
17:26:10  ❌ Kamera-Fehler: Konnte kein Frame von der Kamera lesen!
17:26:11  🔄 Kamera-Stream wird neu verbunden.
17:26:11  📷 Kamera-Stream geschlossen.
17:26:11  📷 Öffne Kamera-Stream: http://10.0.0.63:3031/video
17:26:11  ✅ Kamera-Stream geöffnet.
17:26:11  ✅ Kamera-Reconnect erfolgreich (Versuch 1/3).
17:26:20  HTTP Request: POST http://localhost:11434/api/chat "HTTP/1.1 200 OK"
17:26:20     ✅ OK
17:26:31  ⚠️  WebSocket-Verbindung unterbrochen (Close-Code=1006, Grund='', Fehler=no close frame received or sent); automatischer Reconnect #229.
17:26:31  🔄 Neuer Verbindungsversuch in 2s...
17:26:33  🔌 Verbinde mit Drucker: ws://10.0.0.63:3030/websocket
17:26:33  ✅ Verbunden! MainboardID: 18421c180103147000001c0000000000
17:26:33  📤 Fordere Status nach Verbindung aktiv an (Cmd 0).
17:26:33  📨 Antwort für RequestID 147ff8cc-1787-49b3-9964-ef6d6f76b5b0: Cmd=0, Ack=0
17:26:33  ✅ Status nach Verbindung aktualisiert: Maschine=Printing (1), Druck=Unknown (13)
17:26:33  ✅ Reconnect erfolgreich; Status wurde neu eingelesen.
17:26:40  HTTP Request: POST http://localhost:11434/api/chat "HTTP/1.1 200 OK"
17:26:40     ✅ OK
17:26:59  HTTP Request: POST http://localhost:11434/api/chat "HTTP/1.1 200 OK"
17:26:59     ✅ OK
17:27:19  HTTP Request: POST http://localhost:11434/api/chat "HTTP/1.1 200 OK"
17:27:19     ✅ OK
17:27:34  ⚠️  WebSocket-Verbindung unterbrochen (Close-Code=1006, Grund='', Fehler=no close frame received or sent); automatischer Reconnect #230.
17:27:34  🔄 Neuer Verbindungsversuch in 2s...
17:27:36  🔌 Verbinde mit Drucker: ws://10.0.0.63:3030/websocket
17:27:38  ✅ Verbunden! MainboardID: 18421c180103147000001c0000000000
17:27:38  📤 Fordere Status nach Verbindung aktiv an (Cmd 0).
17:27:38  📨 Antwort für RequestID 0bc2f543-79a1-4c2d-8144-19dddb2791db: Cmd=0, Ack=0
17:27:38  ✅ Status nach Verbindung aktualisiert: Maschine=Printing (1), Druck=Unknown (13)
17:27:38  ✅ Reconnect erfolgreich; Status wurde neu eingelesen.
17:27:38  HTTP Request: POST http://localhost:11434/api/chat "HTTP/1.1 200 OK"
17:27:38     ✅ OK
17:27:48  ❌ Kamera-Fehler: Konnte kein Frame von der Kamera lesen!
17:27:49  🔄 Kamera-Stream wird neu verbunden.
17:27:49  📷 Kamera-Stream geschlossen.
17:27:49  📷 Öffne Kamera-Stream: http://10.0.0.63:3031/video
17:27:50  ✅ Kamera-Stream geöffnet.
17:27:50  ✅ Kamera-Reconnect erfolgreich (Versuch 1/3).
17:27:59  HTTP Request: POST http://localhost:11434/api/chat "HTTP/1.1 200 OK"
17:27:59     ✅ OK
17:28:19  HTTP Request: POST http://localhost:11434/api/chat "HTTP/1.1 200 OK"
17:28:19     ✅ OK
17:28:38  HTTP Request: POST http://localhost:11434/api/chat "HTTP/1.1 200 OK"
17:28:38     ✅ OK
17:28:39  ⚠️  WebSocket-Verbindung unterbrochen (Close-Code=1006, Grund='', Fehler=no close frame received or sent); automatischer Reconnect #231.
17:28:39  🔄 Neuer Verbindungsversuch in 2s...
17:28:41  🔌 Verbinde mit Drucker: ws://10.0.0.63:3030/websocket
17:28:42  ✅ Verbunden! MainboardID: 18421c180103147000001c0000000000
17:28:42  📤 Fordere Status nach Verbindung aktiv an (Cmd 0).
17:28:42  📨 Antwort für RequestID d36e8ac1-37b2-4b9e-8457-c02844c231c3: Cmd=0, Ack=0
17:28:42  ✅ Status nach Verbindung aktualisiert: Maschine=Printing (1), Druck=Unknown (13)
17:28:42  ✅ Reconnect erfolgreich; Status wurde neu eingelesen.
17:28:58  HTTP Request: POST http://localhost:11434/api/chat "HTTP/1.1 200 OK"
17:28:58     ✅ OK
17:29:17  HTTP Request: POST http://localhost:11434/api/chat "HTTP/1.1 200 OK"
17:29:17     ✅ OK
17:29:27  ❌ Kamera-Fehler: Konnte kein Frame von der Kamera lesen!
17:29:28  🔄 Kamera-Stream wird neu verbunden.
17:29:28  📷 Kamera-Stream geschlossen.
17:29:28  📷 Öffne Kamera-Stream: http://10.0.0.63:3031/video
17:29:28  ✅ Kamera-Stream geöffnet.
17:29:29  ✅ Kamera-Reconnect erfolgreich (Versuch 1/3).
17:29:38  HTTP Request: POST http://localhost:11434/api/chat "HTTP/1.1 200 OK"
17:29:38     ✅ OK
17:29:43  ⚠️  WebSocket-Verbindung unterbrochen (Close-Code=1006, Grund='', Fehler=no close frame received or sent); automatischer Reconnect #232.
17:29:43  🔄 Neuer Verbindungsversuch in 2s...
17:29:45  🔌 Verbinde mit Drucker: ws://10.0.0.63:3030/websocket
17:29:46  ✅ Verbunden! MainboardID: 18421c180103147000001c0000000000
17:29:46  📤 Fordere Status nach Verbindung aktiv an (Cmd 0).
17:29:46  📨 Antwort für RequestID 1eec7a28-945c-4fdf-ae2e-2f3798d87f52: Cmd=0, Ack=0
17:29:46  ✅ Status nach Verbindung aktualisiert: Maschine=Printing (1), Druck=Unknown (13)
17:29:46  ✅ Reconnect erfolgreich; Status wurde neu eingelesen.
17:29:57  HTTP Request: POST http://localhost:11434/api/chat "HTTP/1.1 200 OK"
17:29:57     ✅ OK
17:30:17  HTTP Request: POST http://localhost:11434/api/chat "HTTP/1.1 200 OK"
17:30:17     ✅ OK
17:30:36  HTTP Request: POST http://localhost:11434/api/chat "HTTP/1.1 200 OK"
17:30:36     ✅ OK
17:30:47  ⚠️  WebSocket-Verbindung unterbrochen (Close-Code=1006, Grund='', Fehler=no close frame received or sent); automatischer Reconnect #233.
17:30:47  🔄 Neuer Verbindungsversuch in 2s...
17:30:49  🔌 Verbinde mit Drucker: ws://10.0.0.63:3030/websocket
17:30:50  ✅ Verbunden! MainboardID: 18421c180103147000001c0000000000
17:30:50  📤 Fordere Status nach Verbindung aktiv an (Cmd 0).
17:30:50  📨 Antwort für RequestID 89dd911f-cacb-4d8c-8340-5123452ecd01: Cmd=0, Ack=0
17:30:51  ✅ Status nach Verbindung aktualisiert: Maschine=Printing (1), Druck=Unknown (13)
17:30:51  ✅ Reconnect erfolgreich; Status wurde neu eingelesen.
17:30:56  HTTP Request: POST http://localhost:11434/api/chat "HTTP/1.1 200 OK"
17:30:56     ✅ OK
17:31:06  ❌ Kamera-Fehler: Konnte kein Frame von der Kamera lesen!
17:31:07  🔄 Kamera-Stream wird neu verbunden.
17:31:07  📷 Kamera-Stream geschlossen.
17:31:07  📷 Öffne Kamera-Stream: http://10.0.0.63:3031/video
17:31:07  ✅ Kamera-Stream geöffnet.
17:31:07  ✅ Kamera-Reconnect erfolgreich (Versuch 1/3).
17:31:17  HTTP Request: POST http://localhost:11434/api/chat "HTTP/1.1 200 OK"
17:31:17     ✅ OK
17:31:36  HTTP Request: POST http://localhost:11434/api/chat "HTTP/1.1 200 OK"
17:31:36     ✅ OK
17:31:51  ⚠️  WebSocket-Verbindung unterbrochen (Close-Code=1006, Grund='', Fehler=no close frame received or sent); automatischer Reconnect #234.
17:31:51  🔄 Neuer Verbindungsversuch in 2s...
17:31:53  🔌 Verbinde mit Drucker: ws://10.0.0.63:3030/websocket
17:31:55  ✅ Verbunden! MainboardID: 18421c180103147000001c0000000000
17:31:55  📤 Fordere Status nach Verbindung aktiv an (Cmd 0).
17:31:55  📨 Antwort für RequestID af9bf023-2b8b-4ebc-90e3-18de0864c51b: Cmd=0, Ack=0
17:31:55  ✅ Status nach Verbindung aktualisiert: Maschine=Printing (1), Druck=Unknown (13)
17:31:55  ✅ Reconnect erfolgreich; Status wurde neu eingelesen.
17:31:56  HTTP Request: POST http://localhost:11434/api/chat "HTTP/1.1 200 OK"
17:31:56     ✅ OK
17:32:15  HTTP Request: POST http://localhost:11434/api/chat "HTTP/1.1 200 OK"
17:32:15     ✅ OK
17:32:25  ❌ Kamera-Fehler: Konnte kein Frame von der Kamera lesen!
17:32:26  🔄 Kamera-Stream wird neu verbunden.
17:32:26  📷 Kamera-Stream geschlossen.
17:32:26  📷 Öffne Kamera-Stream: http://10.0.0.63:3031/video
17:32:26  ✅ Kamera-Stream geöffnet.
17:32:27  ✅ Kamera-Reconnect erfolgreich (Versuch 1/3).
17:32:36  HTTP Request: POST http://localhost:11434/api/chat "HTTP/1.1 200 OK"
17:32:36     ✅ OK
17:32:55  HTTP Request: POST http://localhost:11434/api/chat "HTTP/1.1 200 OK"
17:32:55     ✅ OK
17:32:56  ⚠️  WebSocket-Verbindung unterbrochen (Close-Code=1006, Grund='', Fehler=no close frame received or sent); automatischer Reconnect #235.
17:32:56  🔄 Neuer Verbindungsversuch in 2s...
17:32:58  🔌 Verbinde mit Drucker: ws://10.0.0.63:3030/websocket
17:32:59  ✅ Verbunden! MainboardID: 18421c180103147000001c0000000000
17:32:59  📤 Fordere Status nach Verbindung aktiv an (Cmd 0).
17:32:59  📨 Antwort für RequestID 1884fd17-8d64-4542-a366-e16d673c220a: Cmd=0, Ack=0
17:32:59  ✅ Status nach Verbindung aktualisiert: Maschine=Printing (1), Druck=Unknown (13)
17:32:59  ✅ Reconnect erfolgreich; Status wurde neu eingelesen.
17:33:15  HTTP Request: POST http://localhost:11434/api/chat "HTTP/1.1 200 OK"
17:33:15     ✅ OK
17:33:34  HTTP Request: POST http://localhost:11434/api/chat "HTTP/1.1 200 OK"
17:33:34     ✅ OK
17:33:54  HTTP Request: POST http://localhost:11434/api/chat "HTTP/1.1 200 OK"
17:33:54     ✅ OK
17:34:00  ⚠️  WebSocket-Verbindung unterbrochen (Close-Code=1006, Grund='', Fehler=no close frame received or sent); automatischer Reconnect #236.
17:34:00  🔄 Neuer Verbindungsversuch in 2s...
17:34:02  🔌 Verbinde mit Drucker: ws://10.0.0.63:3030/websocket
17:34:03  ✅ Verbunden! MainboardID: 18421c180103147000001c0000000000
17:34:03  📤 Fordere Status nach Verbindung aktiv an (Cmd 0).
17:34:03  📨 Antwort für RequestID ae530daa-fde9-426f-8a38-866a3c4dfee4: Cmd=0, Ack=0
17:34:03  ✅ Status nach Verbindung aktualisiert: Maschine=Printing (1), Druck=Unknown (13)
17:34:03  ✅ Reconnect erfolgreich; Status wurde neu eingelesen.
17:34:04  ❌ Kamera-Fehler: Konnte kein Frame von der Kamera lesen!
17:34:05  🔄 Kamera-Stream wird neu verbunden.
17:34:05  📷 Kamera-Stream geschlossen.
17:34:05  📷 Öffne Kamera-Stream: http://10.0.0.63:3031/video
17:34:05  ✅ Kamera-Stream geöffnet.
17:34:05  ✅ Kamera-Reconnect erfolgreich (Versuch 1/3).
17:34:15  HTTP Request: POST http://localhost:11434/api/chat "HTTP/1.1 200 OK"
17:34:15     ✅ OK
17:34:34  HTTP Request: POST http://localhost:11434/api/chat "HTTP/1.1 200 OK"
17:34:34     ✅ OK
17:34:54  HTTP Request: POST http://localhost:11434/api/chat "HTTP/1.1 200 OK"
17:34:54     ✅ OK
17:35:04  ⚠️  WebSocket-Verbindung unterbrochen (Close-Code=1006, Grund='', Fehler=no close frame received or sent); automatischer Reconnect #237.
17:35:04  🔄 Neuer Verbindungsversuch in 2s...
17:35:06  🔌 Verbinde mit Drucker: ws://10.0.0.63:3030/websocket
17:35:07  ✅ Verbunden! MainboardID: 18421c180103147000001c0000000000
17:35:07  📤 Fordere Status nach Verbindung aktiv an (Cmd 0).
17:35:07  📨 Antwort für RequestID 8e4888f9-0fbe-41b2-bb7d-432bfc8fcebd: Cmd=0, Ack=0
17:35:07  ✅ Status nach Verbindung aktualisiert: Maschine=Printing (1), Druck=Unknown (13)
17:35:07  ✅ Reconnect erfolgreich; Status wurde neu eingelesen.
17:35:13  HTTP Request: POST http://localhost:11434/api/chat "HTTP/1.1 200 OK"
17:35:13     ✅ OK
17:35:33  HTTP Request: POST http://localhost:11434/api/chat "HTTP/1.1 200 OK"
17:35:33     ✅ OK
17:35:43  ❌ Kamera-Fehler: Konnte kein Frame von der Kamera lesen!
17:35:44  🔄 Kamera-Stream wird neu verbunden.
17:35:44  📷 Kamera-Stream geschlossen.
17:35:44  📷 Öffne Kamera-Stream: http://10.0.0.63:3031/video
17:35:44  ✅ Kamera-Stream geöffnet.
17:35:44  ✅ Kamera-Reconnect erfolgreich (Versuch 1/3).
17:35:53  HTTP Request: POST http://localhost:11434/api/chat "HTTP/1.1 200 OK"
17:35:53     ✅ OK
17:36:08  ⚠️  WebSocket-Verbindung unterbrochen (Close-Code=1006, Grund='', Fehler=no close frame received or sent); automatischer Reconnect #238.
17:36:08  🔄 Neuer Verbindungsversuch in 2s...
17:36:10  🔌 Verbinde mit Drucker: ws://10.0.0.63:3030/websocket
17:36:11  ✅ Verbunden! MainboardID: 18421c180103147000001c0000000000
17:36:11  📤 Fordere Status nach Verbindung aktiv an (Cmd 0).
17:36:11  📨 Antwort für RequestID fe130f42-c6ba-4717-9705-9eb60788a63d: Cmd=0, Ack=0
17:36:11  ✅ Status nach Verbindung aktualisiert: Maschine=Printing (1), Druck=Unknown (13)
17:36:11  ✅ Reconnect erfolgreich; Status wurde neu eingelesen.
17:36:13  HTTP Request: POST http://localhost:11434/api/chat "HTTP/1.1 200 OK"
17:36:13     ✅ OK
17:36:32  HTTP Request: POST http://localhost:11434/api/chat "HTTP/1.1 200 OK"
17:36:32     ✅ OK
17:36:52  HTTP Request: POST http://localhost:11434/api/chat "HTTP/1.1 200 OK"
17:36:52     ✅ OK
17:37:11  HTTP Request: POST http://localhost:11434/api/chat "HTTP/1.1 200 OK"
17:37:11     ✅ OK
17:37:12  ⚠️  WebSocket-Verbindung unterbrochen (Close-Code=1006, Grund='', Fehler=no close frame received or sent); automatischer Reconnect #239.
17:37:12  🔄 Neuer Verbindungsversuch in 2s...
17:37:14  🔌 Verbinde mit Drucker: ws://10.0.0.63:3030/websocket
17:37:15  ✅ Verbunden! MainboardID: 18421c180103147000001c0000000000
17:37:15  📤 Fordere Status nach Verbindung aktiv an (Cmd 0).
17:37:15  📨 Antwort für RequestID 4c16d6e6-bddc-4941-8812-3349de5e90cf: Cmd=0, Ack=0
17:37:15  ✅ Status nach Verbindung aktualisiert: Maschine=Printing (1), Druck=Unknown (13)
17:37:15  ✅ Reconnect erfolgreich; Status wurde neu eingelesen.
17:37:21  ❌ Kamera-Fehler: Konnte kein Frame von der Kamera lesen!
17:37:22  🔄 Kamera-Stream wird neu verbunden.
17:37:22  📷 Kamera-Stream geschlossen.
17:37:22  📷 Öffne Kamera-Stream: http://10.0.0.63:3031/video
17:37:22  ✅ Kamera-Stream geöffnet.
17:37:23  ✅ Kamera-Reconnect erfolgreich (Versuch 1/3).
17:37:32  HTTP Request: POST http://localhost:11434/api/chat "HTTP/1.1 200 OK"
17:37:32     ✅ OK
17:37:52  HTTP Request: POST http://localhost:11434/api/chat "HTTP/1.1 200 OK"
17:37:52     ✅ OK
17:38:11  HTTP Request: POST http://localhost:11434/api/chat "HTTP/1.1 200 OK"
17:38:11     ✅ OK
17:38:16  ⚠️  WebSocket-Verbindung unterbrochen (Close-Code=1006, Grund='', Fehler=no close frame received or sent); automatischer Reconnect #240.
17:38:16  🔄 Neuer Verbindungsversuch in 2s...
17:38:18  🔌 Verbinde mit Drucker: ws://10.0.0.63:3030/websocket
17:38:19  ✅ Verbunden! MainboardID: 18421c180103147000001c0000000000
17:38:19  📤 Fordere Status nach Verbindung aktiv an (Cmd 0).
17:38:20  📨 Antwort für RequestID 9d459092-965e-4892-b82a-9c09e2046dbf: Cmd=0, Ack=0
17:38:20  ✅ Status nach Verbindung aktualisiert: Maschine=Printing (1), Druck=Unknown (13)
17:38:20  ✅ Reconnect erfolgreich; Status wurde neu eingelesen.
17:38:31  HTTP Request: POST http://localhost:11434/api/chat "HTTP/1.1 200 OK"
17:38:31     ✅ OK
17:38:50  HTTP Request: POST http://localhost:11434/api/chat "HTTP/1.1 200 OK"
17:38:50     ✅ OK
17:39:00  ❌ Kamera-Fehler: Konnte kein Frame von der Kamera lesen!
17:39:01  🔄 Kamera-Stream wird neu verbunden.
17:39:01  📷 Kamera-Stream geschlossen.
17:39:01  📷 Öffne Kamera-Stream: http://10.0.0.63:3031/video
17:39:01  ✅ Kamera-Stream geöffnet.
17:39:01  ✅ Kamera-Reconnect erfolgreich (Versuch 1/3).
17:39:11  HTTP Request: POST http://localhost:11434/api/chat "HTTP/1.1 200 OK"
17:39:11     ✅ OK
17:39:20  ⚠️  WebSocket-Verbindung unterbrochen (Close-Code=1006, Grund='', Fehler=no close frame received or sent); automatischer Reconnect #241.
17:39:20  🔄 Neuer Verbindungsversuch in 2s...
17:39:22  🔌 Verbinde mit Drucker: ws://10.0.0.63:3030/websocket
17:39:23  ✅ Verbunden! MainboardID: 18421c180103147000001c0000000000
17:39:23  📤 Fordere Status nach Verbindung aktiv an (Cmd 0).
17:39:24  📨 Antwort für RequestID 9aecc132-3438-4764-a24c-7b445dc54679: Cmd=0, Ack=0
17:39:24  ✅ Status nach Verbindung aktualisiert: Maschine=Printing (1), Druck=Unknown (13)
17:39:24  ✅ Reconnect erfolgreich; Status wurde neu eingelesen.
17:39:30  HTTP Request: POST http://localhost:11434/api/chat "HTTP/1.1 200 OK"
17:39:30     ✅ OK
17:39:50  HTTP Request: POST http://localhost:11434/api/chat "HTTP/1.1 200 OK"
17:39:50     ✅ OK
17:40:09  HTTP Request: POST http://localhost:11434/api/chat "HTTP/1.1 200 OK"
17:40:09     ✅ OK
17:40:24  ⚠️  WebSocket-Verbindung unterbrochen (Close-Code=1006, Grund='', Fehler=no close frame received or sent); automatischer Reconnect #242.
17:40:24  🔄 Neuer Verbindungsversuch in 2s...
17:40:26  🔌 Verbinde mit Drucker: ws://10.0.0.63:3030/websocket
17:40:27  ✅ Verbunden! MainboardID: 18421c180103147000001c0000000000
17:40:27  📤 Fordere Status nach Verbindung aktiv an (Cmd 0).
17:40:28  📨 Antwort für RequestID e488954d-7a02-4ebe-becf-225eed417f38: Cmd=0, Ack=0
17:40:28  ✅ Status nach Verbindung aktualisiert: Maschine=Printing (1), Druck=Unknown (13)
17:40:28  ✅ Reconnect erfolgreich; Status wurde neu eingelesen.
17:40:29  HTTP Request: POST http://localhost:11434/api/chat "HTTP/1.1 200 OK"
17:40:29     ✅ OK
17:40:39  ❌ Kamera-Fehler: Konnte kein Frame von der Kamera lesen!
17:40:40  🔄 Kamera-Stream wird neu verbunden.
17:40:40  📷 Kamera-Stream geschlossen.
17:40:40  📷 Öffne Kamera-Stream: http://10.0.0.63:3031/video
17:40:40  ✅ Kamera-Stream geöffnet.
17:40:40  ✅ Kamera-Reconnect erfolgreich (Versuch 1/3).
17:40:50  HTTP Request: POST http://localhost:11434/api/chat "HTTP/1.1 200 OK"
17:40:50     ✅ OK
17:41:09  HTTP Request: POST http://localhost:11434/api/chat "HTTP/1.1 200 OK"
17:41:09     ✅ OK
17:41:28  ⚠️  WebSocket-Verbindung unterbrochen (Close-Code=1006, Grund='', Fehler=no close frame received or sent); automatischer Reconnect #243.
17:41:28  🔄 Neuer Verbindungsversuch in 2s...
17:41:29  HTTP Request: POST http://localhost:11434/api/chat "HTTP/1.1 200 OK"
17:41:29     ✅ OK
17:41:30  🔌 Verbinde mit Drucker: ws://10.0.0.63:3030/websocket
17:41:31  ✅ Verbunden! MainboardID: 18421c180103147000001c0000000000
17:41:31  📤 Fordere Status nach Verbindung aktiv an (Cmd 0).
17:41:32  📨 Antwort für RequestID 26196cf7-f777-45b1-9306-7900243bbfbf: Cmd=0, Ack=0
17:41:32  ✅ Status nach Verbindung aktualisiert: Maschine=Printing (1), Druck=Unknown (13)
17:41:32  ✅ Reconnect erfolgreich; Status wurde neu eingelesen.
17:41:48  HTTP Request: POST http://localhost:11434/api/chat "HTTP/1.1 200 OK"
17:41:48     ✅ OK
17:41:58  ❌ Kamera-Fehler: Konnte kein Frame von der Kamera lesen!
17:41:59  🔄 Kamera-Stream wird neu verbunden.
17:41:59  📷 Kamera-Stream geschlossen.
17:41:59  📷 Öffne Kamera-Stream: http://10.0.0.63:3031/video
17:41:59  ✅ Kamera-Stream geöffnet.
17:41:59  ✅ Kamera-Reconnect erfolgreich (Versuch 1/3).
17:42:09  HTTP Request: POST http://localhost:11434/api/chat "HTTP/1.1 200 OK"
17:42:09     ✅ OK
17:42:28  HTTP Request: POST http://localhost:11434/api/chat "HTTP/1.1 200 OK"
17:42:28     ✅ OK
17:42:33  ⚠️  WebSocket-Verbindung unterbrochen (Close-Code=1006, Grund='', Fehler=no close frame received or sent); automatischer Reconnect #244.
17:42:33  🔄 Neuer Verbindungsversuch in 2s...
17:42:35  🔌 Verbinde mit Drucker: ws://10.0.0.63:3030/websocket
17:42:35  ✅ Verbunden! MainboardID: 18421c180103147000001c0000000000
17:42:35  📤 Fordere Status nach Verbindung aktiv an (Cmd 0).
17:42:36  📨 Antwort für RequestID 819d855b-fdfa-4f4d-8924-e99625aa3e33: Cmd=0, Ack=0
17:42:36  ✅ Status nach Verbindung aktualisiert: Maschine=Printing (1), Druck=Unknown (13)
17:42:36  ✅ Reconnect erfolgreich; Status wurde neu eingelesen.
17:42:48  HTTP Request: POST http://localhost:11434/api/chat "HTTP/1.1 200 OK"
17:42:48     ✅ OK
17:43:07  HTTP Request: POST http://localhost:11434/api/chat "HTTP/1.1 200 OK"
17:43:07     ✅ OK
17:43:17  ❌ Kamera-Fehler: Konnte kein Frame von der Kamera lesen!
17:43:18  🔄 Kamera-Stream wird neu verbunden.
17:43:18  📷 Kamera-Stream geschlossen.
17:43:18  📷 Öffne Kamera-Stream: http://10.0.0.63:3031/video
17:43:18  ✅ Kamera-Stream geöffnet.
17:43:18  ✅ Kamera-Reconnect erfolgreich (Versuch 1/3).
17:43:28  HTTP Request: POST http://localhost:11434/api/chat "HTTP/1.1 200 OK"
17:43:28     ✅ OK
17:43:37  ⚠️  WebSocket-Verbindung unterbrochen (Close-Code=1006, Grund='', Fehler=no close frame received or sent); automatischer Reconnect #245.
17:43:37  🔄 Neuer Verbindungsversuch in 2s...
17:43:39  🔌 Verbinde mit Drucker: ws://10.0.0.63:3030/websocket
17:43:40  ✅ Verbunden! MainboardID: 18421c180103147000001c0000000000
17:43:40  📤 Fordere Status nach Verbindung aktiv an (Cmd 0).
17:43:40  📨 Antwort für RequestID 69cb683a-cd4a-42e4-84ee-e3c0e7f7f79d: Cmd=0, Ack=0
17:43:40  ✅ Status nach Verbindung aktualisiert: Maschine=Printing (1), Druck=Unknown (13)
17:43:40  ✅ Reconnect erfolgreich; Status wurde neu eingelesen.
17:43:47  HTTP Request: POST http://localhost:11434/api/chat "HTTP/1.1 200 OK"
17:43:47     ✅ OK
17:44:07  HTTP Request: POST http://localhost:11434/api/chat "HTTP/1.1 200 OK"
17:44:07     ✅ OK
17:44:26  HTTP Request: POST http://localhost:11434/api/chat "HTTP/1.1 200 OK"
17:44:26     ✅ OK
17:44:36  ❌ Kamera-Fehler: Konnte kein Frame von der Kamera lesen!
17:44:37  🔄 Kamera-Stream wird neu verbunden.
17:44:37  📷 Kamera-Stream geschlossen.
17:44:37  📷 Öffne Kamera-Stream: http://10.0.0.63:3031/video
17:44:38  ✅ Kamera-Stream geöffnet.
17:44:38  ✅ Kamera-Reconnect erfolgreich (Versuch 1/3).
17:44:41  ⚠️  WebSocket-Verbindung unterbrochen (Close-Code=1006, Grund='', Fehler=no close frame received or sent); automatischer Reconnect #246.
17:44:41  🔄 Neuer Verbindungsversuch in 2s...
17:44:43  🔌 Verbinde mit Drucker: ws://10.0.0.63:3030/websocket
17:44:44  ✅ Verbunden! MainboardID: 18421c180103147000001c0000000000
17:44:44  📤 Fordere Status nach Verbindung aktiv an (Cmd 0).
17:44:44  📨 Antwort für RequestID 3027c2d8-5ea4-4ccc-b564-e9a721c58f1c: Cmd=0, Ack=0
17:44:44  ✅ Status nach Verbindung aktualisiert: Maschine=Printing (1), Druck=Unknown (13)
17:44:44  ✅ Reconnect erfolgreich; Status wurde neu eingelesen.
17:44:47  HTTP Request: POST http://localhost:11434/api/chat "HTTP/1.1 200 OK"
17:44:47     ✅ OK
17:45:07  HTTP Request: POST http://localhost:11434/api/chat "HTTP/1.1 200 OK"
17:45:07     ✅ OK
17:45:26  HTTP Request: POST http://localhost:11434/api/chat "HTTP/1.1 200 OK"
17:45:26     ✅ OK
17:45:45  ⚠️  WebSocket-Verbindung unterbrochen (Close-Code=1006, Grund='', Fehler=no close frame received or sent); automatischer Reconnect #247.
17:45:45  🔄 Neuer Verbindungsversuch in 2s...
17:45:46  HTTP Request: POST http://localhost:11434/api/chat "HTTP/1.1 200 OK"
17:45:46     ✅ OK
17:45:47  🔌 Verbinde mit Drucker: ws://10.0.0.63:3030/websocket
17:45:48  ✅ Verbunden! MainboardID: 18421c180103147000001c0000000000
17:45:48  📤 Fordere Status nach Verbindung aktiv an (Cmd 0).
17:45:48  📨 Antwort für RequestID 0a1c9fb5-1939-43b0-8f3e-70cfeaf45bb1: Cmd=0, Ack=0
17:45:48  ✅ Status nach Verbindung aktualisiert: Maschine=Printing (1), Druck=Unknown (13)
17:45:48  ✅ Reconnect erfolgreich; Status wurde neu eingelesen.
17:46:05  HTTP Request: POST http://localhost:11434/api/chat "HTTP/1.1 200 OK"
17:46:05     ✅ OK
17:46:15  ❌ Kamera-Fehler: Konnte kein Frame von der Kamera lesen!
17:46:16  🔄 Kamera-Stream wird neu verbunden.
17:46:16  📷 Kamera-Stream geschlossen.
17:46:16  📷 Öffne Kamera-Stream: http://10.0.0.63:3031/video
17:46:16  ✅ Kamera-Stream geöffnet.
17:46:16  ✅ Kamera-Reconnect erfolgreich (Versuch 1/3).
17:46:26  HTTP Request: POST http://localhost:11434/api/chat "HTTP/1.1 200 OK"
17:46:26     ✅ OK
17:46:46  HTTP Request: POST http://localhost:11434/api/chat "HTTP/1.1 200 OK"
17:46:46     ✅ OK
17:46:49  ⚠️  WebSocket-Verbindung unterbrochen (Close-Code=1006, Grund='', Fehler=no close frame received or sent); automatischer Reconnect #248.
17:46:49  🔄 Neuer Verbindungsversuch in 2s...
17:46:51  🔌 Verbinde mit Drucker: ws://10.0.0.63:3030/websocket
17:46:52  ✅ Verbunden! MainboardID: 18421c180103147000001c0000000000
17:46:52  📤 Fordere Status nach Verbindung aktiv an (Cmd 0).
17:46:52  📨 Antwort für RequestID e1e29559-ef85-48ed-a878-6c6d27131c74: Cmd=0, Ack=0
17:46:52  ✅ Status nach Verbindung aktualisiert: Maschine=Printing (1), Druck=Unknown (13)
17:46:52  ✅ Reconnect erfolgreich; Status wurde neu eingelesen.
17:47:05  HTTP Request: POST http://localhost:11434/api/chat "HTTP/1.1 200 OK"
17:47:05     ✅ OK
17:47:25  HTTP Request: POST http://localhost:11434/api/chat "HTTP/1.1 200 OK"
17:47:25     ✅ OK
17:47:35  ❌ Kamera-Fehler: Konnte kein Frame von der Kamera lesen!
17:47:36  🔄 Kamera-Stream wird neu verbunden.
17:47:36  📷 Kamera-Stream geschlossen.
17:47:36  📷 Öffne Kamera-Stream: http://10.0.0.63:3031/video
17:47:36  ✅ Kamera-Stream geöffnet.
17:47:36  ✅ Kamera-Reconnect erfolgreich (Versuch 1/3).
17:47:45  HTTP Request: POST http://localhost:11434/api/chat "HTTP/1.1 200 OK"
17:47:45     ✅ OK
17:47:53  ⚠️  WebSocket-Verbindung unterbrochen (Close-Code=1006, Grund='', Fehler=no close frame received or sent); automatischer Reconnect #249.
17:47:53  🔄 Neuer Verbindungsversuch in 2s...
17:47:55  🔌 Verbinde mit Drucker: ws://10.0.0.63:3030/websocket
17:47:56  ✅ Verbunden! MainboardID: 18421c180103147000001c0000000000
17:47:56  📤 Fordere Status nach Verbindung aktiv an (Cmd 0).
17:47:56  📨 Antwort für RequestID dce61f76-c735-4127-9534-120c1e6ccec5: Cmd=0, Ack=0
17:47:56  ✅ Status nach Verbindung aktualisiert: Maschine=Printing (1), Druck=Unknown (13)
17:47:56  ✅ Reconnect erfolgreich; Status wurde neu eingelesen.
17:48:05  HTTP Request: POST http://localhost:11434/api/chat "HTTP/1.1 200 OK"
17:48:05     ✅ OK
17:48:24  HTTP Request: POST http://localhost:11434/api/chat "HTTP/1.1 200 OK"
17:48:24     ✅ OK
17:48:44  HTTP Request: POST http://localhost:11434/api/chat "HTTP/1.1 200 OK"
17:48:44     ✅ OK
17:48:57  ⚠️  WebSocket-Verbindung unterbrochen (Close-Code=1006, Grund='', Fehler=no close frame received or sent); automatischer Reconnect #250.
17:48:57  🔄 Neuer Verbindungsversuch in 2s...
17:48:59  🔌 Verbinde mit Drucker: ws://10.0.0.63:3030/websocket
17:49:00  ✅ Verbunden! MainboardID: 18421c180103147000001c0000000000
17:49:00  📤 Fordere Status nach Verbindung aktiv an (Cmd 0).
17:49:00  📨 Antwort für RequestID 9414f2fc-f4bd-45e7-8f20-2d86009a0956: Cmd=0, Ack=0
17:49:00  ✅ Status nach Verbindung aktualisiert: Maschine=Printing (1), Druck=Unknown (13)
17:49:00  ✅ Reconnect erfolgreich; Status wurde neu eingelesen.
17:49:03  HTTP Request: POST http://localhost:11434/api/chat "HTTP/1.1 200 OK"
17:49:03     ✅ OK
17:49:13  ❌ Kamera-Fehler: Konnte kein Frame von der Kamera lesen!
17:49:14  🔄 Kamera-Stream wird neu verbunden.
17:49:14  📷 Kamera-Stream geschlossen.
17:49:14  📷 Öffne Kamera-Stream: http://10.0.0.63:3031/video
17:49:14  ✅ Kamera-Stream geöffnet.
17:49:15  ✅ Kamera-Reconnect erfolgreich (Versuch 1/3).
17:49:24  HTTP Request: POST http://localhost:11434/api/chat "HTTP/1.1 200 OK"
17:49:24     ✅ OK
17:49:44  HTTP Request: POST http://localhost:11434/api/chat "HTTP/1.1 200 OK"
17:49:44     ✅ OK
17:50:01  ⚠️  WebSocket-Verbindung unterbrochen (Close-Code=1006, Grund='', Fehler=no close frame received or sent); automatischer Reconnect #251.
17:50:01  🔄 Neuer Verbindungsversuch in 2s...
17:50:03  HTTP Request: POST http://localhost:11434/api/chat "HTTP/1.1 200 OK"
17:50:03     ✅ OK
17:50:03  🔌 Verbinde mit Drucker: ws://10.0.0.63:3030/websocket
17:50:04  ✅ Verbunden! MainboardID: 18421c180103147000001c0000000000
17:50:04  📤 Fordere Status nach Verbindung aktiv an (Cmd 0).
17:50:04  📨 Antwort für RequestID 80a487fa-59e5-49e0-85d5-0b09c510234a: Cmd=0, Ack=0
17:50:04  ✅ Status nach Verbindung aktualisiert: Maschine=Printing (1), Druck=Unknown (13)
17:50:04  ✅ Reconnect erfolgreich; Status wurde neu eingelesen.
17:50:23  HTTP Request: POST http://localhost:11434/api/chat "HTTP/1.1 200 OK"
17:50:23     ✅ OK
17:50:42  HTTP Request: POST http://localhost:11434/api/chat "HTTP/1.1 200 OK"
17:50:42     ✅ OK
17:50:52  ❌ Kamera-Fehler: Konnte kein Frame von der Kamera lesen!
17:50:53  🔄 Kamera-Stream wird neu verbunden.
17:50:53  📷 Kamera-Stream geschlossen.
17:50:53  📷 Öffne Kamera-Stream: http://10.0.0.63:3031/video
17:50:53  ✅ Kamera-Stream geöffnet.
17:50:53  ✅ Kamera-Reconnect erfolgreich (Versuch 1/3).
17:51:03  HTTP Request: POST http://localhost:11434/api/chat "HTTP/1.1 200 OK"
17:51:03     ✅ OK
17:51:05  ⚠️  WebSocket-Verbindung unterbrochen (Close-Code=1006, Grund='', Fehler=no close frame received or sent); automatischer Reconnect #252.
17:51:05  🔄 Neuer Verbindungsversuch in 2s...
17:51:07  🔌 Verbinde mit Drucker: ws://10.0.0.63:3030/websocket
17:51:08  ✅ Verbunden! MainboardID: 18421c180103147000001c0000000000
17:51:08  📤 Fordere Status nach Verbindung aktiv an (Cmd 0).
17:51:08  📨 Antwort für RequestID 1d8dda57-9ae8-40d7-94b2-797c149129a8: Cmd=0, Ack=0
17:51:08  ✅ Status nach Verbindung aktualisiert: Maschine=Printing (1), Druck=Unknown (13)
17:51:08  ✅ Reconnect erfolgreich; Status wurde neu eingelesen.
17:51:22  HTTP Request: POST http://localhost:11434/api/chat "HTTP/1.1 200 OK"
17:51:22     ✅ OK
17:51:42  HTTP Request: POST http://localhost:11434/api/chat "HTTP/1.1 200 OK"
17:51:42     ✅ OK
17:52:01  HTTP Request: POST http://localhost:11434/api/chat "HTTP/1.1 200 OK"
17:52:01     ✅ OK
17:52:09  ⚠️  WebSocket-Verbindung unterbrochen (Close-Code=1006, Grund='', Fehler=no close frame received or sent); automatischer Reconnect #253.
17:52:09  🔄 Neuer Verbindungsversuch in 2s...
17:52:11  🔌 Verbinde mit Drucker: ws://10.0.0.63:3030/websocket
17:52:12  ✅ Verbunden! MainboardID: 18421c180103147000001c0000000000
17:52:12  📤 Fordere Status nach Verbindung aktiv an (Cmd 0).
17:52:12  📨 Antwort für RequestID 9b9d3d44-d6f1-4a16-9dbc-225bf45fcb2c: Cmd=0, Ack=0
17:52:12  ✅ Status nach Verbindung aktualisiert: Maschine=Printing (1), Druck=Unknown (13)
17:52:12  ✅ Reconnect erfolgreich; Status wurde neu eingelesen.
17:52:21  HTTP Request: POST http://localhost:11434/api/chat "HTTP/1.1 200 OK"
17:52:21     ✅ OK
17:52:31  ❌ Kamera-Fehler: Konnte kein Frame von der Kamera lesen!
17:52:32  🔄 Kamera-Stream wird neu verbunden.
17:52:32  📷 Kamera-Stream geschlossen.
17:52:32  📷 Öffne Kamera-Stream: http://10.0.0.63:3031/video
17:52:32  ✅ Kamera-Stream geöffnet.
17:52:32  ✅ Kamera-Reconnect erfolgreich (Versuch 1/3).
17:52:42  HTTP Request: POST http://localhost:11434/api/chat "HTTP/1.1 200 OK"
17:52:42     ✅ OK
17:53:01  HTTP Request: POST http://localhost:11434/api/chat "HTTP/1.1 200 OK"
17:53:01     ✅ OK
17:53:13  ⚠️  WebSocket-Verbindung unterbrochen (Close-Code=1006, Grund='', Fehler=no close frame received or sent); automatischer Reconnect #254.
17:53:13  🔄 Neuer Verbindungsversuch in 2s...
17:53:15  🔌 Verbinde mit Drucker: ws://10.0.0.63:3030/websocket
17:53:17  ✅ Verbunden! MainboardID: 18421c180103147000001c0000000000
17:53:17  📤 Fordere Status nach Verbindung aktiv an (Cmd 0).
17:53:17  📨 Antwort für RequestID c2491304-5f5a-45a0-bc22-62c8176d319a: Cmd=0, Ack=0
17:53:17  ✅ Status nach Verbindung aktualisiert: Maschine=Printing (1), Druck=Unknown (13)
17:53:17  ✅ Reconnect erfolgreich; Status wurde neu eingelesen.
17:53:21  HTTP Request: POST http://localhost:11434/api/chat "HTTP/1.1 200 OK"
17:53:21     ✅ OK
17:53:40  HTTP Request: POST http://localhost:11434/api/chat "HTTP/1.1 200 OK"
17:53:40     ✅ OK
17:54:00  HTTP Request: POST http://localhost:11434/api/chat "HTTP/1.1 200 OK"
17:54:00     ✅ OK
17:54:10  ❌ Kamera-Fehler: Konnte kein Frame von der Kamera lesen!
17:54:11  🔄 Kamera-Stream wird neu verbunden.
17:54:11  📷 Kamera-Stream geschlossen.
17:54:11  📷 Öffne Kamera-Stream: http://10.0.0.63:3031/video
17:54:11  ✅ Kamera-Stream geöffnet.
17:54:11  ✅ Kamera-Reconnect erfolgreich (Versuch 1/3).
17:54:18  ⚠️  WebSocket-Verbindung unterbrochen (Close-Code=1006, Grund='', Fehler=no close frame received or sent); automatischer Reconnect #255.
17:54:18  🔄 Neuer Verbindungsversuch in 2s...
17:54:20  🔌 Verbinde mit Drucker: ws://10.0.0.63:3030/websocket
17:54:20  HTTP Request: POST http://localhost:11434/api/chat "HTTP/1.1 200 OK"
17:54:20     ✅ OK
17:54:21  ✅ Verbunden! MainboardID: 18421c180103147000001c0000000000
17:54:21  📤 Fordere Status nach Verbindung aktiv an (Cmd 0).
17:54:21  📨 Antwort für RequestID d2071492-4a94-4bb9-b34d-cfdfe269d6bf: Cmd=0, Ack=0
17:54:21  ✅ Status nach Verbindung aktualisiert: Maschine=Printing (1), Druck=Unknown (13)
17:54:21  ✅ Reconnect erfolgreich; Status wurde neu eingelesen.
17:54:40  HTTP Request: POST http://localhost:11434/api/chat "HTTP/1.1 200 OK"
17:54:40     ✅ OK
17:54:59  HTTP Request: POST http://localhost:11434/api/chat "HTTP/1.1 200 OK"
17:54:59     ✅ OK
17:55:19  HTTP Request: POST http://localhost:11434/api/chat "HTTP/1.1 200 OK"
17:55:19     ✅ OK
17:55:22  ⚠️  WebSocket-Verbindung unterbrochen (Close-Code=1006, Grund='', Fehler=no close frame received or sent); automatischer Reconnect #256.
17:55:22  🔄 Neuer Verbindungsversuch in 2s...
17:55:24  🔌 Verbinde mit Drucker: ws://10.0.0.63:3030/websocket
17:55:25  ✅ Verbunden! MainboardID: 18421c180103147000001c0000000000
17:55:25  📤 Fordere Status nach Verbindung aktiv an (Cmd 0).
17:55:25  📨 Antwort für RequestID c6a259fc-83dc-4aca-b9a2-bab9ede5367d: Cmd=0, Ack=0
17:55:25  ✅ Status nach Verbindung aktualisiert: Maschine=Printing (1), Druck=Unknown (13)
17:55:25  ✅ Reconnect erfolgreich; Status wurde neu eingelesen.
17:55:38  HTTP Request: POST http://localhost:11434/api/chat "HTTP/1.1 200 OK"
17:55:38     ✅ OK
17:55:48  ❌ Kamera-Fehler: Konnte kein Frame von der Kamera lesen!
17:55:49  🔄 Kamera-Stream wird neu verbunden.
17:55:49  📷 Kamera-Stream geschlossen.
17:55:49  📷 Öffne Kamera-Stream: http://10.0.0.63:3031/video
17:55:49  ✅ Kamera-Stream geöffnet.
17:55:50  ✅ Kamera-Reconnect erfolgreich (Versuch 1/3).
17:55:59  HTTP Request: POST http://localhost:11434/api/chat "HTTP/1.1 200 OK"
17:55:59     ✅ OK
17:56:19  HTTP Request: POST http://localhost:11434/api/chat "HTTP/1.1 200 OK"
17:56:19     ✅ OK
17:56:26  ⚠️  WebSocket-Verbindung unterbrochen (Close-Code=1006, Grund='', Fehler=no close frame received or sent); automatischer Reconnect #257.
17:56:26  🔄 Neuer Verbindungsversuch in 2s...
17:56:28  🔌 Verbinde mit Drucker: ws://10.0.0.63:3030/websocket
17:56:29  ✅ Verbunden! MainboardID: 18421c180103147000001c0000000000
17:56:29  📤 Fordere Status nach Verbindung aktiv an (Cmd 0).
17:56:29  📨 Antwort für RequestID 5e314730-89ee-4c9c-ba2e-f2cd179d2b6c: Cmd=0, Ack=0
17:56:29  ✅ Status nach Verbindung aktualisiert: Maschine=Printing (1), Druck=Unknown (13)
17:56:29  ✅ Reconnect erfolgreich; Status wurde neu eingelesen.
17:56:38  HTTP Request: POST http://localhost:11434/api/chat "HTTP/1.1 200 OK"
17:56:38     ✅ OK
17:56:57  HTTP Request: POST http://localhost:11434/api/chat "HTTP/1.1 200 OK"
17:56:57     ✅ OK
17:57:08  ❌ Kamera-Fehler: Konnte kein Frame von der Kamera lesen!
17:57:09  🔄 Kamera-Stream wird neu verbunden.
17:57:09  📷 Kamera-Stream geschlossen.
17:57:09  📷 Öffne Kamera-Stream: http://10.0.0.63:3031/video
17:57:09  ✅ Kamera-Stream geöffnet.
17:57:09  ✅ Kamera-Reconnect erfolgreich (Versuch 1/3).
17:57:18  HTTP Request: POST http://localhost:11434/api/chat "HTTP/1.1 200 OK"
17:57:18     ✅ OK
17:57:30  ⚠️  WebSocket-Verbindung unterbrochen (Close-Code=1006, Grund='', Fehler=no close frame received or sent); automatischer Reconnect #258.
17:57:30  🔄 Neuer Verbindungsversuch in 2s...
17:57:32  🔌 Verbinde mit Drucker: ws://10.0.0.63:3030/websocket
17:57:33  ✅ Verbunden! MainboardID: 18421c180103147000001c0000000000
17:57:33  📤 Fordere Status nach Verbindung aktiv an (Cmd 0).
17:57:34  📨 Antwort für RequestID 2e1ff9c0-4529-495a-ab0a-54216459ee6f: Cmd=0, Ack=0
17:57:34  ✅ Status nach Verbindung aktualisiert: Maschine=Printing (1), Druck=Unknown (13)
17:57:34  ✅ Reconnect erfolgreich; Status wurde neu eingelesen.
17:57:38  HTTP Request: POST http://localhost:11434/api/chat "HTTP/1.1 200 OK"
17:57:38     ✅ OK
17:57:57  HTTP Request: POST http://localhost:11434/api/chat "HTTP/1.1 200 OK"
17:57:57     ✅ OK
18:12:25  HTTP Request: POST http://localhost:11434/api/chat "HTTP/1.1 200 OK"
18:12:25     ✅ OK
18:12:25  ⚠️  WebSocket-Verbindung unterbrochen (Close-Code=1006, Grund='', Fehler=no close frame received or sent); automatischer Reconnect #259.
18:12:25  🔄 Neuer Verbindungsversuch in 2s...
18:12:27  🔌 Verbinde mit Drucker: ws://10.0.0.63:3030/websocket
18:12:35  ❌ Kamera-Fehler: Konnte kein Frame von der Kamera lesen!
18:12:36  🔄 Kamera-Stream wird neu verbunden.
18:12:36  📷 Kamera-Stream geschlossen.
18:12:36  📷 Öffne Kamera-Stream: http://10.0.0.63:3031/video
18:12:36  ✅ Kamera-Stream geöffnet.
18:12:36  ✅ Kamera-Reconnect erfolgreich (Versuch 1/3).
18:12:43  HTTP Request: POST http://localhost:11434/api/chat "HTTP/1.1 200 OK"
18:12:43     ✅ OK
18:13:00  HTTP Request: POST http://localhost:11434/api/chat "HTTP/1.1 200 OK"
18:13:00     ✅ OK
18:13:17  HTTP Request: POST http://localhost:11434/api/chat "HTTP/1.1 200 OK"
18:13:17     ✅ OK
18:13:34  HTTP Request: POST http://localhost:11434/api/chat "HTTP/1.1 200 OK"
18:13:34     ✅ OK
18:13:51  HTTP Request: POST http://localhost:11434/api/chat "HTTP/1.1 200 OK"
18:13:51     ✅ OK
18:14:08  HTTP Request: POST http://localhost:11434/api/chat "HTTP/1.1 200 OK"
18:14:08     ✅ OK
18:14:25  HTTP Request: POST http://localhost:11434/api/chat "HTTP/1.1 200 OK"
18:14:25     ✅ OK
18:14:35  ❌ Kamera-Fehler: Konnte kein Frame von der Kamera lesen!
18:14:36  🔄 Kamera-Stream wird neu verbunden.
18:14:36  📷 Kamera-Stream geschlossen.
18:14:36  📷 Öffne Kamera-Stream: http://10.0.0.63:3031/video
18:14:36  ✅ Kamera-Stream geöffnet.
18:14:36  ✅ Kamera-Reconnect erfolgreich (Versuch 1/3).
18:14:43  HTTP Request: POST http://localhost:11434/api/chat "HTTP/1.1 200 OK"
18:14:43     ✅ OK
18:15:00  HTTP Request: POST http://localhost:11434/api/chat "HTTP/1.1 200 OK"
18:15:00     ✅ OK
18:15:17  HTTP Request: POST http://localhost:11434/api/chat "HTTP/1.1 200 OK"
18:15:17     ✅ OK
18:15:33  HTTP Request: POST http://localhost:11434/api/chat "HTTP/1.1 200 OK"
18:15:33     ✅ OK
18:15:50  HTTP Request: POST http://localhost:11434/api/chat "HTTP/1.1 200 OK"
18:15:50     ✅ OK
18:16:07  HTTP Request: POST http://localhost:11434/api/chat "HTTP/1.1 200 OK"
18:16:07     ✅ OK
18:16:17  ❌ Kamera-Fehler: Konnte kein Frame von der Kamera lesen!
18:16:18  🔄 Kamera-Stream wird neu verbunden.
18:16:18  📷 Kamera-Stream geschlossen.
18:16:18  📷 Öffne Kamera-Stream: http://10.0.0.63:3031/video
18:16:18  ✅ Kamera-Stream geöffnet.
18:16:18  ✅ Kamera-Reconnect erfolgreich (Versuch 1/3).
18:16:25  HTTP Request: POST http://localhost:11434/api/chat "HTTP/1.1 200 OK"
18:16:25     ✅ OK
18:16:43  HTTP Request: POST http://localhost:11434/api/chat "HTTP/1.1 200 OK"
18:16:43     ✅ OK
18:17:18  HTTP Request: POST http://localhost:11434/api/chat "HTTP/1.1 200 OK"
18:17:18     ✅ OK
18:17:49  HTTP Request: POST http://localhost:11434/api/chat "HTTP/1.1 200 OK"
18:17:49     ✅ OK
18:18:06  HTTP Request: POST http://localhost:11434/api/chat "HTTP/1.1 200 OK"
18:18:06     ✅ OK
18:18:16  ❌ Kamera-Fehler: Konnte kein Frame von der Kamera lesen!
18:18:17  🔄 Kamera-Stream wird neu verbunden.
18:18:17  📷 Kamera-Stream geschlossen.
18:18:17  📷 Öffne Kamera-Stream: http://10.0.0.63:3031/video
18:18:17  ✅ Kamera-Stream geöffnet.
18:18:17  ✅ Kamera-Reconnect erfolgreich (Versuch 1/3).
18:18:24  HTTP Request: POST http://localhost:11434/api/chat "HTTP/1.1 200 OK"
18:18:24     ✅ OK
18:18:41  HTTP Request: POST http://localhost:11434/api/chat "HTTP/1.1 200 OK"
18:18:41     ✅ OK
18:18:58  HTTP Request: POST http://localhost:11434/api/chat "HTTP/1.1 200 OK"
18:18:58     ✅ OK
18:19:15  HTTP Request: POST http://localhost:11434/api/chat "HTTP/1.1 200 OK"
18:19:15     ✅ OK
18:19:32  HTTP Request: POST http://localhost:11434/api/chat "HTTP/1.1 200 OK"
18:19:32     ✅ OK
18:19:42  ❌ Kamera-Fehler: Konnte kein Frame von der Kamera lesen!
18:19:43  🔄 Kamera-Stream wird neu verbunden.
18:19:43  📷 Kamera-Stream geschlossen.
18:19:43  📷 Öffne Kamera-Stream: http://10.0.0.63:3031/video
18:19:44  ✅ Kamera-Stream geöffnet.
18:19:44  ✅ Kamera-Reconnect erfolgreich (Versuch 1/3).
18:19:51  HTTP Request: POST http://localhost:11434/api/chat "HTTP/1.1 200 OK"
18:19:51     ✅ OK
18:20:08  HTTP Request: POST http://localhost:11434/api/chat "HTTP/1.1 200 OK"
18:20:08     ✅ OK
18:20:25  HTTP Request: POST http://localhost:11434/api/chat "HTTP/1.1 200 OK"
18:20:25     ✅ OK
18:20:42  HTTP Request: POST http://localhost:11434/api/chat "HTTP/1.1 200 OK"
18:20:42     ✅ OK
18:20:59  HTTP Request: POST http://localhost:11434/api/chat "HTTP/1.1 200 OK"
18:20:59     ✅ OK
18:21:09  ❌ Kamera-Fehler: Konnte kein Frame von der Kamera lesen!
18:21:10  🔄 Kamera-Stream wird neu verbunden.
18:21:10  📷 Kamera-Stream geschlossen.
18:21:10  📷 Öffne Kamera-Stream: http://10.0.0.63:3031/video
18:21:11  ✅ Kamera-Stream geöffnet.
18:21:11  ✅ Kamera-Reconnect erfolgreich (Versuch 1/3).
18:21:18  HTTP Request: POST http://localhost:11434/api/chat "HTTP/1.1 200 OK"
18:21:18     ✅ OK
18:21:35  HTTP Request: POST http://localhost:11434/api/chat "HTTP/1.1 200 OK"
18:21:35     ✅ OK
18:21:52  HTTP Request: POST http://localhost:11434/api/chat "HTTP/1.1 200 OK"
18:21:52     ✅ OK
18:22:09  HTTP Request: POST http://localhost:11434/api/chat "HTTP/1.1 200 OK"
18:22:09     ✅ OK
18:22:19  ❌ Kamera-Fehler: Konnte kein Frame von der Kamera lesen!
18:22:20  🔄 Kamera-Stream wird neu verbunden.
18:22:20  📷 Kamera-Stream geschlossen.
18:22:20  📷 Öffne Kamera-Stream: http://10.0.0.63:3031/video
18:22:20  ✅ Kamera-Stream geöffnet.
18:22:20  ✅ Kamera-Reconnect erfolgreich (Versuch 1/3).
18:22:28  HTTP Request: POST http://localhost:11434/api/chat "HTTP/1.1 200 OK"
18:22:28     ✅ OK
18:22:45  HTTP Request: POST http://localhost:11434/api/chat "HTTP/1.1 200 OK"
18:22:45     ✅ OK
18:23:02  HTTP Request: POST http://localhost:11434/api/chat "HTTP/1.1 200 OK"
18:23:02     ✅ OK
18:23:19  HTTP Request: POST http://localhost:11434/api/chat "HTTP/1.1 200 OK"
18:23:19     ✅ OK
18:23:29  ❌ Kamera-Fehler: Konnte kein Frame von der Kamera lesen!
18:23:30  🔄 Kamera-Stream wird neu verbunden.
18:23:30  📷 Kamera-Stream geschlossen.
18:23:30  📷 Öffne Kamera-Stream: http://10.0.0.63:3031/video
18:23:30  ✅ Kamera-Stream geöffnet.
18:23:30  ✅ Kamera-Reconnect erfolgreich (Versuch 1/3).
18:23:37  HTTP Request: POST http://localhost:11434/api/chat "HTTP/1.1 200 OK"
18:23:37     ✅ OK
18:23:54  HTTP Request: POST http://localhost:11434/api/chat "HTTP/1.1 200 OK"
18:23:54     ✅ OK
18:24:12  HTTP Request: POST http://localhost:11434/api/chat "HTTP/1.1 200 OK"
18:24:12     ✅ OK
18:24:29  HTTP Request: POST http://localhost:11434/api/chat "HTTP/1.1 200 OK"
18:24:29     ✅ OK
18:24:39  ❌ Kamera-Fehler: Konnte kein Frame von der Kamera lesen!
18:24:40  🔄 Kamera-Stream wird neu verbunden.
18:24:40  📷 Kamera-Stream geschlossen.
18:24:40  📷 Öffne Kamera-Stream: http://10.0.0.63:3031/video
18:24:40  ✅ Kamera-Stream geöffnet.
18:24:40  ✅ Kamera-Reconnect erfolgreich (Versuch 1/3).
18:24:47  HTTP Request: POST http://localhost:11434/api/chat "HTTP/1.1 200 OK"
18:24:47     ✅ OK
18:25:04  HTTP Request: POST http://localhost:11434/api/chat "HTTP/1.1 200 OK"
18:25:04     ✅ OK
18:25:21  HTTP Request: POST http://localhost:11434/api/chat "HTTP/1.1 200 OK"
18:25:21     ✅ OK
18:25:38  HTTP Request: POST http://localhost:11434/api/chat "HTTP/1.1 200 OK"
18:25:38     ✅ OK
18:25:56  HTTP Request: POST http://localhost:11434/api/chat "HTTP/1.1 200 OK"
18:25:56     ✅ OK
18:26:13  HTTP Request: POST http://localhost:11434/api/chat "HTTP/1.1 200 OK"
18:26:13     ✅ OK
18:26:23  ❌ Kamera-Fehler: Konnte kein Frame von der Kamera lesen!
18:26:24  🔄 Kamera-Stream wird neu verbunden.
18:26:24  📷 Kamera-Stream geschlossen.
18:26:24  📷 Öffne Kamera-Stream: http://10.0.0.63:3031/video
18:26:24  ✅ Kamera-Stream geöffnet.
18:26:24  ✅ Kamera-Reconnect erfolgreich (Versuch 1/3).
18:26:31  HTTP Request: POST http://localhost:11434/api/chat "HTTP/1.1 200 OK"
18:26:31     ✅ OK
18:26:48  HTTP Request: POST http://localhost:11434/api/chat "HTTP/1.1 200 OK"
18:26:48     ✅ OK
18:27:05  HTTP Request: POST http://localhost:11434/api/chat "HTTP/1.1 200 OK"
18:27:05     ✅ OK
18:27:22  HTTP Request: POST http://localhost:11434/api/chat "HTTP/1.1 200 OK"
18:27:22     ✅ OK
18:27:32  ❌ Kamera-Fehler: Konnte kein Frame von der Kamera lesen!
18:27:33  🔄 Kamera-Stream wird neu verbunden.
18:27:33  📷 Kamera-Stream geschlossen.
18:27:33  📷 Öffne Kamera-Stream: http://10.0.0.63:3031/video
18:27:33  ✅ Kamera-Stream geöffnet.
18:27:34  ✅ Kamera-Reconnect erfolgreich (Versuch 1/3).
18:27:41  HTTP Request: POST http://localhost:11434/api/chat "HTTP/1.1 200 OK"
18:27:41     ✅ OK
18:27:58  HTTP Request: POST http://localhost:11434/api/chat "HTTP/1.1 200 OK"
18:27:58     ✅ OK
18:28:15  HTTP Request: POST http://localhost:11434/api/chat "HTTP/1.1 200 OK"
18:28:15     ✅ OK
18:28:32  HTTP Request: POST http://localhost:11434/api/chat "HTTP/1.1 200 OK"
18:28:32     ✅ OK
18:28:42  ❌ Kamera-Fehler: Konnte kein Frame von der Kamera lesen!
18:28:43  🔄 Kamera-Stream wird neu verbunden.
18:28:43  📷 Kamera-Stream geschlossen.
18:28:43  📷 Öffne Kamera-Stream: http://10.0.0.63:3031/video
18:28:43  ✅ Kamera-Stream geöffnet.
18:28:43  ✅ Kamera-Reconnect erfolgreich (Versuch 1/3).
18:28:51  HTTP Request: POST http://localhost:11434/api/chat "HTTP/1.1 200 OK"
18:28:51     ✅ OK
18:29:08  HTTP Request: POST http://localhost:11434/api/chat "HTTP/1.1 200 OK"
18:29:08     ✅ OK
18:29:25  HTTP Request: POST http://localhost:11434/api/chat "HTTP/1.1 200 OK"
18:29:25     ✅ OK
18:29:42  HTTP Request: POST http://localhost:11434/api/chat "HTTP/1.1 200 OK"
18:29:42     ✅ OK
18:29:52  ❌ Kamera-Fehler: Konnte kein Frame von der Kamera lesen!
18:29:53  🔄 Kamera-Stream wird neu verbunden.
18:29:53  📷 Kamera-Stream geschlossen.
18:29:53  📷 Öffne Kamera-Stream: http://10.0.0.63:3031/video
18:29:53  ✅ Kamera-Stream geöffnet.
18:29:53  ✅ Kamera-Reconnect erfolgreich (Versuch 1/3).
18:30:00  HTTP Request: POST http://localhost:11434/api/chat "HTTP/1.1 200 OK"
18:30:00     ✅ OK
18:30:17  HTTP Request: POST http://localhost:11434/api/chat "HTTP/1.1 200 OK"
18:30:17     ✅ OK
18:30:34  HTTP Request: POST http://localhost:11434/api/chat "HTTP/1.1 200 OK"
18:30:34     ✅ OK
18:30:51  HTTP Request: POST http://localhost:11434/api/chat "HTTP/1.1 200 OK"
18:30:51     ✅ OK
18:31:01  ❌ Kamera-Fehler: Konnte kein Frame von der Kamera lesen!
18:31:02  🔄 Kamera-Stream wird neu verbunden.
18:31:02  📷 Kamera-Stream geschlossen.
18:31:02  📷 Öffne Kamera-Stream: http://10.0.0.63:3031/video
18:31:02  ✅ Kamera-Stream geöffnet.
18:31:03  ✅ Kamera-Reconnect erfolgreich (Versuch 1/3).
18:31:10  HTTP Request: POST http://localhost:11434/api/chat "HTTP/1.1 200 OK"
18:31:10     ✅ OK
18:31:27  HTTP Request: POST http://localhost:11434/api/chat "HTTP/1.1 200 OK"
18:31:27     ✅ OK
18:31:44  HTTP Request: POST http://localhost:11434/api/chat "HTTP/1.1 200 OK"
18:31:44     ✅ OK
18:32:01  HTTP Request: POST http://localhost:11434/api/chat "HTTP/1.1 200 OK"
18:32:01     ✅ OK
18:32:11  ❌ Kamera-Fehler: Konnte kein Frame von der Kamera lesen!
18:32:12  🔄 Kamera-Stream wird neu verbunden.
18:32:12  📷 Kamera-Stream geschlossen.
18:32:12  📷 Öffne Kamera-Stream: http://10.0.0.63:3031/video
18:32:12  ✅ Kamera-Stream geöffnet.
18:32:12  ✅ Kamera-Reconnect erfolgreich (Versuch 1/3).
18:32:19  HTTP Request: POST http://localhost:11434/api/chat "HTTP/1.1 200 OK"
18:32:19     ✅ OK
18:32:36  HTTP Request: POST http://localhost:11434/api/chat "HTTP/1.1 200 OK"
18:32:36     ✅ OK
18:32:54  HTTP Request: POST http://localhost:11434/api/chat "HTTP/1.1 200 OK"
18:32:54     ✅ OK
18:33:11  HTTP Request: POST http://localhost:11434/api/chat "HTTP/1.1 200 OK"
18:33:11     ✅ OK
18:33:28  HTTP Request: POST http://localhost:11434/api/chat "HTTP/1.1 200 OK"
18:33:28     ✅ OK
18:33:38  ❌ Kamera-Fehler: Konnte kein Frame von der Kamera lesen!
18:33:39  🔄 Kamera-Stream wird neu verbunden.
18:33:39  📷 Kamera-Stream geschlossen.
18:33:39  📷 Öffne Kamera-Stream: http://10.0.0.63:3031/video
18:33:39  ✅ Kamera-Stream geöffnet.
18:33:39  ✅ Kamera-Reconnect erfolgreich (Versuch 1/3).
18:33:46  HTTP Request: POST http://localhost:11434/api/chat "HTTP/1.1 200 OK"
18:33:46     ✅ OK
18:34:03  HTTP Request: POST http://localhost:11434/api/chat "HTTP/1.1 200 OK"
18:34:03     ✅ OK
18:34:20  HTTP Request: POST http://localhost:11434/api/chat "HTTP/1.1 200 OK"
18:34:20     ✅ OK
18:34:37  HTTP Request: POST http://localhost:11434/api/chat "HTTP/1.1 200 OK"
18:34:37     ✅ OK
18:34:55  HTTP Request: POST http://localhost:11434/api/chat "HTTP/1.1 200 OK"
18:34:55     ✅ OK
18:35:05  ❌ Kamera-Fehler: Konnte kein Frame von der Kamera lesen!
18:35:06  🔄 Kamera-Stream wird neu verbunden.
18:35:06  📷 Kamera-Stream geschlossen.
18:35:06  📷 Öffne Kamera-Stream: http://10.0.0.63:3031/video
18:35:06  ✅ Kamera-Stream geöffnet.
18:35:06  ✅ Kamera-Reconnect erfolgreich (Versuch 1/3).
18:35:13  HTTP Request: POST http://localhost:11434/api/chat "HTTP/1.1 200 OK"
18:35:13     ✅ OK
18:35:30  HTTP Request: POST http://localhost:11434/api/chat "HTTP/1.1 200 OK"
18:35:30     ✅ OK
18:35:47  HTTP Request: POST http://localhost:11434/api/chat "HTTP/1.1 200 OK"
18:35:47     ✅ OK
18:36:04  HTTP Request: POST http://localhost:11434/api/chat "HTTP/1.1 200 OK"
18:36:04     ✅ OK
18:36:21  HTTP Request: POST http://localhost:11434/api/chat "HTTP/1.1 200 OK"
18:36:21     ✅ OK
18:36:31  ❌ Kamera-Fehler: Konnte kein Frame von der Kamera lesen!
18:36:32  🔄 Kamera-Stream wird neu verbunden.
18:36:32  📷 Kamera-Stream geschlossen.
18:36:32  📷 Öffne Kamera-Stream: http://10.0.0.63:3031/video
18:36:32  ✅ Kamera-Stream geöffnet.
18:36:33  ✅ Kamera-Reconnect erfolgreich (Versuch 1/3).
18:36:40  HTTP Request: POST http://localhost:11434/api/chat "HTTP/1.1 200 OK"
18:36:40     ✅ OK
18:36:57  HTTP Request: POST http://localhost:11434/api/chat "HTTP/1.1 200 OK"
18:36:57     ✅ OK
18:37:14  HTTP Request: POST http://localhost:11434/api/chat "HTTP/1.1 200 OK"
18:37:14     ✅ OK
18:37:31  HTTP Request: POST http://localhost:11434/api/chat "HTTP/1.1 200 OK"
18:37:31     ✅ OK
18:37:48  HTTP Request: POST http://localhost:11434/api/chat "HTTP/1.1 200 OK"
18:37:48     ✅ OK
18:37:58  ❌ Kamera-Fehler: Konnte kein Frame von der Kamera lesen!
18:37:59  🔄 Kamera-Stream wird neu verbunden.
18:37:59  📷 Kamera-Stream geschlossen.
18:37:59  📷 Öffne Kamera-Stream: http://10.0.0.63:3031/video
18:38:00  ✅ Kamera-Stream geöffnet.
18:38:00  ✅ Kamera-Reconnect erfolgreich (Versuch 1/3).
18:38:07  HTTP Request: POST http://localhost:11434/api/chat "HTTP/1.1 200 OK"
18:38:07     ✅ OK
18:38:24  HTTP Request: POST http://localhost:11434/api/chat "HTTP/1.1 200 OK"
18:38:24     ✅ OK
18:38:41  HTTP Request: POST http://localhost:11434/api/chat "HTTP/1.1 200 OK"
18:38:41     ✅ OK
18:38:58  HTTP Request: POST http://localhost:11434/api/chat "HTTP/1.1 200 OK"
18:38:58     ✅ OK
18:39:15  HTTP Request: POST http://localhost:11434/api/chat "HTTP/1.1 200 OK"
18:39:15     ✅ OK
18:39:25  ❌ Kamera-Fehler: Konnte kein Frame von der Kamera lesen!
18:39:26  🔄 Kamera-Stream wird neu verbunden.
18:39:26  📷 Kamera-Stream geschlossen.
18:39:26  📷 Öffne Kamera-Stream: http://10.0.0.63:3031/video
18:39:26  ✅ Kamera-Stream geöffnet.
18:39:26  ✅ Kamera-Reconnect erfolgreich (Versuch 1/3).
18:39:34  HTTP Request: POST http://localhost:11434/api/chat "HTTP/1.1 200 OK"
18:39:34     ✅ OK
18:39:51  HTTP Request: POST http://localhost:11434/api/chat "HTTP/1.1 200 OK"
18:39:51     ✅ OK
18:40:08  HTTP Request: POST http://localhost:11434/api/chat "HTTP/1.1 200 OK"
18:40:08     ✅ OK
18:40:25  HTTP Request: POST http://localhost:11434/api/chat "HTTP/1.1 200 OK"
18:40:25     ✅ OK
18:40:35  ❌ Kamera-Fehler: Konnte kein Frame von der Kamera lesen!
18:40:36  🔄 Kamera-Stream wird neu verbunden.
18:40:36  📷 Kamera-Stream geschlossen.
18:40:36  📷 Öffne Kamera-Stream: http://10.0.0.63:3031/video
18:40:36  ✅ Kamera-Stream geöffnet.
18:40:36  ✅ Kamera-Reconnect erfolgreich (Versuch 1/3).
18:40:43  HTTP Request: POST http://localhost:11434/api/chat "HTTP/1.1 200 OK"
18:40:43     ✅ OK
18:41:00  HTTP Request: POST http://localhost:11434/api/chat "HTTP/1.1 200 OK"
18:41:00     ✅ OK
18:41:18  HTTP Request: POST http://localhost:11434/api/chat "HTTP/1.1 200 OK"
18:41:18     ✅ OK
18:41:35  HTTP Request: POST http://localhost:11434/api/chat "HTTP/1.1 200 OK"
18:41:35     ✅ OK
18:41:45  ❌ Kamera-Fehler: Konnte kein Frame von der Kamera lesen!
18:41:46  🔄 Kamera-Stream wird neu verbunden.
18:41:46  📷 Kamera-Stream geschlossen.
18:41:46  📷 Öffne Kamera-Stream: http://10.0.0.63:3031/video
18:41:46  ✅ Kamera-Stream geöffnet.
18:41:46  ✅ Kamera-Reconnect erfolgreich (Versuch 1/3).
18:41:53  HTTP Request: POST http://localhost:11434/api/chat "HTTP/1.1 200 OK"
18:41:53     ✅ OK
18:42:10  HTTP Request: POST http://localhost:11434/api/chat "HTTP/1.1 200 OK"
18:42:10     ✅ OK
18:42:27  HTTP Request: POST http://localhost:11434/api/chat "HTTP/1.1 200 OK"
18:42:27     ✅ OK
18:42:44  HTTP Request: POST http://localhost:11434/api/chat "HTTP/1.1 200 OK"
18:42:44     ✅ OK
18:42:54  ❌ Kamera-Fehler: Konnte kein Frame von der Kamera lesen!
18:42:55  🔄 Kamera-Stream wird neu verbunden.
18:42:55  📷 Kamera-Stream geschlossen.
18:42:55  📷 Öffne Kamera-Stream: http://10.0.0.63:3031/video
18:42:55  ✅ Kamera-Stream geöffnet.
18:42:56  ✅ Kamera-Reconnect erfolgreich (Versuch 1/3).
18:43:03  HTTP Request: POST http://localhost:11434/api/chat "HTTP/1.1 200 OK"
18:43:03     ✅ OK
18:43:20  HTTP Request: POST http://localhost:11434/api/chat "HTTP/1.1 200 OK"
18:43:20     ✅ OK
18:43:37  HTTP Request: POST http://localhost:11434/api/chat "HTTP/1.1 200 OK"
18:43:37     ✅ OK
18:43:54  HTTP Request: POST http://localhost:11434/api/chat "HTTP/1.1 200 OK"
18:43:54     ✅ OK
18:44:04  ❌ Kamera-Fehler: Konnte kein Frame von der Kamera lesen!
18:44:05  🔄 Kamera-Stream wird neu verbunden.
18:44:05  📷 Kamera-Stream geschlossen.
18:44:05  📷 Öffne Kamera-Stream: http://10.0.0.63:3031/video
18:44:05  ✅ Kamera-Stream geöffnet.
18:44:05  ✅ Kamera-Reconnect erfolgreich (Versuch 1/3).
18:44:12  HTTP Request: POST http://localhost:11434/api/chat "HTTP/1.1 200 OK"
18:44:12     ✅ OK
18:44:29  HTTP Request: POST http://localhost:11434/api/chat "HTTP/1.1 200 OK"
18:44:29     ✅ OK
18:44:47  HTTP Request: POST http://localhost:11434/api/chat "HTTP/1.1 200 OK"
18:44:47     ✅ OK
18:45:04  HTTP Request: POST http://localhost:11434/api/chat "HTTP/1.1 200 OK"
18:45:04     ✅ OK
18:45:21  HTTP Request: POST http://localhost:11434/api/chat "HTTP/1.1 200 OK"
18:45:21     ✅ OK
18:45:31  ❌ Kamera-Fehler: Konnte kein Frame von der Kamera lesen!
18:45:32  🔄 Kamera-Stream wird neu verbunden.
18:45:32  📷 Kamera-Stream geschlossen.
18:45:32  📷 Öffne Kamera-Stream: http://10.0.0.63:3031/video
18:45:32  ✅ Kamera-Stream geöffnet.
18:45:32  ✅ Kamera-Reconnect erfolgreich (Versuch 1/3).
18:45:39  HTTP Request: POST http://localhost:11434/api/chat "HTTP/1.1 200 OK"
18:45:39     ✅ OK
18:45:56  HTTP Request: POST http://localhost:11434/api/chat "HTTP/1.1 200 OK"
18:45:56     ✅ OK
18:46:13  HTTP Request: POST http://localhost:11434/api/chat "HTTP/1.1 200 OK"
18:46:13     ✅ OK
18:46:30  HTTP Request: POST http://localhost:11434/api/chat "HTTP/1.1 200 OK"
18:46:30     ✅ OK
18:46:40  ❌ Kamera-Fehler: Konnte kein Frame von der Kamera lesen!
18:46:41  🔄 Kamera-Stream wird neu verbunden.
18:46:41  📷 Kamera-Stream geschlossen.
18:46:41  📷 Öffne Kamera-Stream: http://10.0.0.63:3031/video
18:46:42  ✅ Kamera-Stream geöffnet.
18:46:42  ✅ Kamera-Reconnect erfolgreich (Versuch 1/3).
18:46:49  HTTP Request: POST http://localhost:11434/api/chat "HTTP/1.1 200 OK"
18:46:49     ✅ OK
18:47:06  HTTP Request: POST http://localhost:11434/api/chat "HTTP/1.1 200 OK"
18:47:06     ✅ OK
18:47:23  HTTP Request: POST http://localhost:11434/api/chat "HTTP/1.1 200 OK"
18:47:23     ✅ OK
18:47:40  HTTP Request: POST http://localhost:11434/api/chat "HTTP/1.1 200 OK"
18:47:40     ✅ OK
18:47:50  ❌ Kamera-Fehler: Konnte kein Frame von der Kamera lesen!
18:47:51  🔄 Kamera-Stream wird neu verbunden.
18:47:51  📷 Kamera-Stream geschlossen.
18:47:51  📷 Öffne Kamera-Stream: http://10.0.0.63:3031/video
18:47:51  ✅ Kamera-Stream geöffnet.
18:47:51  ✅ Kamera-Reconnect erfolgreich (Versuch 1/3).
18:47:58  HTTP Request: POST http://localhost:11434/api/chat "HTTP/1.1 200 OK"
18:47:58     ✅ OK
18:48:15  HTTP Request: POST http://localhost:11434/api/chat "HTTP/1.1 200 OK"
18:48:15     ✅ OK
18:48:33  HTTP Request: POST http://localhost:11434/api/chat "HTTP/1.1 200 OK"
18:48:33     ✅ OK
18:48:50  HTTP Request: POST http://localhost:11434/api/chat "HTTP/1.1 200 OK"
18:48:50     ✅ OK
18:49:00  ❌ Kamera-Fehler: Konnte kein Frame von der Kamera lesen!
18:49:01  🔄 Kamera-Stream wird neu verbunden.
18:49:01  📷 Kamera-Stream geschlossen.
18:49:01  📷 Öffne Kamera-Stream: http://10.0.0.63:3031/video
18:49:01  ✅ Kamera-Stream geöffnet.
18:49:01  ✅ Kamera-Reconnect erfolgreich (Versuch 1/3).
18:49:08  HTTP Request: POST http://localhost:11434/api/chat "HTTP/1.1 200 OK"
18:49:08     ✅ OK
18:49:25  HTTP Request: POST http://localhost:11434/api/chat "HTTP/1.1 200 OK"
18:49:25     ✅ OK
18:49:42  HTTP Request: POST http://localhost:11434/api/chat "HTTP/1.1 200 OK"
18:49:42     ✅ OK
18:49:59  HTTP Request: POST http://localhost:11434/api/chat "HTTP/1.1 200 OK"
18:49:59     ✅ OK
18:50:09  ❌ Kamera-Fehler: Konnte kein Frame von der Kamera lesen!
18:50:10  🔄 Kamera-Stream wird neu verbunden.
18:50:10  📷 Kamera-Stream geschlossen.
18:50:10  📷 Öffne Kamera-Stream: http://10.0.0.63:3031/video
18:50:10  ✅ Kamera-Stream geöffnet.
18:50:11  ✅ Kamera-Reconnect erfolgreich (Versuch 1/3).
18:50:18  HTTP Request: POST http://localhost:11434/api/chat "HTTP/1.1 200 OK"
18:50:18     ✅ OK
18:50:35  HTTP Request: POST http://localhost:11434/api/chat "HTTP/1.1 200 OK"
18:50:35     ✅ OK
18:50:52  HTTP Request: POST http://localhost:11434/api/chat "HTTP/1.1 200 OK"
18:50:52     ✅ OK
18:51:09  HTTP Request: POST http://localhost:11434/api/chat "HTTP/1.1 200 OK"
18:51:09     ✅ OK
18:51:19  ❌ Kamera-Fehler: Konnte kein Frame von der Kamera lesen!
18:51:20  🔄 Kamera-Stream wird neu verbunden.
18:51:20  📷 Kamera-Stream geschlossen.
18:51:20  📷 Öffne Kamera-Stream: http://10.0.0.63:3031/video
18:51:20  ✅ Kamera-Stream geöffnet.
18:51:20  ✅ Kamera-Reconnect erfolgreich (Versuch 1/3).
18:51:27  HTTP Request: POST http://localhost:11434/api/chat "HTTP/1.1 200 OK"
18:51:27     ✅ OK
18:51:45  HTTP Request: POST http://localhost:11434/api/chat "HTTP/1.1 200 OK"
18:51:45     ✅ OK
18:52:02  HTTP Request: POST http://localhost:11434/api/chat "HTTP/1.1 200 OK"
18:52:02     ✅ OK
18:52:19  HTTP Request: POST http://localhost:11434/api/chat "HTTP/1.1 200 OK"
18:52:19     ✅ OK
18:52:29  ❌ Kamera-Fehler: Konnte kein Frame von der Kamera lesen!
18:52:30  🔄 Kamera-Stream wird neu verbunden.
18:52:30  📷 Kamera-Stream geschlossen.
18:52:30  📷 Öffne Kamera-Stream: http://10.0.0.63:3031/video
18:52:30  ✅ Kamera-Stream geöffnet.
18:52:30  ✅ Kamera-Reconnect erfolgreich (Versuch 1/3).
18:52:37  HTTP Request: POST http://localhost:11434/api/chat "HTTP/1.1 200 OK"
18:52:37     ✅ OK
18:52:54  HTTP Request: POST http://localhost:11434/api/chat "HTTP/1.1 200 OK"
18:52:54     ✅ OK
18:53:11  HTTP Request: POST http://localhost:11434/api/chat "HTTP/1.1 200 OK"
18:53:11     ✅ OK
18:53:29  HTTP Request: POST http://localhost:11434/api/chat "HTTP/1.1 200 OK"
18:53:29     ✅ OK
18:53:39  ❌ Kamera-Fehler: Konnte kein Frame von der Kamera lesen!
18:53:40  🔄 Kamera-Stream wird neu verbunden.
18:53:40  📷 Kamera-Stream geschlossen.
18:53:40  📷 Öffne Kamera-Stream: http://10.0.0.63:3031/video
18:53:40  ✅ Kamera-Stream geöffnet.
18:53:40  ✅ Kamera-Reconnect erfolgreich (Versuch 1/3).
18:53:47  HTTP Request: POST http://localhost:11434/api/chat "HTTP/1.1 200 OK"
18:53:47     ✅ OK
18:54:04  HTTP Request: POST http://localhost:11434/api/chat "HTTP/1.1 200 OK"
18:54:04     ✅ OK
18:54:21  HTTP Request: POST http://localhost:11434/api/chat "HTTP/1.1 200 OK"
18:54:21     ✅ OK
18:54:38  HTTP Request: POST http://localhost:11434/api/chat "HTTP/1.1 200 OK"
18:54:38     ✅ OK
18:54:55  HTTP Request: POST http://localhost:11434/api/chat "HTTP/1.1 200 OK"
18:54:55     ✅ OK
18:55:05  ❌ Kamera-Fehler: Konnte kein Frame von der Kamera lesen!
18:55:06  🔄 Kamera-Stream wird neu verbunden.
18:55:06  📷 Kamera-Stream geschlossen.
18:55:06  📷 Öffne Kamera-Stream: http://10.0.0.63:3031/video
18:55:07  ✅ Kamera-Stream geöffnet.
18:55:07  ✅ Kamera-Reconnect erfolgreich (Versuch 1/3).
18:55:14  HTTP Request: POST http://localhost:11434/api/chat "HTTP/1.1 200 OK"
18:55:14     ✅ OK
18:55:31  HTTP Request: POST http://localhost:11434/api/chat "HTTP/1.1 200 OK"
18:55:31     ✅ OK
18:55:48  HTTP Request: POST http://localhost:11434/api/chat "HTTP/1.1 200 OK"
18:55:48     ✅ OK
18:56:05  HTTP Request: POST http://localhost:11434/api/chat "HTTP/1.1 200 OK"
18:56:05     ✅ OK
18:56:15  ❌ Kamera-Fehler: Konnte kein Frame von der Kamera lesen!
18:56:16  🔄 Kamera-Stream wird neu verbunden.
18:56:16  📷 Kamera-Stream geschlossen.
18:56:16  📷 Öffne Kamera-Stream: http://10.0.0.63:3031/video
18:56:16  ✅ Kamera-Stream geöffnet.
18:56:16  ✅ Kamera-Reconnect erfolgreich (Versuch 1/3).
18:56:23  HTTP Request: POST http://localhost:11434/api/chat "HTTP/1.1 200 OK"
18:56:23     ✅ OK
18:56:41  HTTP Request: POST http://localhost:11434/api/chat "HTTP/1.1 200 OK"
18:56:41     ✅ OK
18:56:58  HTTP Request: POST http://localhost:11434/api/chat "HTTP/1.1 200 OK"
18:56:58     ✅ OK
18:57:15  HTTP Request: POST http://localhost:11434/api/chat "HTTP/1.1 200 OK"
18:57:15     ✅ OK
18:57:25  ❌ Kamera-Fehler: Konnte kein Frame von der Kamera lesen!
18:57:26  🔄 Kamera-Stream wird neu verbunden.
18:57:26  📷 Kamera-Stream geschlossen.
18:57:26  📷 Öffne Kamera-Stream: http://10.0.0.63:3031/video
18:57:26  ✅ Kamera-Stream geöffnet.
18:57:26  ✅ Kamera-Reconnect erfolgreich (Versuch 1/3).
18:57:33  HTTP Request: POST http://localhost:11434/api/chat "HTTP/1.1 200 OK"
18:57:33     ✅ OK
18:57:50  HTTP Request: POST http://localhost:11434/api/chat "HTTP/1.1 200 OK"
18:57:50     ✅ OK
18:58:07  HTTP Request: POST http://localhost:11434/api/chat "HTTP/1.1 200 OK"
18:58:07     ✅ OK
18:58:24  HTTP Request: POST http://localhost:11434/api/chat "HTTP/1.1 200 OK"
18:58:24     ✅ OK
18:58:34  ❌ Kamera-Fehler: Konnte kein Frame von der Kamera lesen!
18:58:35  🔄 Kamera-Stream wird neu verbunden.
18:58:35  📷 Kamera-Stream geschlossen.
18:58:35  📷 Öffne Kamera-Stream: http://10.0.0.63:3031/video
18:58:36  ✅ Kamera-Stream geöffnet.
18:58:36  ✅ Kamera-Reconnect erfolgreich (Versuch 1/3).
18:58:43  HTTP Request: POST http://localhost:11434/api/chat "HTTP/1.1 200 OK"
18:58:43     ✅ OK
18:59:00  HTTP Request: POST http://localhost:11434/api/chat "HTTP/1.1 200 OK"
18:59:00     ✅ OK
18:59:17  HTTP Request: POST http://localhost:11434/api/chat "HTTP/1.1 200 OK"
18:59:17     ✅ OK
18:59:34  HTTP Request: POST http://localhost:11434/api/chat "HTTP/1.1 200 OK"
18:59:34     ✅ OK
18:59:51  HTTP Request: POST http://localhost:11434/api/chat "HTTP/1.1 200 OK"
18:59:51     ✅ OK
19:00:01  ❌ Kamera-Fehler: Konnte kein Frame von der Kamera lesen!
19:00:02  🔄 Kamera-Stream wird neu verbunden.
19:00:02  📷 Kamera-Stream geschlossen.
19:00:02  📷 Öffne Kamera-Stream: http://10.0.0.63:3031/video
19:00:02  ✅ Kamera-Stream geöffnet.
19:00:03  ✅ Kamera-Reconnect erfolgreich (Versuch 1/3).
19:00:10  HTTP Request: POST http://localhost:11434/api/chat "HTTP/1.1 200 OK"
19:00:10     ✅ OK
19:00:27  HTTP Request: POST http://localhost:11434/api/chat "HTTP/1.1 200 OK"
19:00:27     ✅ OK
19:00:44  HTTP Request: POST http://localhost:11434/api/chat "HTTP/1.1 200 OK"
19:00:44     ✅ OK
19:01:01  HTTP Request: POST http://localhost:11434/api/chat "HTTP/1.1 200 OK"
19:01:01     ✅ OK
19:01:11  ❌ Kamera-Fehler: Konnte kein Frame von der Kamera lesen!
19:01:12  🔄 Kamera-Stream wird neu verbunden.
19:01:12  📷 Kamera-Stream geschlossen.
19:01:12  📷 Öffne Kamera-Stream: http://10.0.0.63:3031/video
19:01:12  ✅ Kamera-Stream geöffnet.
19:01:12  ✅ Kamera-Reconnect erfolgreich (Versuch 1/3).
19:01:19  HTTP Request: POST http://localhost:11434/api/chat "HTTP/1.1 200 OK"
19:01:19     ✅ OK
19:01:36  HTTP Request: POST http://localhost:11434/api/chat "HTTP/1.1 200 OK"
19:01:36     ✅ OK
19:01:52  HTTP Request: POST http://localhost:11434/api/chat "HTTP/1.1 200 OK"
19:01:52     ✅ OK
19:02:09  HTTP Request: POST http://localhost:11434/api/chat "HTTP/1.1 200 OK"
19:02:09     ✅ OK
19:02:19  ❌ Kamera-Fehler: Konnte kein Frame von der Kamera lesen!
19:02:20  🔄 Kamera-Stream wird neu verbunden.
19:02:20  📷 Kamera-Stream geschlossen.
19:02:20  📷 Öffne Kamera-Stream: http://10.0.0.63:3031/video
19:02:20  ✅ Kamera-Stream geöffnet.
19:02:21  ✅ Kamera-Reconnect erfolgreich (Versuch 1/3).
19:02:27  HTTP Request: POST http://localhost:11434/api/chat "HTTP/1.1 200 OK"
19:02:27     ✅ OK
19:02:44  HTTP Request: POST http://localhost:11434/api/chat "HTTP/1.1 200 OK"
19:02:44     ✅ OK
19:03:01  HTTP Request: POST http://localhost:11434/api/chat "HTTP/1.1 200 OK"
19:03:01     ✅ OK
19:03:18  HTTP Request: POST http://localhost:11434/api/chat "HTTP/1.1 200 OK"
19:03:18     ✅ OK
19:03:35  HTTP Request: POST http://localhost:11434/api/chat "HTTP/1.1 200 OK"
19:03:35     ✅ OK
19:03:45  ❌ Kamera-Fehler: Konnte kein Frame von der Kamera lesen!
19:03:46  🔄 Kamera-Stream wird neu verbunden.
19:03:46  📷 Kamera-Stream geschlossen.
19:03:46  📷 Öffne Kamera-Stream: http://10.0.0.63:3031/video
19:03:46  ✅ Kamera-Stream geöffnet.
19:03:46  ✅ Kamera-Reconnect erfolgreich (Versuch 1/3).
19:03:53  HTTP Request: POST http://localhost:11434/api/chat "HTTP/1.1 200 OK"
19:03:53     ✅ OK
19:04:09  HTTP Request: POST http://localhost:11434/api/chat "HTTP/1.1 200 OK"
19:04:09     ✅ OK
19:04:26  HTTP Request: POST http://localhost:11434/api/chat "HTTP/1.1 200 OK"
19:04:26     ✅ OK
19:04:43  HTTP Request: POST http://localhost:11434/api/chat "HTTP/1.1 200 OK"
19:04:43     ✅ OK
19:04:53  ❌ Kamera-Fehler: Konnte kein Frame von der Kamera lesen!
19:04:54  🔄 Kamera-Stream wird neu verbunden.
19:04:54  📷 Kamera-Stream geschlossen.
19:04:54  📷 Öffne Kamera-Stream: http://10.0.0.63:3031/video
19:04:54  ✅ Kamera-Stream geöffnet.
19:04:54  ✅ Kamera-Reconnect erfolgreich (Versuch 1/3).
19:05:01  HTTP Request: POST http://localhost:11434/api/chat "HTTP/1.1 200 OK"
19:05:01     ✅ OK
19:05:18  HTTP Request: POST http://localhost:11434/api/chat "HTTP/1.1 200 OK"
19:05:18     ✅ OK
19:05:35  HTTP Request: POST http://localhost:11434/api/chat "HTTP/1.1 200 OK"
19:05:35     ✅ OK
19:05:51  HTTP Request: POST http://localhost:11434/api/chat "HTTP/1.1 200 OK"
19:05:51     ✅ OK
19:06:01  ❌ Kamera-Fehler: Konnte kein Frame von der Kamera lesen!
19:06:02  🔄 Kamera-Stream wird neu verbunden.
19:06:02  📷 Kamera-Stream geschlossen.
19:06:02  📷 Öffne Kamera-Stream: http://10.0.0.63:3031/video
19:06:03  ✅ Kamera-Stream geöffnet.
19:06:03  ✅ Kamera-Reconnect erfolgreich (Versuch 1/3).
19:06:09  HTTP Request: POST http://localhost:11434/api/chat "HTTP/1.1 200 OK"
19:06:09     ✅ OK
19:06:26  HTTP Request: POST http://localhost:11434/api/chat "HTTP/1.1 200 OK"
19:06:26     ✅ OK
19:06:43  HTTP Request: POST http://localhost:11434/api/chat "HTTP/1.1 200 OK"
19:06:43     ✅ OK
19:07:00  HTTP Request: POST http://localhost:11434/api/chat "HTTP/1.1 200 OK"
19:07:00     ✅ OK
19:07:10  ❌ Kamera-Fehler: Konnte kein Frame von der Kamera lesen!
19:07:11  🔄 Kamera-Stream wird neu verbunden.
19:07:11  📷 Kamera-Stream geschlossen.
19:07:11  📷 Öffne Kamera-Stream: http://10.0.0.63:3031/video
19:07:11  ✅ Kamera-Stream geöffnet.
19:07:11  ✅ Kamera-Reconnect erfolgreich (Versuch 1/3).
19:07:18  HTTP Request: POST http://localhost:11434/api/chat "HTTP/1.1 200 OK"
19:07:18     ✅ OK
19:07:35  HTTP Request: POST http://localhost:11434/api/chat "HTTP/1.1 200 OK"
19:07:35     ✅ OK
19:07:51  HTTP Request: POST http://localhost:11434/api/chat "HTTP/1.1 200 OK"
19:07:51     ✅ OK
19:08:08  HTTP Request: POST http://localhost:11434/api/chat "HTTP/1.1 200 OK"
19:08:08     ✅ OK
19:08:25  HTTP Request: POST http://localhost:11434/api/chat "HTTP/1.1 200 OK"
19:08:25     ✅ OK
19:08:35  ❌ Kamera-Fehler: Konnte kein Frame von der Kamera lesen!
19:08:36  🔄 Kamera-Stream wird neu verbunden.
19:08:36  📷 Kamera-Stream geschlossen.
19:08:36  📷 Öffne Kamera-Stream: http://10.0.0.63:3031/video
19:08:36  ✅ Kamera-Stream geöffnet.
19:08:36  ✅ Kamera-Reconnect erfolgreich (Versuch 1/3).
19:08:43  HTTP Request: POST http://localhost:11434/api/chat "HTTP/1.1 200 OK"
19:08:43     ✅ OK
19:09:00  HTTP Request: POST http://localhost:11434/api/chat "HTTP/1.1 200 OK"
19:09:00     ✅ OK
19:09:17  HTTP Request: POST http://localhost:11434/api/chat "HTTP/1.1 200 OK"
19:09:17     ✅ OK
19:09:33  HTTP Request: POST http://localhost:11434/api/chat "HTTP/1.1 200 OK"
19:09:33     ✅ OK
19:09:43  ❌ Kamera-Fehler: Konnte kein Frame von der Kamera lesen!
19:09:44  🔄 Kamera-Stream wird neu verbunden.
19:09:44  📷 Kamera-Stream geschlossen.
19:09:44  📷 Öffne Kamera-Stream: http://10.0.0.63:3031/video
19:09:45  ✅ Kamera-Stream geöffnet.
19:09:45  ✅ Kamera-Reconnect erfolgreich (Versuch 1/3).
19:09:52  HTTP Request: POST http://localhost:11434/api/chat "HTTP/1.1 200 OK"
19:09:52     ✅ OK
19:10:09  HTTP Request: POST http://localhost:11434/api/chat "HTTP/1.1 200 OK"
19:10:09     ✅ OK
19:10:25  HTTP Request: POST http://localhost:11434/api/chat "HTTP/1.1 200 OK"
19:10:25     ✅ OK
19:10:42  HTTP Request: POST http://localhost:11434/api/chat "HTTP/1.1 200 OK"
19:10:42     ✅ OK
19:10:52  ❌ Kamera-Fehler: Konnte kein Frame von der Kamera lesen!
19:10:53  🔄 Kamera-Stream wird neu verbunden.
19:10:53  📷 Kamera-Stream geschlossen.
19:10:53  📷 Öffne Kamera-Stream: http://10.0.0.63:3031/video
19:10:53  ✅ Kamera-Stream geöffnet.
19:10:53  ✅ Kamera-Reconnect erfolgreich (Versuch 1/3).
19:11:00  HTTP Request: POST http://localhost:11434/api/chat "HTTP/1.1 200 OK"
19:11:00     ✅ OK
19:11:17  HTTP Request: POST http://localhost:11434/api/chat "HTTP/1.1 200 OK"
19:11:17     ✅ OK
19:11:34  HTTP Request: POST http://localhost:11434/api/chat "HTTP/1.1 200 OK"
19:11:34     ✅ OK
19:11:51  HTTP Request: POST http://localhost:11434/api/chat "HTTP/1.1 200 OK"
19:11:51     ✅ OK
19:12:01  ❌ Kamera-Fehler: Konnte kein Frame von der Kamera lesen!
19:12:02  🔄 Kamera-Stream wird neu verbunden.
19:12:02  📷 Kamera-Stream geschlossen.
19:12:02  📷 Öffne Kamera-Stream: http://10.0.0.63:3031/video
19:12:02  ✅ Kamera-Stream geöffnet.
19:12:02  ✅ Kamera-Reconnect erfolgreich (Versuch 1/3).
19:12:09  HTTP Request: POST http://localhost:11434/api/chat "HTTP/1.1 200 OK"
19:12:09     ✅ OK
19:12:25  HTTP Request: POST http://localhost:11434/api/chat "HTTP/1.1 200 OK"
19:12:25     ✅ OK
19:12:42  HTTP Request: POST http://localhost:11434/api/chat "HTTP/1.1 200 OK"
19:12:42     ✅ OK
19:12:59  HTTP Request: POST http://localhost:11434/api/chat "HTTP/1.1 200 OK"
19:12:59     ✅ OK
19:13:09  ❌ Kamera-Fehler: Konnte kein Frame von der Kamera lesen!
19:13:10  🔄 Kamera-Stream wird neu verbunden.
19:13:10  📷 Kamera-Stream geschlossen.
19:13:10  📷 Öffne Kamera-Stream: http://10.0.0.63:3031/video
19:13:10  ✅ Kamera-Stream geöffnet.
19:13:10  ✅ Kamera-Reconnect erfolgreich (Versuch 1/3).
19:13:17  HTTP Request: POST http://localhost:11434/api/chat "HTTP/1.1 200 OK"
19:13:17     ✅ OK
19:13:34  HTTP Request: POST http://localhost:11434/api/chat "HTTP/1.1 200 OK"
19:13:34     ✅ OK
19:13:51  HTTP Request: POST http://localhost:11434/api/chat "HTTP/1.1 200 OK"
19:13:51     ✅ OK
19:14:07  HTTP Request: POST http://localhost:11434/api/chat "HTTP/1.1 200 OK"
19:14:07     ✅ OK
19:14:17  ❌ Kamera-Fehler: Konnte kein Frame von der Kamera lesen!
19:14:18  🔄 Kamera-Stream wird neu verbunden.
19:14:18  📷 Kamera-Stream geschlossen.
19:14:18  📷 Öffne Kamera-Stream: http://10.0.0.63:3031/video
19:14:19  ✅ Kamera-Stream geöffnet.
19:14:19  ✅ Kamera-Reconnect erfolgreich (Versuch 1/3).
19:14:26  HTTP Request: POST http://localhost:11434/api/chat "HTTP/1.1 200 OK"
19:14:26     ✅ OK
19:14:42  HTTP Request: POST http://localhost:11434/api/chat "HTTP/1.1 200 OK"
19:14:42     ✅ OK
19:14:59  HTTP Request: POST http://localhost:11434/api/chat "HTTP/1.1 200 OK"
19:14:59     ✅ OK
19:15:16  HTTP Request: POST http://localhost:11434/api/chat "HTTP/1.1 200 OK"
19:15:16     ✅ OK
19:15:26  ❌ Kamera-Fehler: Konnte kein Frame von der Kamera lesen!
19:15:27  🔄 Kamera-Stream wird neu verbunden.
19:15:27  📷 Kamera-Stream geschlossen.
19:15:27  📷 Öffne Kamera-Stream: http://10.0.0.63:3031/video
19:15:27  ✅ Kamera-Stream geöffnet.
19:15:27  ✅ Kamera-Reconnect erfolgreich (Versuch 1/3).
19:15:34  HTTP Request: POST http://localhost:11434/api/chat "HTTP/1.1 200 OK"
19:15:34     ✅ OK
19:15:51  HTTP Request: POST http://localhost:11434/api/chat "HTTP/1.1 200 OK"
19:15:51     ✅ OK
19:16:08  HTTP Request: POST http://localhost:11434/api/chat "HTTP/1.1 200 OK"
19:16:08     ✅ OK
19:16:25  HTTP Request: POST http://localhost:11434/api/chat "HTTP/1.1 200 OK"
19:16:25     ✅ OK
19:16:35  ❌ Kamera-Fehler: Konnte kein Frame von der Kamera lesen!
19:16:36  🔄 Kamera-Stream wird neu verbunden.
19:16:36  📷 Kamera-Stream geschlossen.
19:16:36  📷 Öffne Kamera-Stream: http://10.0.0.63:3031/video
19:16:36  ✅ Kamera-Stream geöffnet.
19:16:36  ✅ Kamera-Reconnect erfolgreich (Versuch 1/3).
19:16:43  HTTP Request: POST http://localhost:11434/api/chat "HTTP/1.1 200 OK"
19:16:43     ✅ OK
19:17:00  HTTP Request: POST http://localhost:11434/api/chat "HTTP/1.1 200 OK"
19:17:00     ✅ OK
19:17:16  HTTP Request: POST http://localhost:11434/api/chat "HTTP/1.1 200 OK"
19:17:16     ✅ OK
19:17:33  HTTP Request: POST http://localhost:11434/api/chat "HTTP/1.1 200 OK"
19:17:33     ✅ OK
19:17:50  HTTP Request: POST http://localhost:11434/api/chat "HTTP/1.1 200 OK"
19:17:50     ✅ OK
19:18:00  ❌ Kamera-Fehler: Konnte kein Frame von der Kamera lesen!
19:18:01  🔄 Kamera-Stream wird neu verbunden.
19:18:01  📷 Kamera-Stream geschlossen.
19:18:01  📷 Öffne Kamera-Stream: http://10.0.0.63:3031/video
19:18:01  ✅ Kamera-Stream geöffnet.
19:18:01  ✅ Kamera-Reconnect erfolgreich (Versuch 1/3).
19:18:08  HTTP Request: POST http://localhost:11434/api/chat "HTTP/1.1 200 OK"
19:18:08     ✅ OK
19:18:25  HTTP Request: POST http://localhost:11434/api/chat "HTTP/1.1 200 OK"
19:18:25     ✅ OK
19:18:41  HTTP Request: POST http://localhost:11434/api/chat "HTTP/1.1 200 OK"
19:18:41     ✅ OK
19:18:58  HTTP Request: POST http://localhost:11434/api/chat "HTTP/1.1 200 OK"
19:18:58     ✅ OK
19:19:08  ❌ Kamera-Fehler: Konnte kein Frame von der Kamera lesen!
19:19:09  🔄 Kamera-Stream wird neu verbunden.
19:19:09  📷 Kamera-Stream geschlossen.
19:19:09  📷 Öffne Kamera-Stream: http://10.0.0.63:3031/video
19:19:09  ✅ Kamera-Stream geöffnet.
19:19:10  ✅ Kamera-Reconnect erfolgreich (Versuch 1/3).
19:19:16  HTTP Request: POST http://localhost:11434/api/chat "HTTP/1.1 200 OK"
19:19:16     ✅ OK
19:19:33  HTTP Request: POST http://localhost:11434/api/chat "HTTP/1.1 200 OK"
19:19:33     ✅ OK
19:19:50  HTTP Request: POST http://localhost:11434/api/chat "HTTP/1.1 200 OK"
19:19:50     ✅ OK
19:20:07  HTTP Request: POST http://localhost:11434/api/chat "HTTP/1.1 200 OK"
19:20:07     ✅ OK
19:20:17  ❌ Kamera-Fehler: Konnte kein Frame von der Kamera lesen!
19:20:18  🔄 Kamera-Stream wird neu verbunden.
19:20:18  📷 Kamera-Stream geschlossen.
19:20:18  📷 Öffne Kamera-Stream: http://10.0.0.63:3031/video
19:20:18  ✅ Kamera-Stream geöffnet.
19:20:18  ✅ Kamera-Reconnect erfolgreich (Versuch 1/3).
19:20:25  HTTP Request: POST http://localhost:11434/api/chat "HTTP/1.1 200 OK"
19:20:25     ✅ OK
19:20:41  HTTP Request: POST http://localhost:11434/api/chat "HTTP/1.1 200 OK"
19:20:41     ✅ OK
19:20:58  HTTP Request: POST http://localhost:11434/api/chat "HTTP/1.1 200 OK"
19:20:58     ✅ OK
19:21:15  HTTP Request: POST http://localhost:11434/api/chat "HTTP/1.1 200 OK"
19:21:15     ✅ OK
19:21:32  HTTP Request: POST http://localhost:11434/api/chat "HTTP/1.1 200 OK"
19:21:32     ✅ OK
19:21:42  ❌ Kamera-Fehler: Konnte kein Frame von der Kamera lesen!
19:21:43  🔄 Kamera-Stream wird neu verbunden.
19:21:43  📷 Kamera-Stream geschlossen.
19:21:43  📷 Öffne Kamera-Stream: http://10.0.0.63:3031/video
19:21:43  ✅ Kamera-Stream geöffnet.
19:21:43  ✅ Kamera-Reconnect erfolgreich (Versuch 1/3).
19:21:50  HTTP Request: POST http://localhost:11434/api/chat "HTTP/1.1 200 OK"
19:21:50     ✅ OK
19:22:07  HTTP Request: POST http://localhost:11434/api/chat "HTTP/1.1 200 OK"
19:22:07     ✅ OK
19:22:23  HTTP Request: POST http://localhost:11434/api/chat "HTTP/1.1 200 OK"
19:22:23     ✅ OK
19:22:40  HTTP Request: POST http://localhost:11434/api/chat "HTTP/1.1 200 OK"
19:22:40     ✅ OK
19:22:57  HTTP Request: POST http://localhost:11434/api/chat "HTTP/1.1 200 OK"
19:22:57     ✅ OK
19:23:07  ❌ Kamera-Fehler: Konnte kein Frame von der Kamera lesen!
19:23:08  🔄 Kamera-Stream wird neu verbunden.
19:23:08  📷 Kamera-Stream geschlossen.
19:23:08  📷 Öffne Kamera-Stream: http://10.0.0.63:3031/video
19:23:08  ✅ Kamera-Stream geöffnet.
19:23:08  ✅ Kamera-Reconnect erfolgreich (Versuch 1/3).
19:23:15  HTTP Request: POST http://localhost:11434/api/chat "HTTP/1.1 200 OK"
19:23:15     ✅ OK
19:23:32  HTTP Request: POST http://localhost:11434/api/chat "HTTP/1.1 200 OK"
19:23:32     ✅ OK
19:23:49  HTTP Request: POST http://localhost:11434/api/chat "HTTP/1.1 200 OK"
19:23:49     ✅ OK
19:24:06  HTTP Request: POST http://localhost:11434/api/chat "HTTP/1.1 200 OK"
19:24:06     ✅ OK
19:24:22  HTTP Request: POST http://localhost:11434/api/chat "HTTP/1.1 200 OK"
19:24:22     ✅ OK
19:24:32  ❌ Kamera-Fehler: Konnte kein Frame von der Kamera lesen!
19:24:34  🔄 Kamera-Stream wird neu verbunden.
19:24:34  📷 Kamera-Stream geschlossen.
19:24:34  📷 Öffne Kamera-Stream: http://10.0.0.63:3031/video
19:24:34  ✅ Kamera-Stream geöffnet.
19:24:34  ✅ Kamera-Reconnect erfolgreich (Versuch 1/3).
19:24:41  HTTP Request: POST http://localhost:11434/api/chat "HTTP/1.1 200 OK"
19:24:41     ✅ OK
19:24:57  HTTP Request: POST http://localhost:11434/api/chat "HTTP/1.1 200 OK"
19:24:57     ✅ OK
19:25:14  HTTP Request: POST http://localhost:11434/api/chat "HTTP/1.1 200 OK"
19:25:14     ✅ OK
19:25:31  HTTP Request: POST http://localhost:11434/api/chat "HTTP/1.1 200 OK"
19:25:31     ✅ OK
19:25:41  ❌ Kamera-Fehler: Konnte kein Frame von der Kamera lesen!
19:25:42  🔄 Kamera-Stream wird neu verbunden.
19:25:42  📷 Kamera-Stream geschlossen.
19:25:42  📷 Öffne Kamera-Stream: http://10.0.0.63:3031/video
19:25:42  ✅ Kamera-Stream geöffnet.
19:25:42  ✅ Kamera-Reconnect erfolgreich (Versuch 1/3).
19:25:49  HTTP Request: POST http://localhost:11434/api/chat "HTTP/1.1 200 OK"
19:25:49     ✅ OK
19:26:06  HTTP Request: POST http://localhost:11434/api/chat "HTTP/1.1 200 OK"
19:26:06     ✅ OK
19:26:23  HTTP Request: POST http://localhost:11434/api/chat "HTTP/1.1 200 OK"
19:26:23     ✅ OK
19:26:39  HTTP Request: POST http://localhost:11434/api/chat "HTTP/1.1 200 OK"
19:26:39     ✅ OK
19:26:49  ❌ Kamera-Fehler: Konnte kein Frame von der Kamera lesen!
19:26:50  🔄 Kamera-Stream wird neu verbunden.
19:26:50  📷 Kamera-Stream geschlossen.
19:26:50  📷 Öffne Kamera-Stream: http://10.0.0.63:3031/video
19:26:51  ✅ Kamera-Stream geöffnet.
19:26:51  ✅ Kamera-Reconnect erfolgreich (Versuch 1/3).
19:26:58  HTTP Request: POST http://localhost:11434/api/chat "HTTP/1.1 200 OK"
19:26:58     ✅ OK
19:27:14  HTTP Request: POST http://localhost:11434/api/chat "HTTP/1.1 200 OK"
19:27:14     ✅ OK
19:27:31  HTTP Request: POST http://localhost:11434/api/chat "HTTP/1.1 200 OK"
19:27:31     ✅ OK
19:27:48  HTTP Request: POST http://localhost:11434/api/chat "HTTP/1.1 200 OK"
19:27:48     ✅ OK
19:27:58  ❌ Kamera-Fehler: Konnte kein Frame von der Kamera lesen!
19:27:59  🔄 Kamera-Stream wird neu verbunden.
19:27:59  📷 Kamera-Stream geschlossen.
19:27:59  📷 Öffne Kamera-Stream: http://10.0.0.63:3031/video
19:27:59  ✅ Kamera-Stream geöffnet.
19:27:59  ✅ Kamera-Reconnect erfolgreich (Versuch 1/3).
19:28:06  HTTP Request: POST http://localhost:11434/api/chat "HTTP/1.1 200 OK"
19:28:06     ✅ OK
19:28:23  HTTP Request: POST http://localhost:11434/api/chat "HTTP/1.1 200 OK"
19:28:23     ✅ OK
19:28:40  HTTP Request: POST http://localhost:11434/api/chat "HTTP/1.1 200 OK"
19:28:40     ✅ OK
19:28:57  HTTP Request: POST http://localhost:11434/api/chat "HTTP/1.1 200 OK"
19:28:57     ✅ OK
19:29:07  ❌ Kamera-Fehler: Konnte kein Frame von der Kamera lesen!
19:29:08  🔄 Kamera-Stream wird neu verbunden.
19:29:08  📷 Kamera-Stream geschlossen.
19:29:08  📷 Öffne Kamera-Stream: http://10.0.0.63:3031/video
19:29:08  ✅ Kamera-Stream geöffnet.
19:29:08  ✅ Kamera-Reconnect erfolgreich (Versuch 1/3).
19:29:15  HTTP Request: POST http://localhost:11434/api/chat "HTTP/1.1 200 OK"
19:29:15     ✅ OK
19:29:32  HTTP Request: POST http://localhost:11434/api/chat "HTTP/1.1 200 OK"
19:29:32     ✅ OK
19:29:48  HTTP Request: POST http://localhost:11434/api/chat "HTTP/1.1 200 OK"
19:29:48     ✅ OK
19:30:05  HTTP Request: POST http://localhost:11434/api/chat "HTTP/1.1 200 OK"
19:30:05     ✅ OK
19:30:15  ❌ Kamera-Fehler: Konnte kein Frame von der Kamera lesen!
19:30:16  🔄 Kamera-Stream wird neu verbunden.
19:30:16  📷 Kamera-Stream geschlossen.
19:30:16  📷 Öffne Kamera-Stream: http://10.0.0.63:3031/video
19:30:16  ✅ Kamera-Stream geöffnet.
19:30:17  ✅ Kamera-Reconnect erfolgreich (Versuch 1/3).
19:30:24  HTTP Request: POST http://localhost:11434/api/chat "HTTP/1.1 200 OK"
19:30:24     ✅ OK
19:30:41  HTTP Request: POST http://localhost:11434/api/chat "HTTP/1.1 200 OK"
19:30:41     ✅ OK
19:30:58  HTTP Request: POST http://localhost:11434/api/chat "HTTP/1.1 200 OK"
19:30:58     ✅ OK
19:31:15  HTTP Request: POST http://localhost:11434/api/chat "HTTP/1.1 200 OK"
19:31:15     ✅ OK
19:31:32  HTTP Request: POST http://localhost:11434/api/chat "HTTP/1.1 200 OK"
19:31:32     ✅ OK
19:31:49  HTTP Request: POST http://localhost:11434/api/chat "HTTP/1.1 200 OK"
19:31:49     ✅ OK
19:31:59  ❌ Kamera-Fehler: Konnte kein Frame von der Kamera lesen!
19:32:00  🔄 Kamera-Stream wird neu verbunden.
19:32:00  📷 Kamera-Stream geschlossen.
19:32:00  📷 Öffne Kamera-Stream: http://10.0.0.63:3031/video
19:32:01  ✅ Kamera-Stream geöffnet.
19:32:01  ✅ Kamera-Reconnect erfolgreich (Versuch 1/3).
19:32:08  HTTP Request: POST http://localhost:11434/api/chat "HTTP/1.1 200 OK"
19:32:08     ✅ OK
19:32:25  HTTP Request: POST http://localhost:11434/api/chat "HTTP/1.1 200 OK"
19:32:25     ✅ OK
19:32:42  HTTP Request: POST http://localhost:11434/api/chat "HTTP/1.1 200 OK"
19:32:42     ✅ OK
19:32:59  HTTP Request: POST http://localhost:11434/api/chat "HTTP/1.1 200 OK"
19:32:59     ✅ OK
19:33:09  ❌ Kamera-Fehler: Konnte kein Frame von der Kamera lesen!
19:33:10  🔄 Kamera-Stream wird neu verbunden.
19:33:10  📷 Kamera-Stream geschlossen.
19:33:10  📷 Öffne Kamera-Stream: http://10.0.0.63:3031/video
19:33:10  ✅ Kamera-Stream geöffnet.
19:33:10  ✅ Kamera-Reconnect erfolgreich (Versuch 1/3).
19:33:18  HTTP Request: POST http://localhost:11434/api/chat "HTTP/1.1 200 OK"
19:33:18     ✅ OK
19:33:35  HTTP Request: POST http://localhost:11434/api/chat "HTTP/1.1 200 OK"
19:33:35     ✅ OK
19:33:52  HTTP Request: POST http://localhost:11434/api/chat "HTTP/1.1 200 OK"
19:33:52     ✅ OK
19:34:09  HTTP Request: POST http://localhost:11434/api/chat "HTTP/1.1 200 OK"
19:34:09     ✅ OK
19:34:19  ❌ Kamera-Fehler: Konnte kein Frame von der Kamera lesen!
19:34:20  🔄 Kamera-Stream wird neu verbunden.
19:34:20  📷 Kamera-Stream geschlossen.
19:34:20  📷 Öffne Kamera-Stream: http://10.0.0.63:3031/video
19:34:20  ✅ Kamera-Stream geöffnet.
19:34:20  ✅ Kamera-Reconnect erfolgreich (Versuch 1/3).
19:34:27  HTTP Request: POST http://localhost:11434/api/chat "HTTP/1.1 200 OK"
19:34:27     ✅ OK
19:34:44  HTTP Request: POST http://localhost:11434/api/chat "HTTP/1.1 200 OK"
19:34:44     ✅ OK
19:35:02  HTTP Request: POST http://localhost:11434/api/chat "HTTP/1.1 200 OK"
19:35:02     ✅ OK
19:35:19  HTTP Request: POST http://localhost:11434/api/chat "HTTP/1.1 200 OK"
19:35:19     ✅ OK
19:35:29  ❌ Kamera-Fehler: Konnte kein Frame von der Kamera lesen!
19:35:30  🔄 Kamera-Stream wird neu verbunden.
19:35:30  📷 Kamera-Stream geschlossen.
19:35:30  📷 Öffne Kamera-Stream: http://10.0.0.63:3031/video
19:35:30  ✅ Kamera-Stream geöffnet.
19:35:30  ✅ Kamera-Reconnect erfolgreich (Versuch 1/3).
19:35:37  HTTP Request: POST http://localhost:11434/api/chat "HTTP/1.1 200 OK"
19:35:37     ✅ OK
19:35:54  HTTP Request: POST http://localhost:11434/api/chat "HTTP/1.1 200 OK"
19:35:54     ✅ OK
19:36:11  HTTP Request: POST http://localhost:11434/api/chat "HTTP/1.1 200 OK"
19:36:11     ✅ OK
19:36:28  HTTP Request: POST http://localhost:11434/api/chat "HTTP/1.1 200 OK"
19:36:28     ✅ OK
19:36:46  HTTP Request: POST http://localhost:11434/api/chat "HTTP/1.1 200 OK"
19:36:46     ✅ OK
19:37:03  HTTP Request: POST http://localhost:11434/api/chat "HTTP/1.1 200 OK"
19:37:03     ✅ OK
19:37:13  ❌ Kamera-Fehler: Konnte kein Frame von der Kamera lesen!
19:37:14  🔄 Kamera-Stream wird neu verbunden.
19:37:14  📷 Kamera-Stream geschlossen.
19:37:14  📷 Öffne Kamera-Stream: http://10.0.0.63:3031/video
19:37:14  ✅ Kamera-Stream geöffnet.
19:37:14  ✅ Kamera-Reconnect erfolgreich (Versuch 1/3).
19:37:21  HTTP Request: POST http://localhost:11434/api/chat "HTTP/1.1 200 OK"
19:37:21     ✅ OK
19:37:38  HTTP Request: POST http://localhost:11434/api/chat "HTTP/1.1 200 OK"
19:37:38     ✅ OK
19:37:55  HTTP Request: POST http://localhost:11434/api/chat "HTTP/1.1 200 OK"
19:37:55     ✅ OK
19:38:12  HTTP Request: POST http://localhost:11434/api/chat "HTTP/1.1 200 OK"
19:38:12     ✅ OK
19:38:29  HTTP Request: POST http://localhost:11434/api/chat "HTTP/1.1 200 OK"
19:38:29     ✅ OK
19:38:47  HTTP Request: POST http://localhost:11434/api/chat "HTTP/1.1 200 OK"
19:38:47     ✅ OK
19:38:57  ❌ Kamera-Fehler: Konnte kein Frame von der Kamera lesen!
19:38:58  🔄 Kamera-Stream wird neu verbunden.
19:38:58  📷 Kamera-Stream geschlossen.
19:38:58  📷 Öffne Kamera-Stream: http://10.0.0.63:3031/video
19:38:58  ✅ Kamera-Stream geöffnet.
19:38:58  ✅ Kamera-Reconnect erfolgreich (Versuch 1/3).
19:39:05  HTTP Request: POST http://localhost:11434/api/chat "HTTP/1.1 200 OK"
19:39:05     ✅ OK
19:39:22  HTTP Request: POST http://localhost:11434/api/chat "HTTP/1.1 200 OK"
19:39:22     ✅ OK
19:39:39  HTTP Request: POST http://localhost:11434/api/chat "HTTP/1.1 200 OK"
19:39:39     ✅ OK
19:39:56  HTTP Request: POST http://localhost:11434/api/chat "HTTP/1.1 200 OK"
19:39:56     ✅ OK
19:40:06  ❌ Kamera-Fehler: Konnte kein Frame von der Kamera lesen!
19:40:07  🔄 Kamera-Stream wird neu verbunden.
19:40:07  📷 Kamera-Stream geschlossen.
19:40:07  📷 Öffne Kamera-Stream: http://10.0.0.63:3031/video
19:40:07  ✅ Kamera-Stream geöffnet.
19:40:08  ✅ Kamera-Reconnect erfolgreich (Versuch 1/3).
19:40:15  HTTP Request: POST http://localhost:11434/api/chat "HTTP/1.1 200 OK"
19:40:15     ✅ OK
19:40:32  HTTP Request: POST http://localhost:11434/api/chat "HTTP/1.1 200 OK"
19:40:32     ✅ OK
19:40:49  HTTP Request: POST http://localhost:11434/api/chat "HTTP/1.1 200 OK"
19:40:49     ✅ OK
19:41:06  HTTP Request: POST http://localhost:11434/api/chat "HTTP/1.1 200 OK"
19:41:06     ✅ OK
19:41:16  ❌ Kamera-Fehler: Konnte kein Frame von der Kamera lesen!
19:41:17  🔄 Kamera-Stream wird neu verbunden.
19:41:17  📷 Kamera-Stream geschlossen.
19:41:17  📷 Öffne Kamera-Stream: http://10.0.0.63:3031/video
19:41:17  ✅ Kamera-Stream geöffnet.
19:41:17  ✅ Kamera-Reconnect erfolgreich (Versuch 1/3).
19:41:24  HTTP Request: POST http://localhost:11434/api/chat "HTTP/1.1 200 OK"
19:41:24     ✅ OK
19:41:41  HTTP Request: POST http://localhost:11434/api/chat "HTTP/1.1 200 OK"
19:41:41     ✅ OK
19:41:59  HTTP Request: POST http://localhost:11434/api/chat "HTTP/1.1 200 OK"
19:41:59     ✅ OK
19:42:16  HTTP Request: POST http://localhost:11434/api/chat "HTTP/1.1 200 OK"
19:42:16     ✅ OK
19:42:26  ❌ Kamera-Fehler: Konnte kein Frame von der Kamera lesen!
19:42:27  🔄 Kamera-Stream wird neu verbunden.
19:42:27  📷 Kamera-Stream geschlossen.
19:42:27  📷 Öffne Kamera-Stream: http://10.0.0.63:3031/video
19:42:27  ✅ Kamera-Stream geöffnet.
19:42:27  ✅ Kamera-Reconnect erfolgreich (Versuch 1/3).
19:42:34  HTTP Request: POST http://localhost:11434/api/chat "HTTP/1.1 200 OK"
19:42:34     ✅ OK
19:42:51  HTTP Request: POST http://localhost:11434/api/chat "HTTP/1.1 200 OK"
19:42:51     ✅ OK
19:43:08  HTTP Request: POST http://localhost:11434/api/chat "HTTP/1.1 200 OK"
19:43:08     ✅ OK
19:43:25  HTTP Request: POST http://localhost:11434/api/chat "HTTP/1.1 200 OK"
19:43:25     ✅ OK
19:43:35  ❌ Kamera-Fehler: Konnte kein Frame von der Kamera lesen!
19:43:36  🔄 Kamera-Stream wird neu verbunden.
19:43:36  📷 Kamera-Stream geschlossen.
19:43:36  📷 Öffne Kamera-Stream: http://10.0.0.63:3031/video
19:43:36  ✅ Kamera-Stream geöffnet.
19:43:36  ✅ Kamera-Reconnect erfolgreich (Versuch 1/3).
19:43:44  HTTP Request: POST http://localhost:11434/api/chat "HTTP/1.1 200 OK"
19:43:44     ✅ OK
19:44:01  HTTP Request: POST http://localhost:11434/api/chat "HTTP/1.1 200 OK"
19:44:01     ✅ OK
19:44:18  HTTP Request: POST http://localhost:11434/api/chat "HTTP/1.1 200 OK"
19:44:18     ✅ OK
19:44:35  HTTP Request: POST http://localhost:11434/api/chat "HTTP/1.1 200 OK"
19:44:35     ✅ OK
19:44:52  HTTP Request: POST http://localhost:11434/api/chat "HTTP/1.1 200 OK"
19:44:52     ✅ OK
19:45:09  HTTP Request: POST http://localhost:11434/api/chat "HTTP/1.1 200 OK"
19:45:09     ✅ OK
19:45:19  ❌ Kamera-Fehler: Konnte kein Frame von der Kamera lesen!
19:45:20  🔄 Kamera-Stream wird neu verbunden.
19:45:20  📷 Kamera-Stream geschlossen.
19:45:20  📷 Öffne Kamera-Stream: http://10.0.0.63:3031/video
19:45:20  ✅ Kamera-Stream geöffnet.
19:45:20  ✅ Kamera-Reconnect erfolgreich (Versuch 1/3).
19:45:27  HTTP Request: POST http://localhost:11434/api/chat "HTTP/1.1 200 OK"
19:45:27     ✅ OK
19:45:45  HTTP Request: POST http://localhost:11434/api/chat "HTTP/1.1 200 OK"
19:45:45     ✅ OK
19:46:02  HTTP Request: POST http://localhost:11434/api/chat "HTTP/1.1 200 OK"
19:46:02     ✅ OK
19:46:19  HTTP Request: POST http://localhost:11434/api/chat "HTTP/1.1 200 OK"
19:46:19     ✅ OK
19:46:29  ❌ Kamera-Fehler: Konnte kein Frame von der Kamera lesen!
19:46:30  🔄 Kamera-Stream wird neu verbunden.
19:46:30  📷 Kamera-Stream geschlossen.
19:46:30  📷 Öffne Kamera-Stream: http://10.0.0.63:3031/video
19:46:30  ✅ Kamera-Stream geöffnet.
19:46:30  ✅ Kamera-Reconnect erfolgreich (Versuch 1/3).
19:46:37  HTTP Request: POST http://localhost:11434/api/chat "HTTP/1.1 200 OK"
19:46:37     ✅ OK
19:46:54  HTTP Request: POST http://localhost:11434/api/chat "HTTP/1.1 200 OK"
19:46:54     ✅ OK
19:47:11  HTTP Request: POST http://localhost:11434/api/chat "HTTP/1.1 200 OK"
19:47:11     ✅ OK
19:47:28  HTTP Request: POST http://localhost:11434/api/chat "HTTP/1.1 200 OK"
19:47:28     ✅ OK
19:47:38  ❌ Kamera-Fehler: Konnte kein Frame von der Kamera lesen!
19:47:39  🔄 Kamera-Stream wird neu verbunden.
19:47:39  📷 Kamera-Stream geschlossen.
19:47:39  📷 Öffne Kamera-Stream: http://10.0.0.63:3031/video
19:47:39  ✅ Kamera-Stream geöffnet.
19:47:40  ✅ Kamera-Reconnect erfolgreich (Versuch 1/3).
19:47:47  HTTP Request: POST http://localhost:11434/api/chat "HTTP/1.1 200 OK"
19:47:47     ✅ OK
19:48:04  HTTP Request: POST http://localhost:11434/api/chat "HTTP/1.1 200 OK"
19:48:04     ✅ OK
19:48:21  HTTP Request: POST http://localhost:11434/api/chat "HTTP/1.1 200 OK"
19:48:21     ✅ OK
19:48:38  HTTP Request: POST http://localhost:11434/api/chat "HTTP/1.1 200 OK"
19:48:38     ✅ OK
19:48:55  HTTP Request: POST http://localhost:11434/api/chat "HTTP/1.1 200 OK"
19:48:55     ✅ OK
19:49:12  HTTP Request: POST http://localhost:11434/api/chat "HTTP/1.1 200 OK"
19:49:12     ✅ OK
19:49:29  HTTP Request: POST http://localhost:11434/api/chat "HTTP/1.1 200 OK"
19:49:29     ✅ OK
19:49:46  HTTP Request: POST http://localhost:11434/api/chat "HTTP/1.1 200 OK"
19:49:46     ✅ OK
19:49:56  ❌ Kamera-Fehler: Konnte kein Frame von der Kamera lesen!
19:49:57  🔄 Kamera-Stream wird neu verbunden.
19:49:57  📷 Kamera-Stream geschlossen.
19:49:57  📷 Öffne Kamera-Stream: http://10.0.0.63:3031/video
19:49:57  ✅ Kamera-Stream geöffnet.
19:49:58  ✅ Kamera-Reconnect erfolgreich (Versuch 1/3).
19:50:05  HTTP Request: POST http://localhost:11434/api/chat "HTTP/1.1 200 OK"
19:50:05     ✅ OK
19:50:22  HTTP Request: POST http://localhost:11434/api/chat "HTTP/1.1 200 OK"
19:50:22     ✅ OK
19:50:39  HTTP Request: POST http://localhost:11434/api/chat "HTTP/1.1 200 OK"
19:50:39     ✅ OK
19:50:56  HTTP Request: POST http://localhost:11434/api/chat "HTTP/1.1 200 OK"
19:50:56     ✅ OK
19:51:13  HTTP Request: POST http://localhost:11434/api/chat "HTTP/1.1 200 OK"
19:51:13     ✅ OK
19:51:23  ❌ Kamera-Fehler: Konnte kein Frame von der Kamera lesen!
19:51:24  🔄 Kamera-Stream wird neu verbunden.
19:51:24  📷 Kamera-Stream geschlossen.
19:51:24  📷 Öffne Kamera-Stream: http://10.0.0.63:3031/video
19:51:24  ✅ Kamera-Stream geöffnet.
19:51:24  ✅ Kamera-Reconnect erfolgreich (Versuch 1/3).
19:51:31  HTTP Request: POST http://localhost:11434/api/chat "HTTP/1.1 200 OK"
19:51:31     ✅ OK
19:51:49  HTTP Request: POST http://localhost:11434/api/chat "HTTP/1.1 200 OK"
19:51:49     ✅ OK
19:52:06  HTTP Request: POST http://localhost:11434/api/chat "HTTP/1.1 200 OK"
19:52:06     ✅ OK
19:52:23  HTTP Request: POST http://localhost:11434/api/chat "HTTP/1.1 200 OK"
19:52:23     ✅ OK
19:52:33  ❌ Kamera-Fehler: Konnte kein Frame von der Kamera lesen!
19:52:34  🔄 Kamera-Stream wird neu verbunden.
19:52:34  📷 Kamera-Stream geschlossen.
19:52:34  📷 Öffne Kamera-Stream: http://10.0.0.63:3031/video
19:52:34  ✅ Kamera-Stream geöffnet.
19:52:34  ✅ Kamera-Reconnect erfolgreich (Versuch 1/3).
19:52:41  HTTP Request: POST http://localhost:11434/api/chat "HTTP/1.1 200 OK"
19:52:41     ✅ OK
19:52:58  HTTP Request: POST http://localhost:11434/api/chat "HTTP/1.1 200 OK"
19:52:58     ✅ OK
19:53:15  HTTP Request: POST http://localhost:11434/api/chat "HTTP/1.1 200 OK"
19:53:15     ✅ OK
19:53:32  HTTP Request: POST http://localhost:11434/api/chat "HTTP/1.1 200 OK"
19:53:32     ✅ OK
19:53:50  HTTP Request: POST http://localhost:11434/api/chat "HTTP/1.1 200 OK"
19:53:50     ✅ OK
19:54:00  ❌ Kamera-Fehler: Konnte kein Frame von der Kamera lesen!
19:54:01  🔄 Kamera-Stream wird neu verbunden.
19:54:01  📷 Kamera-Stream geschlossen.
19:54:01  📷 Öffne Kamera-Stream: http://10.0.0.63:3031/video
19:54:01  ✅ Kamera-Stream geöffnet.
19:54:01  ✅ Kamera-Reconnect erfolgreich (Versuch 1/3).
19:54:08  HTTP Request: POST http://localhost:11434/api/chat "HTTP/1.1 200 OK"
19:54:08     ✅ OK
19:54:25  HTTP Request: POST http://localhost:11434/api/chat "HTTP/1.1 200 OK"
19:54:25     ✅ OK
19:54:42  HTTP Request: POST http://localhost:11434/api/chat "HTTP/1.1 200 OK"
19:54:42     ✅ OK
19:54:59  HTTP Request: POST http://localhost:11434/api/chat "HTTP/1.1 200 OK"
19:54:59     ✅ OK
19:55:16  HTTP Request: POST http://localhost:11434/api/chat "HTTP/1.1 200 OK"
19:55:16     ✅ OK
19:55:33  HTTP Request: POST http://localhost:11434/api/chat "HTTP/1.1 200 OK"
19:55:33     ✅ OK
19:55:50  HTTP Request: POST http://localhost:11434/api/chat "HTTP/1.1 200 OK"
19:55:50     ✅ OK
19:56:00  ❌ Kamera-Fehler: Konnte kein Frame von der Kamera lesen!
19:56:01  🔄 Kamera-Stream wird neu verbunden.
19:56:01  📷 Kamera-Stream geschlossen.
19:56:01  📷 Öffne Kamera-Stream: http://10.0.0.63:3031/video
19:56:01  ✅ Kamera-Stream geöffnet.
19:56:02  ✅ Kamera-Reconnect erfolgreich (Versuch 1/3).
19:56:09  HTTP Request: POST http://localhost:11434/api/chat "HTTP/1.1 200 OK"
19:56:09     ✅ OK
19:56:26  HTTP Request: POST http://localhost:11434/api/chat "HTTP/1.1 200 OK"
19:56:26     ✅ OK
19:56:43  HTTP Request: POST http://localhost:11434/api/chat "HTTP/1.1 200 OK"
19:56:43     ✅ OK
19:57:00  HTTP Request: POST http://localhost:11434/api/chat "HTTP/1.1 200 OK"
19:57:00     ✅ OK
19:57:10  ❌ Kamera-Fehler: Konnte kein Frame von der Kamera lesen!
19:57:11  🔄 Kamera-Stream wird neu verbunden.
19:57:11  📷 Kamera-Stream geschlossen.
19:57:11  📷 Öffne Kamera-Stream: http://10.0.0.63:3031/video
19:57:11  ✅ Kamera-Stream geöffnet.
19:57:11  ✅ Kamera-Reconnect erfolgreich (Versuch 1/3).
19:57:18  HTTP Request: POST http://localhost:11434/api/chat "HTTP/1.1 200 OK"
19:57:18     ✅ OK
19:57:35  HTTP Request: POST http://localhost:11434/api/chat "HTTP/1.1 200 OK"
19:57:35     ✅ OK
19:57:53  HTTP Request: POST http://localhost:11434/api/chat "HTTP/1.1 200 OK"
19:57:53     ✅ OK
19:58:10  HTTP Request: POST http://localhost:11434/api/chat "HTTP/1.1 200 OK"
19:58:10     ✅ OK
19:58:27  HTTP Request: POST http://localhost:11434/api/chat "HTTP/1.1 200 OK"
19:58:27     ⚠️  Alarmprüfung: FEHLER: SPAGHETTI (1 Fehler, 1/3 Bilder)
19:58:27  📸 10 Bilder für Gegencheck gespeichert: review_frames\20260808_195827_no-task
19:58:37  ❌ Kamera-Fehler: Konnte kein Frame von der Kamera lesen!
19:58:38  🔄 Kamera-Stream wird neu verbunden.
19:58:38  📷 Kamera-Stream geschlossen.
19:58:38  📷 Öffne Kamera-Stream: http://10.0.0.63:3031/video
19:58:38  ✅ Kamera-Stream geöffnet.
19:58:39  ✅ Kamera-Reconnect erfolgreich (Versuch 1/3).
19:58:46  HTTP Request: POST http://localhost:11434/api/chat "HTTP/1.1 200 OK"
19:58:46     ✅ Alarm verworfen: 0/0 Bestätigungsfehler.
19:59:03  HTTP Request: POST http://localhost:11434/api/chat "HTTP/1.1 200 OK"
19:59:03     ✅ OK
19:59:20  HTTP Request: POST http://localhost:11434/api/chat "HTTP/1.1 200 OK"
19:59:20     ✅ OK
19:59:37  HTTP Request: POST http://localhost:11434/api/chat "HTTP/1.1 200 OK"
19:59:37     ✅ OK
19:59:47  ❌ Kamera-Fehler: Konnte kein Frame von der Kamera lesen!
19:59:48  🔄 Kamera-Stream wird neu verbunden.
19:59:48  📷 Kamera-Stream geschlossen.
19:59:48  📷 Öffne Kamera-Stream: http://10.0.0.63:3031/video
19:59:48  ✅ Kamera-Stream geöffnet.
19:59:49  ✅ Kamera-Reconnect erfolgreich (Versuch 1/3).
19:59:56  HTTP Request: POST http://localhost:11434/api/chat "HTTP/1.1 200 OK"
19:59:56     ⚠️  Alarmprüfung: FEHLER: SPAGHETTI (1 Fehler, 1/3 Bilder)
19:59:56  📸 10 Bilder für Gegencheck gespeichert: review_frames\20260808_195956_no-task
20:00:13  HTTP Request: POST http://localhost:11434/api/chat "HTTP/1.1 200 OK"
20:00:13     ✅ Alarm verworfen: 0/0 Bestätigungsfehler.
20:00:30  HTTP Request: POST http://localhost:11434/api/chat "HTTP/1.1 200 OK"
20:00:30     ✅ OK
20:00:47  HTTP Request: POST http://localhost:11434/api/chat "HTTP/1.1 200 OK"
20:00:47     ✅ OK
20:01:04  HTTP Request: POST http://localhost:11434/api/chat "HTTP/1.1 200 OK"
20:01:04     ✅ OK
20:01:21  HTTP Request: POST http://localhost:11434/api/chat "HTTP/1.1 200 OK"
20:01:21     ✅ OK
20:01:37  HTTP Request: POST http://localhost:11434/api/chat "HTTP/1.1 200 OK"
20:01:37     ✅ OK
20:01:47  ❌ Kamera-Fehler: Konnte kein Frame von der Kamera lesen!
20:01:48  🔄 Kamera-Stream wird neu verbunden.
20:01:48  📷 Kamera-Stream geschlossen.
20:01:48  📷 Öffne Kamera-Stream: http://10.0.0.63:3031/video
20:01:49  ✅ Kamera-Stream geöffnet.
20:01:49  ✅ Kamera-Reconnect erfolgreich (Versuch 1/3).
20:01:55  HTTP Request: POST http://localhost:11434/api/chat "HTTP/1.1 200 OK"
20:01:55     ✅ OK
20:02:12  HTTP Request: POST http://localhost:11434/api/chat "HTTP/1.1 200 OK"
20:02:12     ✅ OK
20:02:29  HTTP Request: POST http://localhost:11434/api/chat "HTTP/1.1 200 OK"
20:02:29     ✅ OK
20:02:46  HTTP Request: POST http://localhost:11434/api/chat "HTTP/1.1 200 OK"
20:02:46     ✅ OK
20:02:56  ❌ Kamera-Fehler: Konnte kein Frame von der Kamera lesen!
20:02:57  🔄 Kamera-Stream wird neu verbunden.
20:02:57  📷 Kamera-Stream geschlossen.
20:02:57  📷 Öffne Kamera-Stream: http://10.0.0.63:3031/video
20:02:57  ✅ Kamera-Stream geöffnet.
20:02:57  ✅ Kamera-Reconnect erfolgreich (Versuch 1/3).
20:03:05  HTTP Request: POST http://localhost:11434/api/chat "HTTP/1.1 200 OK"
20:03:05     ⚠️  Alarmprüfung: FEHLER: SPAGHETTI (1 Fehler, 1/3 Bilder)
20:03:05  📸 10 Bilder für Gegencheck gespeichert: review_frames\20260808_200305_no-task
20:03:21  HTTP Request: POST http://localhost:11434/api/chat "HTTP/1.1 200 OK"
20:03:21     ✅ Alarm verworfen: 0/0 Bestätigungsfehler.
20:03:38  HTTP Request: POST http://localhost:11434/api/chat "HTTP/1.1 200 OK"
20:03:38     ✅ OK
20:03:55  HTTP Request: POST http://localhost:11434/api/chat "HTTP/1.1 200 OK"
20:03:55     ✅ OK
20:04:12  HTTP Request: POST http://localhost:11434/api/chat "HTTP/1.1 200 OK"
20:04:12     ✅ OK
20:04:22  ❌ Kamera-Fehler: Konnte kein Frame von der Kamera lesen!
20:04:23  🔄 Kamera-Stream wird neu verbunden.
20:04:23  📷 Kamera-Stream geschlossen.
20:04:23  📷 Öffne Kamera-Stream: http://10.0.0.63:3031/video
20:04:23  ✅ Kamera-Stream geöffnet.
20:04:23  ✅ Kamera-Reconnect erfolgreich (Versuch 1/3).
20:04:30  HTTP Request: POST http://localhost:11434/api/chat "HTTP/1.1 200 OK"
20:04:30     ✅ OK
20:04:47  HTTP Request: POST http://localhost:11434/api/chat "HTTP/1.1 200 OK"
20:04:47     ✅ OK
20:05:03  HTTP Request: POST http://localhost:11434/api/chat "HTTP/1.1 200 OK"
20:05:03     ✅ OK
20:05:20  HTTP Request: POST http://localhost:11434/api/chat "HTTP/1.1 200 OK"
20:05:20     ✅ OK
20:05:30  ❌ Kamera-Fehler: Konnte kein Frame von der Kamera lesen!
20:05:31  🔄 Kamera-Stream wird neu verbunden.
20:05:31  📷 Kamera-Stream geschlossen.
20:05:31  📷 Öffne Kamera-Stream: http://10.0.0.63:3031/video
20:05:31  ✅ Kamera-Stream geöffnet.
20:05:31  ✅ Kamera-Reconnect erfolgreich (Versuch 1/3).
20:05:38  HTTP Request: POST http://localhost:11434/api/chat "HTTP/1.1 200 OK"
20:05:38     ✅ OK
20:05:55  HTTP Request: POST http://localhost:11434/api/chat "HTTP/1.1 200 OK"
20:05:55     ✅ OK
20:06:12  HTTP Request: POST http://localhost:11434/api/chat "HTTP/1.1 200 OK"
20:06:12     ✅ OK
20:06:29  HTTP Request: POST http://localhost:11434/api/chat "HTTP/1.1 200 OK"
20:06:29     ✅ OK
20:06:39  ❌ Kamera-Fehler: Konnte kein Frame von der Kamera lesen!
20:06:40  🔄 Kamera-Stream wird neu verbunden.
20:06:40  📷 Kamera-Stream geschlossen.
20:06:40  📷 Öffne Kamera-Stream: http://10.0.0.63:3031/video
20:06:40  ✅ Kamera-Stream geöffnet.
20:06:40  ✅ Kamera-Reconnect erfolgreich (Versuch 1/3).
20:06:47  HTTP Request: POST http://localhost:11434/api/chat "HTTP/1.1 200 OK"
20:06:47     ✅ OK
20:07:04  HTTP Request: POST http://localhost:11434/api/chat "HTTP/1.1 200 OK"
20:07:04     ✅ OK
20:07:20  HTTP Request: POST http://localhost:11434/api/chat "HTTP/1.1 200 OK"
20:07:20     ✅ OK
20:07:37  HTTP Request: POST http://localhost:11434/api/chat "HTTP/1.1 200 OK"
20:07:37     ✅ OK
20:07:47  ❌ Kamera-Fehler: Konnte kein Frame von der Kamera lesen!
20:07:48  🔄 Kamera-Stream wird neu verbunden.
20:07:48  📷 Kamera-Stream geschlossen.
20:07:48  📷 Öffne Kamera-Stream: http://10.0.0.63:3031/video
20:07:48  ✅ Kamera-Stream geöffnet.
20:07:50  ✅ Kamera-Reconnect erfolgreich (Versuch 1/3).
20:07:56  HTTP Request: POST http://localhost:11434/api/chat "HTTP/1.1 200 OK"
20:07:56     ✅ OK
20:08:13  HTTP Request: POST http://localhost:11434/api/chat "HTTP/1.1 200 OK"
20:08:13     ✅ OK
20:08:30  HTTP Request: POST http://localhost:11434/api/chat "HTTP/1.1 200 OK"
20:08:30     ✅ OK
20:08:40  ❌ Kamera-Fehler: Konnte kein Frame von der Kamera lesen!
20:08:41  🔄 Kamera-Stream wird neu verbunden.
20:08:41  📷 Kamera-Stream geschlossen.
20:08:41  📷 Öffne Kamera-Stream: http://10.0.0.63:3031/video
20:08:41  ✅ Kamera-Stream geöffnet.
20:08:41  ✅ Kamera-Reconnect erfolgreich (Versuch 1/3).
20:08:48  HTTP Request: POST http://localhost:11434/api/chat "HTTP/1.1 200 OK"
20:08:48     ✅ OK
20:09:05  HTTP Request: POST http://localhost:11434/api/chat "HTTP/1.1 200 OK"
20:09:05     ✅ OK
20:09:22  HTTP Request: POST http://localhost:11434/api/chat "HTTP/1.1 200 OK"
20:09:22     ✅ OK
20:09:39  HTTP Request: POST http://localhost:11434/api/chat "HTTP/1.1 200 OK"
20:09:39     ✅ OK
20:09:56  HTTP Request: POST http://localhost:11434/api/chat "HTTP/1.1 200 OK"
20:09:56     ✅ OK
20:10:06  ❌ Kamera-Fehler: Konnte kein Frame von der Kamera lesen!
20:10:07  🔄 Kamera-Stream wird neu verbunden.
20:10:07  📷 Kamera-Stream geschlossen.
20:10:07  📷 Öffne Kamera-Stream: http://10.0.0.63:3031/video
20:10:07  ✅ Kamera-Stream geöffnet.
20:10:08  ✅ Kamera-Reconnect erfolgreich (Versuch 1/3).
20:10:15  HTTP Request: POST http://localhost:11434/api/chat "HTTP/1.1 200 OK"
20:10:15     ✅ OK
20:10:32  HTTP Request: POST http://localhost:11434/api/chat "HTTP/1.1 200 OK"
20:10:32     ✅ OK
20:10:49  HTTP Request: POST http://localhost:11434/api/chat "HTTP/1.1 200 OK"
20:10:49     ✅ OK
20:11:06  HTTP Request: POST http://localhost:11434/api/chat "HTTP/1.1 200 OK"
20:11:06     ✅ OK
20:11:23  HTTP Request: POST http://localhost:11434/api/chat "HTTP/1.1 200 OK"
20:11:23     ✅ OK
20:11:40  HTTP Request: POST http://localhost:11434/api/chat "HTTP/1.1 200 OK"
20:11:40     ✅ OK
20:11:50  ❌ Kamera-Fehler: Konnte kein Frame von der Kamera lesen!
20:11:51  🔄 Kamera-Stream wird neu verbunden.
20:11:51  📷 Kamera-Stream geschlossen.
20:11:51  📷 Öffne Kamera-Stream: http://10.0.0.63:3031/video
20:11:51  ✅ Kamera-Stream geöffnet.
20:11:51  ✅ Kamera-Reconnect erfolgreich (Versuch 1/3).
20:11:59  HTTP Request: POST http://localhost:11434/api/chat "HTTP/1.1 200 OK"
20:11:59     ✅ OK
20:12:16  HTTP Request: POST http://localhost:11434/api/chat "HTTP/1.1 200 OK"
20:12:16     ✅ OK
20:12:33  HTTP Request: POST http://localhost:11434/api/chat "HTTP/1.1 200 OK"
20:12:33     ✅ OK
20:12:50  HTTP Request: POST http://localhost:11434/api/chat "HTTP/1.1 200 OK"
20:12:50     ✅ OK
20:13:07  HTTP Request: POST http://localhost:11434/api/chat "HTTP/1.1 200 OK"
20:13:07     ✅ OK
20:13:24  HTTP Request: POST http://localhost:11434/api/chat "HTTP/1.1 200 OK"
20:13:24     ✅ OK
20:13:34  ❌ Kamera-Fehler: Konnte kein Frame von der Kamera lesen!
20:13:35  🔄 Kamera-Stream wird neu verbunden.
20:13:35  📷 Kamera-Stream geschlossen.
20:13:35  📷 Öffne Kamera-Stream: http://10.0.0.63:3031/video
20:13:35  ✅ Kamera-Stream geöffnet.
20:13:35  ✅ Kamera-Reconnect erfolgreich (Versuch 1/3).
20:13:42  HTTP Request: POST http://localhost:11434/api/chat "HTTP/1.1 200 OK"
20:13:42     ✅ OK
20:13:59  HTTP Request: POST http://localhost:11434/api/chat "HTTP/1.1 200 OK"
20:13:59     ✅ OK
20:14:17  HTTP Request: POST http://localhost:11434/api/chat "HTTP/1.1 200 OK"
20:14:17     ✅ OK
20:14:34  HTTP Request: POST http://localhost:11434/api/chat "HTTP/1.1 200 OK"
20:14:34     ✅ OK
20:14:44  ❌ Kamera-Fehler: Konnte kein Frame von der Kamera lesen!
20:14:45  🔄 Kamera-Stream wird neu verbunden.
20:14:45  📷 Kamera-Stream geschlossen.
20:14:45  📷 Öffne Kamera-Stream: http://10.0.0.63:3031/video
20:14:45  ✅ Kamera-Stream geöffnet.
20:14:45  ✅ Kamera-Reconnect erfolgreich (Versuch 1/3).
20:14:52  HTTP Request: POST http://localhost:11434/api/chat "HTTP/1.1 200 OK"
20:14:52     ✅ OK
20:15:09  HTTP Request: POST http://localhost:11434/api/chat "HTTP/1.1 200 OK"
20:15:09     ✅ OK
20:15:26  HTTP Request: POST http://localhost:11434/api/chat "HTTP/1.1 200 OK"
20:15:26     ✅ OK
20:15:43  HTTP Request: POST http://localhost:11434/api/chat "HTTP/1.1 200 OK"
20:15:43     ✅ OK
20:16:00  HTTP Request: POST http://localhost:11434/api/chat "HTTP/1.1 200 OK"
20:16:00     ✅ OK
20:16:10  ❌ Kamera-Fehler: Konnte kein Frame von der Kamera lesen!
20:16:11  🔄 Kamera-Stream wird neu verbunden.
20:16:11  📷 Kamera-Stream geschlossen.
20:16:11  📷 Öffne Kamera-Stream: http://10.0.0.63:3031/video
20:16:11  ✅ Kamera-Stream geöffnet.
20:16:12  ✅ Kamera-Reconnect erfolgreich (Versuch 1/3).
20:16:19  HTTP Request: POST http://localhost:11434/api/chat "HTTP/1.1 200 OK"
20:16:19     ✅ OK
20:16:36  HTTP Request: POST http://localhost:11434/api/chat "HTTP/1.1 200 OK"
20:16:36     ✅ OK
20:16:53  HTTP Request: POST http://localhost:11434/api/chat "HTTP/1.1 200 OK"
20:16:53     ✅ OK
20:17:10  HTTP Request: POST http://localhost:11434/api/chat "HTTP/1.1 200 OK"
20:17:10     ✅ OK
20:17:20  ❌ Kamera-Fehler: Konnte kein Frame von der Kamera lesen!
20:17:21  🔄 Kamera-Stream wird neu verbunden.
20:17:21  📷 Kamera-Stream geschlossen.
20:17:21  📷 Öffne Kamera-Stream: http://10.0.0.63:3031/video
20:17:21  ✅ Kamera-Stream geöffnet.
20:17:21  ✅ Kamera-Reconnect erfolgreich (Versuch 1/3).
20:17:29  HTTP Request: POST http://localhost:11434/api/chat "HTTP/1.1 200 OK"
20:17:29     ✅ OK
20:17:46  HTTP Request: POST http://localhost:11434/api/chat "HTTP/1.1 200 OK"
20:17:46     ✅ OK
20:18:03  HTTP Request: POST http://localhost:11434/api/chat "HTTP/1.1 200 OK"
20:18:03     ✅ OK
20:18:20  HTTP Request: POST http://localhost:11434/api/chat "HTTP/1.1 200 OK"
20:18:20     ✅ OK
20:18:30  ❌ Kamera-Fehler: Konnte kein Frame von der Kamera lesen!
20:18:31  🔄 Kamera-Stream wird neu verbunden.
20:18:31  📷 Kamera-Stream geschlossen.
20:18:31  📷 Öffne Kamera-Stream: http://10.0.0.63:3031/video
20:18:31  ✅ Kamera-Stream geöffnet.
20:18:31  ✅ Kamera-Reconnect erfolgreich (Versuch 1/3).
20:18:38  HTTP Request: POST http://localhost:11434/api/chat "HTTP/1.1 200 OK"
20:18:38     ✅ OK
20:18:55  HTTP Request: POST http://localhost:11434/api/chat "HTTP/1.1 200 OK"
20:18:55     ✅ OK
20:19:12  HTTP Request: POST http://localhost:11434/api/chat "HTTP/1.1 200 OK"
20:19:12     ✅ OK
20:19:30  HTTP Request: POST http://localhost:11434/api/chat "HTTP/1.1 200 OK"
20:19:30     ✅ OK
20:19:47  HTTP Request: POST http://localhost:11434/api/chat "HTTP/1.1 200 OK"
20:19:47     ✅ OK
20:19:57  ❌ Kamera-Fehler: Konnte kein Frame von der Kamera lesen!
20:19:58  🔄 Kamera-Stream wird neu verbunden.
20:19:58  📷 Kamera-Stream geschlossen.
20:19:58  📷 Öffne Kamera-Stream: http://10.0.0.63:3031/video
20:19:58  ✅ Kamera-Stream geöffnet.
20:19:58  ✅ Kamera-Reconnect erfolgreich (Versuch 1/3).
20:20:05  HTTP Request: POST http://localhost:11434/api/chat "HTTP/1.1 200 OK"
20:20:05     ✅ OK
20:20:22  HTTP Request: POST http://localhost:11434/api/chat "HTTP/1.1 200 OK"
20:20:22     ✅ OK
20:20:39  HTTP Request: POST http://localhost:11434/api/chat "HTTP/1.1 200 OK"
20:20:39     ✅ OK
20:20:56  HTTP Request: POST http://localhost:11434/api/chat "HTTP/1.1 200 OK"
20:20:56     ✅ OK
20:21:13  HTTP Request: POST http://localhost:11434/api/chat "HTTP/1.1 200 OK"
20:21:13     ✅ OK
20:21:23  ❌ Kamera-Fehler: Konnte kein Frame von der Kamera lesen!
20:21:24  🔄 Kamera-Stream wird neu verbunden.
20:21:24  📷 Kamera-Stream geschlossen.
20:21:24  📷 Öffne Kamera-Stream: http://10.0.0.63:3031/video
20:21:24  ✅ Kamera-Stream geöffnet.
20:21:25  ✅ Kamera-Reconnect erfolgreich (Versuch 1/3).
20:21:32  HTTP Request: POST http://localhost:11434/api/chat "HTTP/1.1 200 OK"
20:21:32     ✅ OK
20:21:49  HTTP Request: POST http://localhost:11434/api/chat "HTTP/1.1 200 OK"
20:21:49     ✅ OK
20:22:06  HTTP Request: POST http://localhost:11434/api/chat "HTTP/1.1 200 OK"
20:22:06     ✅ OK
20:22:23  HTTP Request: POST http://localhost:11434/api/chat "HTTP/1.1 200 OK"
20:22:23     ✅ OK
20:22:40  HTTP Request: POST http://localhost:11434/api/chat "HTTP/1.1 200 OK"
20:22:40     ✅ OK
20:22:50  ❌ Kamera-Fehler: Konnte kein Frame von der Kamera lesen!
20:22:51  🔄 Kamera-Stream wird neu verbunden.
20:22:51  📷 Kamera-Stream geschlossen.
20:22:51  📷 Öffne Kamera-Stream: http://10.0.0.63:3031/video
20:22:51  ✅ Kamera-Stream geöffnet.
20:22:52  ✅ Kamera-Reconnect erfolgreich (Versuch 1/3).
20:22:59  HTTP Request: POST http://localhost:11434/api/chat "HTTP/1.1 200 OK"
20:22:59     ✅ OK
20:23:16  HTTP Request: POST http://localhost:11434/api/chat "HTTP/1.1 200 OK"
20:23:16     ✅ OK
20:23:33  HTTP Request: POST http://localhost:11434/api/chat "HTTP/1.1 200 OK"
20:23:33     ✅ OK
20:23:50  HTTP Request: POST http://localhost:11434/api/chat "HTTP/1.1 200 OK"
20:23:50     ✅ OK
20:24:07  HTTP Request: POST http://localhost:11434/api/chat "HTTP/1.1 200 OK"
20:24:07     ✅ OK
20:24:17  ❌ Kamera-Fehler: Konnte kein Frame von der Kamera lesen!
20:24:18  🔄 Kamera-Stream wird neu verbunden.
20:24:18  📷 Kamera-Stream geschlossen.
20:24:18  📷 Öffne Kamera-Stream: http://10.0.0.63:3031/video
20:24:18  ✅ Kamera-Stream geöffnet.
20:24:18  ✅ Kamera-Reconnect erfolgreich (Versuch 1/3).
20:24:25  HTTP Request: POST http://localhost:11434/api/chat "HTTP/1.1 200 OK"
20:24:25     ✅ OK
20:24:42  HTTP Request: POST http://localhost:11434/api/chat "HTTP/1.1 200 OK"
20:24:42     ✅ OK
20:25:00  HTTP Request: POST http://localhost:11434/api/chat "HTTP/1.1 200 OK"
20:25:00     ✅ OK
20:25:17  HTTP Request: POST http://localhost:11434/api/chat "HTTP/1.1 200 OK"
20:25:17     ✅ OK
20:25:27  ❌ Kamera-Fehler: Konnte kein Frame von der Kamera lesen!
20:25:28  🔄 Kamera-Stream wird neu verbunden.
20:25:28  📷 Kamera-Stream geschlossen.
20:25:28  📷 Öffne Kamera-Stream: http://10.0.0.63:3031/video
20:25:28  ✅ Kamera-Stream geöffnet.
20:25:28  ✅ Kamera-Reconnect erfolgreich (Versuch 1/3).
20:25:35  HTTP Request: POST http://localhost:11434/api/chat "HTTP/1.1 200 OK"
20:25:35     ✅ OK
20:25:52  HTTP Request: POST http://localhost:11434/api/chat "HTTP/1.1 200 OK"
20:25:52     ✅ OK
20:26:09  HTTP Request: POST http://localhost:11434/api/chat "HTTP/1.1 200 OK"
20:26:09     ✅ OK
20:26:26  HTTP Request: POST http://localhost:11434/api/chat "HTTP/1.1 200 OK"
20:26:26     ✅ OK
20:26:44  HTTP Request: POST http://localhost:11434/api/chat "HTTP/1.1 200 OK"
20:26:44     ✅ OK
20:26:54  ❌ Kamera-Fehler: Konnte kein Frame von der Kamera lesen!
20:26:55  🔄 Kamera-Stream wird neu verbunden.
20:26:55  📷 Kamera-Stream geschlossen.
20:26:55  📷 Öffne Kamera-Stream: http://10.0.0.63:3031/video
20:26:55  ✅ Kamera-Stream geöffnet.
20:26:55  ✅ Kamera-Reconnect erfolgreich (Versuch 1/3).
20:27:02  HTTP Request: POST http://localhost:11434/api/chat "HTTP/1.1 200 OK"
20:27:02     ✅ OK
20:27:19  HTTP Request: POST http://localhost:11434/api/chat "HTTP/1.1 200 OK"
20:27:19     ✅ OK
20:27:36  HTTP Request: POST http://localhost:11434/api/chat "HTTP/1.1 200 OK"
20:27:36     ✅ OK
20:27:53  HTTP Request: POST http://localhost:11434/api/chat "HTTP/1.1 200 OK"
20:27:53     ✅ OK
20:28:10  HTTP Request: POST http://localhost:11434/api/chat "HTTP/1.1 200 OK"
20:28:10     ✅ OK
20:28:20  ❌ Kamera-Fehler: Konnte kein Frame von der Kamera lesen!
20:28:21  🔄 Kamera-Stream wird neu verbunden.
20:28:21  📷 Kamera-Stream geschlossen.
20:28:21  📷 Öffne Kamera-Stream: http://10.0.0.63:3031/video
20:28:22  ✅ Kamera-Stream geöffnet.
20:28:22  ✅ Kamera-Reconnect erfolgreich (Versuch 1/3).
20:28:29  HTTP Request: POST http://localhost:11434/api/chat "HTTP/1.1 200 OK"
20:28:29     ✅ OK
20:28:46  HTTP Request: POST http://localhost:11434/api/chat "HTTP/1.1 200 OK"
20:28:46     ✅ OK
20:29:03  HTTP Request: POST http://localhost:11434/api/chat "HTTP/1.1 200 OK"
20:29:03     ✅ OK
20:29:20  HTTP Request: POST http://localhost:11434/api/chat "HTTP/1.1 200 OK"
20:29:20     ✅ OK
20:29:30  ❌ Kamera-Fehler: Konnte kein Frame von der Kamera lesen!
20:29:31  🔄 Kamera-Stream wird neu verbunden.
20:29:31  📷 Kamera-Stream geschlossen.
20:29:31  📷 Öffne Kamera-Stream: http://10.0.0.63:3031/video
20:29:31  ✅ Kamera-Stream geöffnet.
20:29:31  ✅ Kamera-Reconnect erfolgreich (Versuch 1/3).
20:29:39  HTTP Request: POST http://localhost:11434/api/chat "HTTP/1.1 200 OK"
20:29:39     ✅ OK
20:29:56  HTTP Request: POST http://localhost:11434/api/chat "HTTP/1.1 200 OK"
20:29:56     ✅ OK
20:30:13  HTTP Request: POST http://localhost:11434/api/chat "HTTP/1.1 200 OK"
20:30:13     ✅ OK
20:30:30  HTTP Request: POST http://localhost:11434/api/chat "HTTP/1.1 200 OK"
20:30:30     ✅ OK
20:30:40  ❌ Kamera-Fehler: Konnte kein Frame von der Kamera lesen!
20:30:41  🔄 Kamera-Stream wird neu verbunden.
20:30:41  📷 Kamera-Stream geschlossen.
20:30:41  📷 Öffne Kamera-Stream: http://10.0.0.63:3031/video
20:30:41  ✅ Kamera-Stream geöffnet.
20:30:41  ✅ Kamera-Reconnect erfolgreich (Versuch 1/3).
20:30:48  HTTP Request: POST http://localhost:11434/api/chat "HTTP/1.1 200 OK"
20:30:48     ✅ OK
20:31:05  HTTP Request: POST http://localhost:11434/api/chat "HTTP/1.1 200 OK"
20:31:05     ✅ OK
20:31:22  HTTP Request: POST http://localhost:11434/api/chat "HTTP/1.1 200 OK"
20:31:22     ✅ OK
20:31:39  HTTP Request: POST http://localhost:11434/api/chat "HTTP/1.1 200 OK"
20:31:39     ✅ OK
20:31:57  HTTP Request: POST http://localhost:11434/api/chat "HTTP/1.1 200 OK"
20:31:57     ✅ OK
20:32:07  ❌ Kamera-Fehler: Konnte kein Frame von der Kamera lesen!
20:32:08  🔄 Kamera-Stream wird neu verbunden.
20:32:08  📷 Kamera-Stream geschlossen.
20:32:08  📷 Öffne Kamera-Stream: http://10.0.0.63:3031/video
20:32:08  ✅ Kamera-Stream geöffnet.
20:32:08  ✅ Kamera-Reconnect erfolgreich (Versuch 1/3).
20:32:15  HTTP Request: POST http://localhost:11434/api/chat "HTTP/1.1 200 OK"
20:32:15     ✅ OK
20:32:32  HTTP Request: POST http://localhost:11434/api/chat "HTTP/1.1 200 OK"
20:32:32     ✅ OK
20:32:49  HTTP Request: POST http://localhost:11434/api/chat "HTTP/1.1 200 OK"
20:32:49     ✅ OK
20:33:06  HTTP Request: POST http://localhost:11434/api/chat "HTTP/1.1 200 OK"
20:33:06     ✅ OK
20:33:23  HTTP Request: POST http://localhost:11434/api/chat "HTTP/1.1 200 OK"
20:33:23     ✅ OK
20:33:33  ❌ Kamera-Fehler: Konnte kein Frame von der Kamera lesen!
20:33:34  🔄 Kamera-Stream wird neu verbunden.
20:33:34  📷 Kamera-Stream geschlossen.
20:33:34  📷 Öffne Kamera-Stream: http://10.0.0.63:3031/video
20:33:34  ✅ Kamera-Stream geöffnet.
20:33:35  ✅ Kamera-Reconnect erfolgreich (Versuch 1/3).
20:33:42  HTTP Request: POST http://localhost:11434/api/chat "HTTP/1.1 200 OK"
20:33:42     ✅ OK
20:33:59  HTTP Request: POST http://localhost:11434/api/chat "HTTP/1.1 200 OK"
20:33:59     ✅ OK
20:34:16  HTTP Request: POST http://localhost:11434/api/chat "HTTP/1.1 200 OK"
20:34:16     ✅ OK
20:34:33  HTTP Request: POST http://localhost:11434/api/chat "HTTP/1.1 200 OK"
20:34:33     ✅ OK
20:34:43  ❌ Kamera-Fehler: Konnte kein Frame von der Kamera lesen!
20:34:44  🔄 Kamera-Stream wird neu verbunden.
20:34:44  📷 Kamera-Stream geschlossen.
20:34:44  📷 Öffne Kamera-Stream: http://10.0.0.63:3031/video
20:34:44  ✅ Kamera-Stream geöffnet.
20:34:44  ✅ Kamera-Reconnect erfolgreich (Versuch 1/3).
20:34:51  HTTP Request: POST http://localhost:11434/api/chat "HTTP/1.1 200 OK"
20:34:51     ✅ OK
20:35:08  HTTP Request: POST http://localhost:11434/api/chat "HTTP/1.1 200 OK"
20:35:08     ✅ OK
20:35:26  HTTP Request: POST http://localhost:11434/api/chat "HTTP/1.1 200 OK"
20:35:26     ✅ OK
20:35:43  HTTP Request: POST http://localhost:11434/api/chat "HTTP/1.1 200 OK"
20:35:43     ✅ OK
20:36:00  HTTP Request: POST http://localhost:11434/api/chat "HTTP/1.1 200 OK"
20:36:00     ✅ OK
20:36:10  ❌ Kamera-Fehler: Konnte kein Frame von der Kamera lesen!
20:36:11  🔄 Kamera-Stream wird neu verbunden.
20:36:11  📷 Kamera-Stream geschlossen.
20:36:11  📷 Öffne Kamera-Stream: http://10.0.0.63:3031/video
20:36:11  ✅ Kamera-Stream geöffnet.
20:36:11  ✅ Kamera-Reconnect erfolgreich (Versuch 1/3).
20:36:18  HTTP Request: POST http://localhost:11434/api/chat "HTTP/1.1 200 OK"
20:36:18     ✅ OK
20:36:35  HTTP Request: POST http://localhost:11434/api/chat "HTTP/1.1 200 OK"
20:36:35     ✅ OK
20:36:52  HTTP Request: POST http://localhost:11434/api/chat "HTTP/1.1 200 OK"
20:36:52     ✅ OK
20:37:09  HTTP Request: POST http://localhost:11434/api/chat "HTTP/1.1 200 OK"
20:37:09     ✅ OK
20:37:19  ❌ Kamera-Fehler: Konnte kein Frame von der Kamera lesen!
20:37:20  🔄 Kamera-Stream wird neu verbunden.
20:37:20  📷 Kamera-Stream geschlossen.
20:37:20  📷 Öffne Kamera-Stream: http://10.0.0.63:3031/video
20:37:20  ✅ Kamera-Stream geöffnet.
20:37:20  ✅ Kamera-Reconnect erfolgreich (Versuch 1/3).
20:37:28  HTTP Request: POST http://localhost:11434/api/chat "HTTP/1.1 200 OK"
20:37:28     ✅ OK
20:37:45  HTTP Request: POST http://localhost:11434/api/chat "HTTP/1.1 200 OK"
20:37:45     ✅ OK
20:38:02  HTTP Request: POST http://localhost:11434/api/chat "HTTP/1.1 200 OK"
20:38:02     ✅ OK
20:38:19  HTTP Request: POST http://localhost:11434/api/chat "HTTP/1.1 200 OK"
20:38:19     ✅ OK
20:38:36  HTTP Request: POST http://localhost:11434/api/chat "HTTP/1.1 200 OK"
20:38:36     ✅ OK
20:38:46  ❌ Kamera-Fehler: Konnte kein Frame von der Kamera lesen!
20:38:47  🔄 Kamera-Stream wird neu verbunden.
20:38:47  📷 Kamera-Stream geschlossen.
20:38:47  📷 Öffne Kamera-Stream: http://10.0.0.63:3031/video
20:38:47  ✅ Kamera-Stream geöffnet.
20:38:47  ✅ Kamera-Reconnect erfolgreich (Versuch 1/3).
20:38:54  HTTP Request: POST http://localhost:11434/api/chat "HTTP/1.1 200 OK"
20:38:54     ✅ OK
20:39:11  HTTP Request: POST http://localhost:11434/api/chat "HTTP/1.1 200 OK"
20:39:11     ✅ OK
20:39:28  HTTP Request: POST http://localhost:11434/api/chat "HTTP/1.1 200 OK"
20:39:28     ✅ OK
20:39:45  HTTP Request: POST http://localhost:11434/api/chat "HTTP/1.1 200 OK"
20:39:45     ✅ OK
20:40:02  HTTP Request: POST http://localhost:11434/api/chat "HTTP/1.1 200 OK"
20:40:02     ✅ OK
20:40:12  ❌ Kamera-Fehler: Konnte kein Frame von der Kamera lesen!
20:40:13  🔄 Kamera-Stream wird neu verbunden.
20:40:13  📷 Kamera-Stream geschlossen.
20:40:13  📷 Öffne Kamera-Stream: http://10.0.0.63:3031/video
20:40:13  ✅ Kamera-Stream geöffnet.
20:40:13  ✅ Kamera-Reconnect erfolgreich (Versuch 1/3).
20:40:20  HTTP Request: POST http://localhost:11434/api/chat "HTTP/1.1 200 OK"
20:40:20     ✅ OK
20:40:37  HTTP Request: POST http://localhost:11434/api/chat "HTTP/1.1 200 OK"
20:40:37     ✅ OK
20:40:53  HTTP Request: POST http://localhost:11434/api/chat "HTTP/1.1 200 OK"
20:40:53     ✅ OK
20:41:10  HTTP Request: POST http://localhost:11434/api/chat "HTTP/1.1 200 OK"
20:41:10     ✅ OK
20:41:27  HTTP Request: POST http://localhost:11434/api/chat "HTTP/1.1 200 OK"
20:41:27     ✅ OK
20:41:37  ❌ Kamera-Fehler: Konnte kein Frame von der Kamera lesen!
20:41:38  🔄 Kamera-Stream wird neu verbunden.
20:41:38  📷 Kamera-Stream geschlossen.
20:41:38  📷 Öffne Kamera-Stream: http://10.0.0.63:3031/video
20:41:38  ✅ Kamera-Stream geöffnet.
20:41:38  ✅ Kamera-Reconnect erfolgreich (Versuch 1/3).
20:41:45  HTTP Request: POST http://localhost:11434/api/chat "HTTP/1.1 200 OK"
20:41:45     ✅ OK
20:42:02  HTTP Request: POST http://localhost:11434/api/chat "HTTP/1.1 200 OK"
20:42:02     ✅ OK
20:42:19  HTTP Request: POST http://localhost:11434/api/chat "HTTP/1.1 200 OK"
20:42:19     ✅ OK
20:42:36  HTTP Request: POST http://localhost:11434/api/chat "HTTP/1.1 200 OK"
20:42:36     ✅ OK
20:42:46  ❌ Kamera-Fehler: Konnte kein Frame von der Kamera lesen!
20:42:47  🔄 Kamera-Stream wird neu verbunden.
20:42:47  📷 Kamera-Stream geschlossen.
20:42:47  📷 Öffne Kamera-Stream: http://10.0.0.63:3031/video
20:42:47  ✅ Kamera-Stream geöffnet.
20:42:47  ✅ Kamera-Reconnect erfolgreich (Versuch 1/3).
20:42:54  HTTP Request: POST http://localhost:11434/api/chat "HTTP/1.1 200 OK"
20:42:54     ✅ OK
20:43:11  HTTP Request: POST http://localhost:11434/api/chat "HTTP/1.1 200 OK"
20:43:11     ✅ OK
20:43:27  HTTP Request: POST http://localhost:11434/api/chat "HTTP/1.1 200 OK"
20:43:27     ✅ OK
20:43:44  HTTP Request: POST http://localhost:11434/api/chat "HTTP/1.1 200 OK"
20:43:44     ✅ OK
20:43:54  ❌ Kamera-Fehler: Konnte kein Frame von der Kamera lesen!
20:43:55  🔄 Kamera-Stream wird neu verbunden.
20:43:55  📷 Kamera-Stream geschlossen.
20:43:55  📷 Öffne Kamera-Stream: http://10.0.0.63:3031/video
20:43:55  ✅ Kamera-Stream geöffnet.
20:43:55  ✅ Kamera-Reconnect erfolgreich (Versuch 1/3).
20:44:02  HTTP Request: POST http://localhost:11434/api/chat "HTTP/1.1 200 OK"
20:44:02     ✅ OK
20:44:19  HTTP Request: POST http://localhost:11434/api/chat "HTTP/1.1 200 OK"
20:44:19     ✅ OK
20:44:36  HTTP Request: POST http://localhost:11434/api/chat "HTTP/1.1 200 OK"
20:44:36     ✅ OK
20:44:53  HTTP Request: POST http://localhost:11434/api/chat "HTTP/1.1 200 OK"
20:44:53     ✅ OK
20:45:10  HTTP Request: POST http://localhost:11434/api/chat "HTTP/1.1 200 OK"
20:45:10     ✅ OK
20:45:20  ❌ Kamera-Fehler: Konnte kein Frame von der Kamera lesen!
20:45:21  🔄 Kamera-Stream wird neu verbunden.
20:45:21  📷 Kamera-Stream geschlossen.
20:45:21  📷 Öffne Kamera-Stream: http://10.0.0.63:3031/video
20:45:21  ✅ Kamera-Stream geöffnet.
20:45:21  ✅ Kamera-Reconnect erfolgreich (Versuch 1/3).
20:45:28  HTTP Request: POST http://localhost:11434/api/chat "HTTP/1.1 200 OK"
20:45:28     ✅ OK
20:45:44  HTTP Request: POST http://localhost:11434/api/chat "HTTP/1.1 200 OK"
20:45:44     ✅ OK
20:46:01  HTTP Request: POST http://localhost:11434/api/chat "HTTP/1.1 200 OK"
20:46:01     ✅ OK
20:46:18  HTTP Request: POST http://localhost:11434/api/chat "HTTP/1.1 200 OK"
20:46:18     ✅ OK
20:46:35  HTTP Request: POST http://localhost:11434/api/chat "HTTP/1.1 200 OK"
20:46:35     ✅ OK
20:46:45  ❌ Kamera-Fehler: Konnte kein Frame von der Kamera lesen!
20:46:46  🔄 Kamera-Stream wird neu verbunden.
20:46:46  📷 Kamera-Stream geschlossen.
20:46:46  📷 Öffne Kamera-Stream: http://10.0.0.63:3031/video
20:46:46  ✅ Kamera-Stream geöffnet.
20:46:46  ✅ Kamera-Reconnect erfolgreich (Versuch 1/3).
20:46:53  HTTP Request: POST http://localhost:11434/api/chat "HTTP/1.1 200 OK"
20:46:53     ✅ OK
20:47:10  HTTP Request: POST http://localhost:11434/api/chat "HTTP/1.1 200 OK"
20:47:10     ✅ OK
20:47:27  HTTP Request: POST http://localhost:11434/api/chat "HTTP/1.1 200 OK"
20:47:27     ✅ OK
20:47:43  HTTP Request: POST http://localhost:11434/api/chat "HTTP/1.1 200 OK"
20:47:43     ✅ OK
20:48:00  HTTP Request: POST http://localhost:11434/api/chat "HTTP/1.1 200 OK"
20:48:00     ✅ OK
20:48:10  ❌ Kamera-Fehler: Konnte kein Frame von der Kamera lesen!
20:48:11  🔄 Kamera-Stream wird neu verbunden.
20:48:11  📷 Kamera-Stream geschlossen.
20:48:11  📷 Öffne Kamera-Stream: http://10.0.0.63:3031/video
20:48:11  ✅ Kamera-Stream geöffnet.
20:48:11  ✅ Kamera-Reconnect erfolgreich (Versuch 1/3).
20:48:18  HTTP Request: POST http://localhost:11434/api/chat "HTTP/1.1 200 OK"
20:48:18     ✅ OK
20:48:35  HTTP Request: POST http://localhost:11434/api/chat "HTTP/1.1 200 OK"
20:48:35     ✅ OK
20:48:52  HTTP Request: POST http://localhost:11434/api/chat "HTTP/1.1 200 OK"
20:48:52     ✅ OK
20:49:09  HTTP Request: POST http://localhost:11434/api/chat "HTTP/1.1 200 OK"
20:49:09     ✅ OK
20:49:19  ❌ Kamera-Fehler: Konnte kein Frame von der Kamera lesen!
20:49:20  🔄 Kamera-Stream wird neu verbunden.
20:49:20  📷 Kamera-Stream geschlossen.
20:49:20  📷 Öffne Kamera-Stream: http://10.0.0.63:3031/video
20:49:20  ✅ Kamera-Stream geöffnet.
20:49:20  ✅ Kamera-Reconnect erfolgreich (Versuch 1/3).
20:49:27  HTTP Request: POST http://localhost:11434/api/chat "HTTP/1.1 200 OK"
20:49:27     ✅ OK
20:49:43  HTTP Request: POST http://localhost:11434/api/chat "HTTP/1.1 200 OK"
20:49:43     ✅ OK
20:50:00  HTTP Request: POST http://localhost:11434/api/chat "HTTP/1.1 200 OK"
20:50:00     ✅ OK
20:50:10  ❌ Kamera-Fehler: Konnte kein Frame von der Kamera lesen!
20:50:11  🔄 Kamera-Stream wird neu verbunden.
20:50:11  📷 Kamera-Stream geschlossen.
20:50:11  📷 Öffne Kamera-Stream: http://10.0.0.63:3031/video
20:50:11  ✅ Kamera-Stream geöffnet.
20:50:11  ✅ Kamera-Reconnect erfolgreich (Versuch 1/3).
20:50:18  HTTP Request: POST http://localhost:11434/api/chat "HTTP/1.1 200 OK"
20:50:18     ✅ OK
20:50:35  HTTP Request: POST http://localhost:11434/api/chat "HTTP/1.1 200 OK"
20:50:35     ✅ OK
20:50:52  HTTP Request: POST http://localhost:11434/api/chat "HTTP/1.1 200 OK"
20:50:52     ✅ OK
20:51:09  HTTP Request: POST http://localhost:11434/api/chat "HTTP/1.1 200 OK"
20:51:09     ✅ OK
20:51:19  ❌ Kamera-Fehler: Konnte kein Frame von der Kamera lesen!
20:51:20  🔄 Kamera-Stream wird neu verbunden.
20:51:20  📷 Kamera-Stream geschlossen.
20:51:20  📷 Öffne Kamera-Stream: http://10.0.0.63:3031/video
20:51:20  ✅ Kamera-Stream geöffnet.
20:51:20  ✅ Kamera-Reconnect erfolgreich (Versuch 1/3).
20:51:27  HTTP Request: POST http://localhost:11434/api/chat "HTTP/1.1 200 OK"
20:51:27     ✅ OK
20:51:44  HTTP Request: POST http://localhost:11434/api/chat "HTTP/1.1 200 OK"
20:51:44     ✅ OK
20:52:00  HTTP Request: POST http://localhost:11434/api/chat "HTTP/1.1 200 OK"
20:52:00     ✅ OK
20:52:17  HTTP Request: POST http://localhost:11434/api/chat "HTTP/1.1 200 OK"
20:52:17     ✅ OK
20:52:27  ❌ Kamera-Fehler: Konnte kein Frame von der Kamera lesen!
20:52:28  🔄 Kamera-Stream wird neu verbunden.
20:52:28  📷 Kamera-Stream geschlossen.
20:52:28  📷 Öffne Kamera-Stream: http://10.0.0.63:3031/video
20:52:28  ✅ Kamera-Stream geöffnet.
20:52:28  ✅ Kamera-Reconnect erfolgreich (Versuch 1/3).
20:52:35  HTTP Request: POST http://localhost:11434/api/chat "HTTP/1.1 200 OK"
20:52:35     ✅ OK
20:52:52  HTTP Request: POST http://localhost:11434/api/chat "HTTP/1.1 200 OK"
20:52:52     ✅ OK
20:53:09  HTTP Request: POST http://localhost:11434/api/chat "HTTP/1.1 200 OK"
20:53:09     ✅ OK
20:53:26  HTTP Request: POST http://localhost:11434/api/chat "HTTP/1.1 200 OK"
20:53:26     ✅ OK
20:53:36  ❌ Kamera-Fehler: Konnte kein Frame von der Kamera lesen!
20:53:37  🔄 Kamera-Stream wird neu verbunden.
20:53:37  📷 Kamera-Stream geschlossen.
20:53:37  📷 Öffne Kamera-Stream: http://10.0.0.63:3031/video
20:53:37  ✅ Kamera-Stream geöffnet.
20:53:37  ✅ Kamera-Reconnect erfolgreich (Versuch 1/3).
20:53:44  HTTP Request: POST http://localhost:11434/api/chat "HTTP/1.1 200 OK"
20:53:44     ✅ OK
20:54:01  HTTP Request: POST http://localhost:11434/api/chat "HTTP/1.1 200 OK"
20:54:01     ✅ OK
20:54:18  HTTP Request: POST http://localhost:11434/api/chat "HTTP/1.1 200 OK"
20:54:18     ✅ OK
20:54:35  HTTP Request: POST http://localhost:11434/api/chat "HTTP/1.1 200 OK"
20:54:35     ✅ OK
20:54:45  ❌ Kamera-Fehler: Konnte kein Frame von der Kamera lesen!
20:54:46  🔄 Kamera-Stream wird neu verbunden.
20:54:46  📷 Kamera-Stream geschlossen.
20:54:46  📷 Öffne Kamera-Stream: http://10.0.0.63:3031/video
20:54:46  ✅ Kamera-Stream geöffnet.
20:54:46  ✅ Kamera-Reconnect erfolgreich (Versuch 1/3).
20:54:53  HTTP Request: POST http://localhost:11434/api/chat "HTTP/1.1 200 OK"
20:54:53     ✅ OK
20:55:10  HTTP Request: POST http://localhost:11434/api/chat "HTTP/1.1 200 OK"
20:55:10     ✅ OK
20:55:26  HTTP Request: POST http://localhost:11434/api/chat "HTTP/1.1 200 OK"
20:55:26     ✅ OK
20:55:43  HTTP Request: POST http://localhost:11434/api/chat "HTTP/1.1 200 OK"
20:55:43     ✅ OK
20:56:00  HTTP Request: POST http://localhost:11434/api/chat "HTTP/1.1 200 OK"
20:56:00     ✅ OK
20:56:10  ❌ Kamera-Fehler: Konnte kein Frame von der Kamera lesen!
20:56:11  🔄 Kamera-Stream wird neu verbunden.
20:56:11  📷 Kamera-Stream geschlossen.
20:56:11  📷 Öffne Kamera-Stream: http://10.0.0.63:3031/video
20:56:11  ✅ Kamera-Stream geöffnet.
20:56:11  ✅ Kamera-Reconnect erfolgreich (Versuch 1/3).
20:56:18  HTTP Request: POST http://localhost:11434/api/chat "HTTP/1.1 200 OK"
20:56:18     ✅ OK
20:56:35  HTTP Request: POST http://localhost:11434/api/chat "HTTP/1.1 200 OK"
20:56:35     ✅ OK
20:56:52  HTTP Request: POST http://localhost:11434/api/chat "HTTP/1.1 200 OK"
20:56:52     ✅ OK
20:57:08  HTTP Request: POST http://localhost:11434/api/chat "HTTP/1.1 200 OK"
20:57:08     ✅ OK
20:57:25  HTTP Request: POST http://localhost:11434/api/chat "HTTP/1.1 200 OK"
20:57:25     ✅ OK
20:57:42  HTTP Request: POST http://localhost:11434/api/chat "HTTP/1.1 200 OK"
20:57:42     ✅ OK
20:57:52  ❌ Kamera-Fehler: Konnte kein Frame von der Kamera lesen!
20:57:53  🔄 Kamera-Stream wird neu verbunden.
20:57:53  📷 Kamera-Stream geschlossen.
20:57:53  📷 Öffne Kamera-Stream: http://10.0.0.63:3031/video
20:57:53  ✅ Kamera-Stream geöffnet.
20:57:53  ✅ Kamera-Reconnect erfolgreich (Versuch 1/3).
20:58:00  HTTP Request: POST http://localhost:11434/api/chat "HTTP/1.1 200 OK"
20:58:00     ✅ OK
20:58:17  HTTP Request: POST http://localhost:11434/api/chat "HTTP/1.1 200 OK"
20:58:17     ✅ OK
20:58:34  HTTP Request: POST http://localhost:11434/api/chat "HTTP/1.1 200 OK"
20:58:34     ✅ OK
20:58:51  HTTP Request: POST http://localhost:11434/api/chat "HTTP/1.1 200 OK"
20:58:51     ✅ OK
20:59:01  ❌ Kamera-Fehler: Konnte kein Frame von der Kamera lesen!
20:59:02  🔄 Kamera-Stream wird neu verbunden.
20:59:02  📷 Kamera-Stream geschlossen.
20:59:02  📷 Öffne Kamera-Stream: http://10.0.0.63:3031/video
20:59:02  ✅ Kamera-Stream geöffnet.
20:59:02  ✅ Kamera-Reconnect erfolgreich (Versuch 1/3).
20:59:09  HTTP Request: POST http://localhost:11434/api/chat "HTTP/1.1 200 OK"
20:59:09     ✅ OK
20:59:26  HTTP Request: POST http://localhost:11434/api/chat "HTTP/1.1 200 OK"
20:59:26     ✅ OK
20:59:42  HTTP Request: POST http://localhost:11434/api/chat "HTTP/1.1 200 OK"
20:59:42     ✅ OK
20:59:59  HTTP Request: POST http://localhost:11434/api/chat "HTTP/1.1 200 OK"
20:59:59     ✅ OK
21:00:09  ❌ Kamera-Fehler: Konnte kein Frame von der Kamera lesen!
21:00:10  🔄 Kamera-Stream wird neu verbunden.
21:00:10  📷 Kamera-Stream geschlossen.
21:00:10  📷 Öffne Kamera-Stream: http://10.0.0.63:3031/video
21:00:10  ✅ Kamera-Stream geöffnet.
21:00:10  ✅ Kamera-Reconnect erfolgreich (Versuch 1/3).
21:00:17  HTTP Request: POST http://localhost:11434/api/chat "HTTP/1.1 200 OK"
21:00:17     ✅ OK
21:00:34  HTTP Request: POST http://localhost:11434/api/chat "HTTP/1.1 200 OK"
21:00:34     ✅ OK
21:00:51  HTTP Request: POST http://localhost:11434/api/chat "HTTP/1.1 200 OK"
21:00:51     ✅ OK
21:01:08  HTTP Request: POST http://localhost:11434/api/chat "HTTP/1.1 200 OK"
21:01:08     ✅ OK
21:01:18  ❌ Kamera-Fehler: Konnte kein Frame von der Kamera lesen!
21:01:19  🔄 Kamera-Stream wird neu verbunden.
21:01:19  📷 Kamera-Stream geschlossen.
21:01:19  📷 Öffne Kamera-Stream: http://10.0.0.63:3031/video
21:01:19  ✅ Kamera-Stream geöffnet.
21:01:19  ✅ Kamera-Reconnect erfolgreich (Versuch 1/3).
21:01:26  HTTP Request: POST http://localhost:11434/api/chat "HTTP/1.1 200 OK"
21:01:26     ✅ OK
21:01:42  HTTP Request: POST http://localhost:11434/api/chat "HTTP/1.1 200 OK"
21:01:42     ✅ OK
21:01:59  HTTP Request: POST http://localhost:11434/api/chat "HTTP/1.1 200 OK"
21:01:59     ✅ OK
21:02:16  HTTP Request: POST http://localhost:11434/api/chat "HTTP/1.1 200 OK"
21:02:16     ✅ OK
21:02:33  HTTP Request: POST http://localhost:11434/api/chat "HTTP/1.1 200 OK"
21:02:33     ✅ OK
21:02:43  ❌ Kamera-Fehler: Konnte kein Frame von der Kamera lesen!
21:02:44  🔄 Kamera-Stream wird neu verbunden.
21:02:44  📷 Kamera-Stream geschlossen.
21:02:44  📷 Öffne Kamera-Stream: http://10.0.0.63:3031/video
21:02:44  ✅ Kamera-Stream geöffnet.
21:02:44  ✅ Kamera-Reconnect erfolgreich (Versuch 1/3).
21:02:51  HTTP Request: POST http://localhost:11434/api/chat "HTTP/1.1 200 OK"
21:02:51     ✅ OK
21:03:08  HTTP Request: POST http://localhost:11434/api/chat "HTTP/1.1 200 OK"
21:03:08     ✅ OK
21:03:24  HTTP Request: POST http://localhost:11434/api/chat "HTTP/1.1 200 OK"
21:03:24     ✅ OK
21:03:41  HTTP Request: POST http://localhost:11434/api/chat "HTTP/1.1 200 OK"
21:03:41     ✅ OK
21:03:51  ❌ Kamera-Fehler: Konnte kein Frame von der Kamera lesen!
21:03:52  🔄 Kamera-Stream wird neu verbunden.
21:03:52  📷 Kamera-Stream geschlossen.
21:03:52  📷 Öffne Kamera-Stream: http://10.0.0.63:3031/video
21:03:52  ✅ Kamera-Stream geöffnet.
21:03:52  ✅ Kamera-Reconnect erfolgreich (Versuch 1/3).
21:03:59  HTTP Request: POST http://localhost:11434/api/chat "HTTP/1.1 200 OK"
21:03:59     ✅ OK
21:04:16  HTTP Request: POST http://localhost:11434/api/chat "HTTP/1.1 200 OK"
21:04:16     ✅ OK
21:04:33  HTTP Request: POST http://localhost:11434/api/chat "HTTP/1.1 200 OK"
21:04:33     ✅ OK
21:04:49  HTTP Request: POST http://localhost:11434/api/chat "HTTP/1.1 200 OK"
21:04:49     ✅ OK
21:05:06  HTTP Request: POST http://localhost:11434/api/chat "HTTP/1.1 200 OK"
21:05:06     ✅ OK
21:05:16  ❌ Kamera-Fehler: Konnte kein Frame von der Kamera lesen!
21:05:17  🔄 Kamera-Stream wird neu verbunden.
21:05:17  📷 Kamera-Stream geschlossen.
21:05:17  📷 Öffne Kamera-Stream: http://10.0.0.63:3031/video
21:05:17  ✅ Kamera-Stream geöffnet.
21:05:18  ✅ Kamera-Reconnect erfolgreich (Versuch 1/3).
21:05:24  HTTP Request: POST http://localhost:11434/api/chat "HTTP/1.1 200 OK"
21:05:24     ✅ OK
21:05:41  HTTP Request: POST http://localhost:11434/api/chat "HTTP/1.1 200 OK"
21:05:41     ✅ OK
21:05:58  HTTP Request: POST http://localhost:11434/api/chat "HTTP/1.1 200 OK"
21:05:58     ✅ OK
21:06:15  HTTP Request: POST http://localhost:11434/api/chat "HTTP/1.1 200 OK"
21:06:15     ✅ OK
21:06:25  ❌ Kamera-Fehler: Konnte kein Frame von der Kamera lesen!
21:06:26  🔄 Kamera-Stream wird neu verbunden.
21:06:26  📷 Kamera-Stream geschlossen.
21:06:26  📷 Öffne Kamera-Stream: http://10.0.0.63:3031/video
21:06:26  ✅ Kamera-Stream geöffnet.
21:06:26  ✅ Kamera-Reconnect erfolgreich (Versuch 1/3).
21:06:33  HTTP Request: POST http://localhost:11434/api/chat "HTTP/1.1 200 OK"
21:06:33     ✅ OK
21:06:50  HTTP Request: POST http://localhost:11434/api/chat "HTTP/1.1 200 OK"
21:06:50     ✅ OK
21:07:06  HTTP Request: POST http://localhost:11434/api/chat "HTTP/1.1 200 OK"
21:07:06     ✅ OK
21:07:23  HTTP Request: POST http://localhost:11434/api/chat "HTTP/1.1 200 OK"
21:07:23     ✅ OK
21:07:40  HTTP Request: POST http://localhost:11434/api/chat "HTTP/1.1 200 OK"
21:07:40     ✅ OK
21:07:50  ❌ Kamera-Fehler: Konnte kein Frame von der Kamera lesen!
21:07:51  🔄 Kamera-Stream wird neu verbunden.
21:07:51  📷 Kamera-Stream geschlossen.
21:07:51  📷 Öffne Kamera-Stream: http://10.0.0.63:3031/video
21:07:51  ✅ Kamera-Stream geöffnet.
21:07:51  ✅ Kamera-Reconnect erfolgreich (Versuch 1/3).
21:07:58  HTTP Request: POST http://localhost:11434/api/chat "HTTP/1.1 200 OK"
21:07:58     ✅ OK
21:08:15  HTTP Request: POST http://localhost:11434/api/chat "HTTP/1.1 200 OK"
21:08:15     ✅ OK
21:08:32  HTTP Request: POST http://localhost:11434/api/chat "HTTP/1.1 200 OK"
21:08:32     ✅ OK
21:08:48  HTTP Request: POST http://localhost:11434/api/chat "HTTP/1.1 200 OK"
21:08:48     ✅ OK
21:08:58  ❌ Kamera-Fehler: Konnte kein Frame von der Kamera lesen!
21:08:59  🔄 Kamera-Stream wird neu verbunden.
21:08:59  📷 Kamera-Stream geschlossen.
21:08:59  📷 Öffne Kamera-Stream: http://10.0.0.63:3031/video
21:08:59  ✅ Kamera-Stream geöffnet.
21:09:00  ✅ Kamera-Reconnect erfolgreich (Versuch 1/3).
21:09:06  HTTP Request: POST http://localhost:11434/api/chat "HTTP/1.1 200 OK"
21:09:06     ✅ OK
21:09:23  HTTP Request: POST http://localhost:11434/api/chat "HTTP/1.1 200 OK"
21:09:23     ✅ OK
21:09:40  HTTP Request: POST http://localhost:11434/api/chat "HTTP/1.1 200 OK"
21:09:40     ✅ OK
21:09:57  HTTP Request: POST http://localhost:11434/api/chat "HTTP/1.1 200 OK"
21:09:57     ✅ OK
21:10:07  ❌ Kamera-Fehler: Konnte kein Frame von der Kamera lesen!
21:10:08  🔄 Kamera-Stream wird neu verbunden.
21:10:08  📷 Kamera-Stream geschlossen.
21:10:08  📷 Öffne Kamera-Stream: http://10.0.0.63:3031/video
21:10:08  ✅ Kamera-Stream geöffnet.
21:10:08  ✅ Kamera-Reconnect erfolgreich (Versuch 1/3).
21:10:15  HTTP Request: POST http://localhost:11434/api/chat "HTTP/1.1 200 OK"
21:10:15     ✅ OK
21:10:32  HTTP Request: POST http://localhost:11434/api/chat "HTTP/1.1 200 OK"
21:10:32     ✅ OK
21:10:48  HTTP Request: POST http://localhost:11434/api/chat "HTTP/1.1 200 OK"
21:10:48     ✅ OK
21:11:05  HTTP Request: POST http://localhost:11434/api/chat "HTTP/1.1 200 OK"
21:11:05     ✅ OK
21:11:22  HTTP Request: POST http://localhost:11434/api/chat "HTTP/1.1 200 OK"
21:11:22     ✅ OK
21:11:32  ❌ Kamera-Fehler: Konnte kein Frame von der Kamera lesen!
21:11:33  🔄 Kamera-Stream wird neu verbunden.
21:11:33  📷 Kamera-Stream geschlossen.
21:11:33  📷 Öffne Kamera-Stream: http://10.0.0.63:3031/video
21:11:33  ✅ Kamera-Stream geöffnet.
21:11:34  ✅ Kamera-Reconnect erfolgreich (Versuch 1/3).
21:11:41  HTTP Request: POST http://localhost:11434/api/chat "HTTP/1.1 200 OK"
21:11:41     ✅ OK
21:11:58  HTTP Request: POST http://localhost:11434/api/chat "HTTP/1.1 200 OK"
21:11:58     ✅ OK
21:12:15  HTTP Request: POST http://localhost:11434/api/chat "HTTP/1.1 200 OK"
21:12:15     ✅ OK
21:12:32  HTTP Request: POST http://localhost:11434/api/chat "HTTP/1.1 200 OK"
21:12:32     ✅ OK
21:12:49  HTTP Request: POST http://localhost:11434/api/chat "HTTP/1.1 200 OK"
21:12:49     ✅ OK
21:12:59  ❌ Kamera-Fehler: Konnte kein Frame von der Kamera lesen!
21:13:00  🔄 Kamera-Stream wird neu verbunden.
21:13:00  📷 Kamera-Stream geschlossen.
21:13:00  📷 Öffne Kamera-Stream: http://10.0.0.63:3031/video
21:13:00  ✅ Kamera-Stream geöffnet.
21:13:00  ✅ Kamera-Reconnect erfolgreich (Versuch 1/3).
21:13:07  HTTP Request: POST http://localhost:11434/api/chat "HTTP/1.1 200 OK"
21:13:07     ✅ OK
21:13:24  HTTP Request: POST http://localhost:11434/api/chat "HTTP/1.1 200 OK"
21:13:24     ✅ OK
21:13:41  HTTP Request: POST http://localhost:11434/api/chat "HTTP/1.1 200 OK"
21:13:41     ✅ OK
21:13:58  HTTP Request: POST http://localhost:11434/api/chat "HTTP/1.1 200 OK"
21:13:58     ✅ OK
21:14:16  HTTP Request: POST http://localhost:11434/api/chat "HTTP/1.1 200 OK"
21:14:16     ✅ OK
21:14:33  HTTP Request: POST http://localhost:11434/api/chat "HTTP/1.1 200 OK"
21:14:33     ✅ OK
21:14:43  ❌ Kamera-Fehler: Konnte kein Frame von der Kamera lesen!
21:14:44  🔄 Kamera-Stream wird neu verbunden.
21:14:44  📷 Kamera-Stream geschlossen.
21:14:44  📷 Öffne Kamera-Stream: http://10.0.0.63:3031/video
21:14:44  ✅ Kamera-Stream geöffnet.
21:14:44  ✅ Kamera-Reconnect erfolgreich (Versuch 1/3).
21:14:51  HTTP Request: POST http://localhost:11434/api/chat "HTTP/1.1 200 OK"
21:14:51     ✅ OK
21:15:08  HTTP Request: POST http://localhost:11434/api/chat "HTTP/1.1 200 OK"
21:15:08     ✅ OK
21:15:25  HTTP Request: POST http://localhost:11434/api/chat "HTTP/1.1 200 OK"
21:15:25     ✅ OK
21:15:42  HTTP Request: POST http://localhost:11434/api/chat "HTTP/1.1 200 OK"
21:15:42     ✅ OK
21:15:59  HTTP Request: POST http://localhost:11434/api/chat "HTTP/1.1 200 OK"
21:15:59     ✅ OK
21:16:17  HTTP Request: POST http://localhost:11434/api/chat "HTTP/1.1 200 OK"
21:16:17     ✅ OK
21:16:27  ❌ Kamera-Fehler: Konnte kein Frame von der Kamera lesen!
21:16:28  🔄 Kamera-Stream wird neu verbunden.
21:16:28  📷 Kamera-Stream geschlossen.
21:16:28  📷 Öffne Kamera-Stream: http://10.0.0.63:3031/video
21:16:28  ✅ Kamera-Stream geöffnet.
21:16:28  ✅ Kamera-Reconnect erfolgreich (Versuch 1/3).
21:16:35  HTTP Request: POST http://localhost:11434/api/chat "HTTP/1.1 200 OK"
21:16:35     ✅ OK
21:16:52  HTTP Request: POST http://localhost:11434/api/chat "HTTP/1.1 200 OK"
21:16:52     ✅ OK
21:17:09  HTTP Request: POST http://localhost:11434/api/chat "HTTP/1.1 200 OK"
21:17:09     ✅ OK
21:17:26  HTTP Request: POST http://localhost:11434/api/chat "HTTP/1.1 200 OK"
21:17:26     ✅ OK
21:17:43  HTTP Request: POST http://localhost:11434/api/chat "HTTP/1.1 200 OK"
21:17:43     ✅ OK
21:17:53  ❌ Kamera-Fehler: Konnte kein Frame von der Kamera lesen!
21:17:54  🔄 Kamera-Stream wird neu verbunden.
21:17:54  📷 Kamera-Stream geschlossen.
21:17:54  📷 Öffne Kamera-Stream: http://10.0.0.63:3031/video
21:17:54  ✅ Kamera-Stream geöffnet.
21:17:55  ✅ Kamera-Reconnect erfolgreich (Versuch 1/3).
21:18:02  HTTP Request: POST http://localhost:11434/api/chat "HTTP/1.1 200 OK"
21:18:02     ✅ OK
21:18:19  HTTP Request: POST http://localhost:11434/api/chat "HTTP/1.1 200 OK"
21:18:19     ✅ OK
21:18:36  HTTP Request: POST http://localhost:11434/api/chat "HTTP/1.1 200 OK"
21:18:36     ✅ OK
21:18:53  HTTP Request: POST http://localhost:11434/api/chat "HTTP/1.1 200 OK"
21:18:53     ✅ OK
21:19:03  ❌ Kamera-Fehler: Konnte kein Frame von der Kamera lesen!
21:19:04  🔄 Kamera-Stream wird neu verbunden.
21:19:04  📷 Kamera-Stream geschlossen.
21:19:04  📷 Öffne Kamera-Stream: http://10.0.0.63:3031/video
21:19:04  ✅ Kamera-Stream geöffnet.
21:19:04  ✅ Kamera-Reconnect erfolgreich (Versuch 1/3).
21:19:11  HTTP Request: POST http://localhost:11434/api/chat "HTTP/1.1 200 OK"
21:19:11     ✅ OK
21:19:28  HTTP Request: POST http://localhost:11434/api/chat "HTTP/1.1 200 OK"
21:19:28     ✅ OK
21:19:46  HTTP Request: POST http://localhost:11434/api/chat "HTTP/1.1 200 OK"
21:19:46     ✅ OK
21:20:03  HTTP Request: POST http://localhost:11434/api/chat "HTTP/1.1 200 OK"
21:20:03     ✅ OK
21:20:20  HTTP Request: POST http://localhost:11434/api/chat "HTTP/1.1 200 OK"
21:20:20     ✅ OK
21:20:30  ❌ Kamera-Fehler: Konnte kein Frame von der Kamera lesen!
21:20:31  🔄 Kamera-Stream wird neu verbunden.
21:20:31  📷 Kamera-Stream geschlossen.
21:20:31  📷 Öffne Kamera-Stream: http://10.0.0.63:3031/video
21:20:31  ✅ Kamera-Stream geöffnet.
21:20:31  ✅ Kamera-Reconnect erfolgreich (Versuch 1/3).
21:20:38  HTTP Request: POST http://localhost:11434/api/chat "HTTP/1.1 200 OK"
21:20:38     ✅ OK
21:20:55  HTTP Request: POST http://localhost:11434/api/chat "HTTP/1.1 200 OK"
21:20:55     ✅ OK
21:21:12  HTTP Request: POST http://localhost:11434/api/chat "HTTP/1.1 200 OK"
21:21:12     ✅ OK
21:21:29  HTTP Request: POST http://localhost:11434/api/chat "HTTP/1.1 200 OK"
21:21:29     ✅ OK
21:21:47  HTTP Request: POST http://localhost:11434/api/chat "HTTP/1.1 200 OK"
21:21:47     ✅ OK
21:21:57  ❌ Kamera-Fehler: Konnte kein Frame von der Kamera lesen!
21:21:58  🔄 Kamera-Stream wird neu verbunden.
21:21:58  📷 Kamera-Stream geschlossen.
21:21:58  📷 Öffne Kamera-Stream: http://10.0.0.63:3031/video
21:21:58  ✅ Kamera-Stream geöffnet.
21:21:58  ✅ Kamera-Reconnect erfolgreich (Versuch 1/3).
21:22:05  HTTP Request: POST http://localhost:11434/api/chat "HTTP/1.1 200 OK"
21:22:05     ✅ OK
21:22:22  HTTP Request: POST http://localhost:11434/api/chat "HTTP/1.1 200 OK"
21:22:22     ✅ OK
21:22:39  HTTP Request: POST http://localhost:11434/api/chat "HTTP/1.1 200 OK"
21:22:39     ✅ OK
21:22:56  HTTP Request: POST http://localhost:11434/api/chat "HTTP/1.1 200 OK"
21:22:56     ✅ OK
21:23:13  HTTP Request: POST http://localhost:11434/api/chat "HTTP/1.1 200 OK"
21:23:13     ✅ OK
21:23:30  HTTP Request: POST http://localhost:11434/api/chat "HTTP/1.1 200 OK"
21:23:30     ✅ OK
21:23:48  HTTP Request: POST http://localhost:11434/api/chat "HTTP/1.1 200 OK"
21:23:48     ✅ OK
21:23:58  ❌ Kamera-Fehler: Konnte kein Frame von der Kamera lesen!
21:23:59  🔄 Kamera-Stream wird neu verbunden.
21:23:59  📷 Kamera-Stream geschlossen.
21:23:59  📷 Öffne Kamera-Stream: http://10.0.0.63:3031/video
21:23:59  ✅ Kamera-Stream geöffnet.
21:23:59  ✅ Kamera-Reconnect erfolgreich (Versuch 1/3).
21:24:06  HTTP Request: POST http://localhost:11434/api/chat "HTTP/1.1 200 OK"
21:24:06     ✅ OK
21:24:23  HTTP Request: POST http://localhost:11434/api/chat "HTTP/1.1 200 OK"
21:24:23     ✅ OK
21:24:40  HTTP Request: POST http://localhost:11434/api/chat "HTTP/1.1 200 OK"
21:24:40     ✅ OK
21:24:57  HTTP Request: POST http://localhost:11434/api/chat "HTTP/1.1 200 OK"
21:24:57     ✅ OK
21:25:14  HTTP Request: POST http://localhost:11434/api/chat "HTTP/1.1 200 OK"
21:25:14     ✅ OK
21:25:31  HTTP Request: POST http://localhost:11434/api/chat "HTTP/1.1 200 OK"
21:25:31     ✅ OK
21:25:49  HTTP Request: POST http://localhost:11434/api/chat "HTTP/1.1 200 OK"
21:25:49     ✅ OK
21:25:59  ❌ Kamera-Fehler: Konnte kein Frame von der Kamera lesen!
21:26:00  🔄 Kamera-Stream wird neu verbunden.
21:26:00  📷 Kamera-Stream geschlossen.
21:26:00  📷 Öffne Kamera-Stream: http://10.0.0.63:3031/video
21:26:00  ✅ Kamera-Stream geöffnet.
21:26:00  ✅ Kamera-Reconnect erfolgreich (Versuch 1/3).
21:26:07  HTTP Request: POST http://localhost:11434/api/chat "HTTP/1.1 200 OK"
21:26:07     ✅ OK
21:26:24  HTTP Request: POST http://localhost:11434/api/chat "HTTP/1.1 200 OK"
21:26:24     ✅ OK
21:26:41  HTTP Request: POST http://localhost:11434/api/chat "HTTP/1.1 200 OK"
21:26:41     ✅ OK
21:26:58  HTTP Request: POST http://localhost:11434/api/chat "HTTP/1.1 200 OK"
21:26:58     ✅ OK
21:27:15  HTTP Request: POST http://localhost:11434/api/chat "HTTP/1.1 200 OK"
21:27:15     ✅ OK
21:27:33  HTTP Request: POST http://localhost:11434/api/chat "HTTP/1.1 200 OK"
21:27:33     ✅ OK
21:27:43  ❌ Kamera-Fehler: Konnte kein Frame von der Kamera lesen!
21:27:44  🔄 Kamera-Stream wird neu verbunden.
21:27:44  📷 Kamera-Stream geschlossen.
21:27:44  📷 Öffne Kamera-Stream: http://10.0.0.63:3031/video
21:27:44  ✅ Kamera-Stream geöffnet.
21:27:44  ✅ Kamera-Reconnect erfolgreich (Versuch 1/3).
21:27:51  HTTP Request: POST http://localhost:11434/api/chat "HTTP/1.1 200 OK"
21:27:51     ✅ OK
21:28:08  HTTP Request: POST http://localhost:11434/api/chat "HTTP/1.1 200 OK"
21:28:08     ✅ OK
21:28:25  HTTP Request: POST http://localhost:11434/api/chat "HTTP/1.1 200 OK"
21:28:25     ✅ OK
21:28:42  HTTP Request: POST http://localhost:11434/api/chat "HTTP/1.1 200 OK"
21:28:42     ✅ OK
21:28:59  HTTP Request: POST http://localhost:11434/api/chat "HTTP/1.1 200 OK"
21:28:59     ✅ OK
21:29:09  ❌ Kamera-Fehler: Konnte kein Frame von der Kamera lesen!
21:29:10  🔄 Kamera-Stream wird neu verbunden.
21:29:10  📷 Kamera-Stream geschlossen.
21:29:10  📷 Öffne Kamera-Stream: http://10.0.0.63:3031/video
21:29:10  ✅ Kamera-Stream geöffnet.
21:29:10  ✅ Kamera-Reconnect erfolgreich (Versuch 1/3).
21:29:17  HTTP Request: POST http://localhost:11434/api/chat "HTTP/1.1 200 OK"
21:29:17     ✅ OK
21:29:34  HTTP Request: POST http://localhost:11434/api/chat "HTTP/1.1 200 OK"
21:29:34     ✅ OK
21:29:52  HTTP Request: POST http://localhost:11434/api/chat "HTTP/1.1 200 OK"
21:29:52     ✅ OK
21:30:09  HTTP Request: POST http://localhost:11434/api/chat "HTTP/1.1 200 OK"
21:30:09     ✅ OK
21:30:26  HTTP Request: POST http://localhost:11434/api/chat "HTTP/1.1 200 OK"
21:30:26     ✅ OK
21:30:43  HTTP Request: POST http://localhost:11434/api/chat "HTTP/1.1 200 OK"
21:30:43     ✅ OK
21:30:53  ❌ Kamera-Fehler: Konnte kein Frame von der Kamera lesen!
21:30:54  🔄 Kamera-Stream wird neu verbunden.
21:30:54  📷 Kamera-Stream geschlossen.
21:30:54  📷 Öffne Kamera-Stream: http://10.0.0.63:3031/video
21:30:54  ✅ Kamera-Stream geöffnet.
21:30:54  ✅ Kamera-Reconnect erfolgreich (Versuch 1/3).
21:31:01  HTTP Request: POST http://localhost:11434/api/chat "HTTP/1.1 200 OK"
21:31:01     ✅ OK
21:31:18  HTTP Request: POST http://localhost:11434/api/chat "HTTP/1.1 200 OK"
21:31:18     ✅ OK
21:31:36  HTTP Request: POST http://localhost:11434/api/chat "HTTP/1.1 200 OK"
21:31:36     ✅ OK
21:31:53  HTTP Request: POST http://localhost:11434/api/chat "HTTP/1.1 200 OK"
21:31:53     ✅ OK
21:32:10  HTTP Request: POST http://localhost:11434/api/chat "HTTP/1.1 200 OK"
21:32:10     ✅ OK
21:32:27  HTTP Request: POST http://localhost:11434/api/chat "HTTP/1.1 200 OK"
21:32:27     ✅ OK
21:32:37  ❌ Kamera-Fehler: Konnte kein Frame von der Kamera lesen!
21:32:38  🔄 Kamera-Stream wird neu verbunden.
21:32:38  📷 Kamera-Stream geschlossen.
21:32:38  📷 Öffne Kamera-Stream: http://10.0.0.63:3031/video
21:32:38  ✅ Kamera-Stream geöffnet.
21:32:38  ✅ Kamera-Reconnect erfolgreich (Versuch 1/3).
21:32:45  HTTP Request: POST http://localhost:11434/api/chat "HTTP/1.1 200 OK"
21:32:45     ✅ OK
21:33:02  HTTP Request: POST http://localhost:11434/api/chat "HTTP/1.1 200 OK"
21:33:02     ✅ OK
21:33:19  HTTP Request: POST http://localhost:11434/api/chat "HTTP/1.1 200 OK"
21:33:19     ✅ OK
21:33:37  HTTP Request: POST http://localhost:11434/api/chat "HTTP/1.1 200 OK"
21:33:37     ✅ OK
21:33:54  HTTP Request: POST http://localhost:11434/api/chat "HTTP/1.1 200 OK"
21:33:54     ✅ OK
21:34:04  ❌ Kamera-Fehler: Konnte kein Frame von der Kamera lesen!
21:34:05  🔄 Kamera-Stream wird neu verbunden.
21:34:05  📷 Kamera-Stream geschlossen.
21:34:05  📷 Öffne Kamera-Stream: http://10.0.0.63:3031/video
21:34:05  ✅ Kamera-Stream geöffnet.
21:34:05  ✅ Kamera-Reconnect erfolgreich (Versuch 1/3).
21:34:12  HTTP Request: POST http://localhost:11434/api/chat "HTTP/1.1 200 OK"
21:34:12     ✅ OK
21:34:29  HTTP Request: POST http://localhost:11434/api/chat "HTTP/1.1 200 OK"
21:34:29     ✅ OK
21:34:46  HTTP Request: POST http://localhost:11434/api/chat "HTTP/1.1 200 OK"
21:34:46     ✅ OK
21:35:04  HTTP Request: POST http://localhost:11434/api/chat "HTTP/1.1 200 OK"
21:35:04     ✅ OK
21:35:14  ❌ Kamera-Fehler: Konnte kein Frame von der Kamera lesen!
21:35:15  🔄 Kamera-Stream wird neu verbunden.
21:35:15  📷 Kamera-Stream geschlossen.
21:35:15  📷 Öffne Kamera-Stream: http://10.0.0.63:3031/video
21:35:15  ✅ Kamera-Stream geöffnet.
21:35:15  ✅ Kamera-Reconnect erfolgreich (Versuch 1/3).
21:35:22  HTTP Request: POST http://localhost:11434/api/chat "HTTP/1.1 200 OK"
21:35:22     ✅ OK
21:35:39  HTTP Request: POST http://localhost:11434/api/chat "HTTP/1.1 200 OK"
21:35:39     ✅ OK
21:35:56  HTTP Request: POST http://localhost:11434/api/chat "HTTP/1.1 200 OK"
21:35:56     ✅ OK
21:36:13  HTTP Request: POST http://localhost:11434/api/chat "HTTP/1.1 200 OK"
21:36:13     ✅ OK
21:36:30  HTTP Request: POST http://localhost:11434/api/chat "HTTP/1.1 200 OK"
21:36:30     ✅ OK
21:36:48  HTTP Request: POST http://localhost:11434/api/chat "HTTP/1.1 200 OK"
21:36:48     ✅ OK
21:37:05  HTTP Request: POST http://localhost:11434/api/chat "HTTP/1.1 200 OK"
21:37:05     ✅ OK
21:37:22  HTTP Request: POST http://localhost:11434/api/chat "HTTP/1.1 200 OK"
21:37:22     ✅ OK
21:37:32  ❌ Kamera-Fehler: Konnte kein Frame von der Kamera lesen!
21:37:33  🔄 Kamera-Stream wird neu verbunden.
21:37:33  📷 Kamera-Stream geschlossen.
21:37:33  📷 Öffne Kamera-Stream: http://10.0.0.63:3031/video
21:37:33  ✅ Kamera-Stream geöffnet.
21:37:33  ✅ Kamera-Reconnect erfolgreich (Versuch 1/3).
21:37:40  HTTP Request: POST http://localhost:11434/api/chat "HTTP/1.1 200 OK"
21:37:40     ✅ OK
21:37:57  HTTP Request: POST http://localhost:11434/api/chat "HTTP/1.1 200 OK"
21:37:57     ✅ OK
21:38:14  HTTP Request: POST http://localhost:11434/api/chat "HTTP/1.1 200 OK"
21:38:14     ✅ OK
21:38:31  HTTP Request: POST http://localhost:11434/api/chat "HTTP/1.1 200 OK"
21:38:31     ✅ OK
21:38:41  ❌ Kamera-Fehler: Konnte kein Frame von der Kamera lesen!
21:38:42  🔄 Kamera-Stream wird neu verbunden.
21:38:42  📷 Kamera-Stream geschlossen.
21:38:42  📷 Öffne Kamera-Stream: http://10.0.0.63:3031/video
21:38:43  ✅ Kamera-Stream geöffnet.
21:38:43  ✅ Kamera-Reconnect erfolgreich (Versuch 1/3).
21:38:50  HTTP Request: POST http://localhost:11434/api/chat "HTTP/1.1 200 OK"
21:38:50     ✅ OK
21:39:07  HTTP Request: POST http://localhost:11434/api/chat "HTTP/1.1 200 OK"
21:39:07     ✅ OK
21:39:24  HTTP Request: POST http://localhost:11434/api/chat "HTTP/1.1 200 OK"
21:39:24     ✅ OK
21:39:41  HTTP Request: POST http://localhost:11434/api/chat "HTTP/1.1 200 OK"
21:39:41     ✅ OK
21:39:51  ❌ Kamera-Fehler: Konnte kein Frame von der Kamera lesen!
21:39:52  🔄 Kamera-Stream wird neu verbunden.
21:39:52  📷 Kamera-Stream geschlossen.
21:39:52  📷 Öffne Kamera-Stream: http://10.0.0.63:3031/video
21:39:52  ✅ Kamera-Stream geöffnet.
21:39:52  ✅ Kamera-Reconnect erfolgreich (Versuch 1/3).
21:39:59  HTTP Request: POST http://localhost:11434/api/chat "HTTP/1.1 200 OK"
21:39:59     ✅ OK
21:40:17  HTTP Request: POST http://localhost:11434/api/chat "HTTP/1.1 200 OK"
21:40:17     ✅ OK
21:40:34  HTTP Request: POST http://localhost:11434/api/chat "HTTP/1.1 200 OK"
21:40:34     ✅ OK
21:40:51  HTTP Request: POST http://localhost:11434/api/chat "HTTP/1.1 200 OK"
21:40:51     ✅ OK
21:41:08  HTTP Request: POST http://localhost:11434/api/chat "HTTP/1.1 200 OK"
21:41:08     ✅ OK
21:41:25  HTTP Request: POST http://localhost:11434/api/chat "HTTP/1.1 200 OK"
21:41:25     ✅ OK
21:41:42  HTTP Request: POST http://localhost:11434/api/chat "HTTP/1.1 200 OK"
21:41:42     ✅ OK
21:41:58  HTTP Request: POST http://localhost:11434/api/chat "HTTP/1.1 200 OK"
21:41:58     ✅ OK
21:42:08  ❌ Kamera-Fehler: Konnte kein Frame von der Kamera lesen!
21:42:09  🔄 Kamera-Stream wird neu verbunden.
21:42:09  📷 Kamera-Stream geschlossen.
21:42:09  📷 Öffne Kamera-Stream: http://10.0.0.63:3031/video
21:42:10  ✅ Kamera-Stream geöffnet.
21:42:10  ✅ Kamera-Reconnect erfolgreich (Versuch 1/3).
21:42:17  HTTP Request: POST http://localhost:11434/api/chat "HTTP/1.1 200 OK"
21:42:17     ✅ OK
21:42:33  HTTP Request: POST http://localhost:11434/api/chat "HTTP/1.1 200 OK"
21:42:33     ✅ OK
21:42:50  HTTP Request: POST http://localhost:11434/api/chat "HTTP/1.1 200 OK"
21:42:50     ✅ OK
21:43:07  HTTP Request: POST http://localhost:11434/api/chat "HTTP/1.1 200 OK"
21:43:07     ✅ OK
21:43:17  ❌ Kamera-Fehler: Konnte kein Frame von der Kamera lesen!
21:43:18  🔄 Kamera-Stream wird neu verbunden.
21:43:18  📷 Kamera-Stream geschlossen.
21:43:18  📷 Öffne Kamera-Stream: http://10.0.0.63:3031/video
21:43:18  ✅ Kamera-Stream geöffnet.
21:43:18  ✅ Kamera-Reconnect erfolgreich (Versuch 1/3).
21:43:25  HTTP Request: POST http://localhost:11434/api/chat "HTTP/1.1 200 OK"
21:43:25     ✅ OK
21:43:42  HTTP Request: POST http://localhost:11434/api/chat "HTTP/1.1 200 OK"
21:43:42     ✅ OK
21:43:59  HTTP Request: POST http://localhost:11434/api/chat "HTTP/1.1 200 OK"
21:43:59     ✅ OK
21:44:16  HTTP Request: POST http://localhost:11434/api/chat "HTTP/1.1 200 OK"
21:44:16     ✅ OK
21:44:26  ❌ Kamera-Fehler: Konnte kein Frame von der Kamera lesen!
21:44:27  🔄 Kamera-Stream wird neu verbunden.
21:44:27  📷 Kamera-Stream geschlossen.
21:44:27  📷 Öffne Kamera-Stream: http://10.0.0.63:3031/video
21:44:27  ✅ Kamera-Stream geöffnet.
21:44:27  ✅ Kamera-Reconnect erfolgreich (Versuch 1/3).
21:44:34  HTTP Request: POST http://localhost:11434/api/chat "HTTP/1.1 200 OK"
21:44:34     ✅ OK
21:44:51  HTTP Request: POST http://localhost:11434/api/chat "HTTP/1.1 200 OK"
21:44:51     ✅ OK
21:45:07  HTTP Request: POST http://localhost:11434/api/chat "HTTP/1.1 200 OK"
21:45:07     ✅ OK
21:45:24  HTTP Request: POST http://localhost:11434/api/chat "HTTP/1.1 200 OK"
21:45:24     ✅ OK
21:45:41  HTTP Request: POST http://localhost:11434/api/chat "HTTP/1.1 200 OK"
21:45:41     ✅ OK
21:45:58  HTTP Request: POST http://localhost:11434/api/chat "HTTP/1.1 200 OK"
21:45:58     ✅ OK
21:46:15  HTTP Request: POST http://localhost:11434/api/chat "HTTP/1.1 200 OK"
21:46:15     ✅ OK
21:46:31  HTTP Request: POST http://localhost:11434/api/chat "HTTP/1.1 200 OK"
21:46:31     ✅ OK
21:46:48  HTTP Request: POST http://localhost:11434/api/chat "HTTP/1.1 200 OK"
21:46:48     ✅ OK
21:47:05  HTTP Request: POST http://localhost:11434/api/chat "HTTP/1.1 200 OK"
21:47:05     ✅ OK
21:47:22  HTTP Request: POST http://localhost:11434/api/chat "HTTP/1.1 200 OK"
21:47:22     ✅ OK
21:47:39  HTTP Request: POST http://localhost:11434/api/chat "HTTP/1.1 200 OK"
21:47:39     ✅ OK
21:47:55  HTTP Request: POST http://localhost:11434/api/chat "HTTP/1.1 200 OK"
21:47:55     ✅ OK
21:48:12  HTTP Request: POST http://localhost:11434/api/chat "HTTP/1.1 200 OK"
21:48:12     ✅ OK
21:48:29  HTTP Request: POST http://localhost:11434/api/chat "HTTP/1.1 200 OK"
21:48:29     ✅ OK
21:48:46  HTTP Request: POST http://localhost:11434/api/chat "HTTP/1.1 200 OK"
21:48:46     ✅ OK
21:49:03  HTTP Request: POST http://localhost:11434/api/chat "HTTP/1.1 200 OK"
21:49:03     ✅ OK
21:49:19  HTTP Request: POST http://localhost:11434/api/chat "HTTP/1.1 200 OK"
21:49:19     ✅ OK
21:49:36  HTTP Request: POST http://localhost:11434/api/chat "HTTP/1.1 200 OK"
21:49:36     ✅ OK
21:49:53  HTTP Request: POST http://localhost:11434/api/chat "HTTP/1.1 200 OK"
21:49:53     ✅ OK
21:50:10  HTTP Request: POST http://localhost:11434/api/chat "HTTP/1.1 200 OK"
21:50:10     ✅ OK
21:50:27  HTTP Request: POST http://localhost:11434/api/chat "HTTP/1.1 200 OK"
21:50:27     ✅ OK
21:50:43  HTTP Request: POST http://localhost:11434/api/chat "HTTP/1.1 200 OK"
21:50:43     ✅ OK
21:51:00  HTTP Request: POST http://localhost:11434/api/chat "HTTP/1.1 200 OK"
21:51:00     ✅ OK
21:51:17  HTTP Request: POST http://localhost:11434/api/chat "HTTP/1.1 200 OK"
21:51:17     ✅ OK
21:51:34  HTTP Request: POST http://localhost:11434/api/chat "HTTP/1.1 200 OK"
21:51:34     ✅ OK
21:51:51  HTTP Request: POST http://localhost:11434/api/chat "HTTP/1.1 200 OK"
21:51:51     ✅ OK
21:52:07  HTTP Request: POST http://localhost:11434/api/chat "HTTP/1.1 200 OK"
21:52:07     ✅ OK
21:52:17  ❌ Kamera-Fehler: Konnte kein Frame von der Kamera lesen!
21:52:18  🔄 Kamera-Stream wird neu verbunden.
21:52:18  📷 Kamera-Stream geschlossen.
21:52:18  📷 Öffne Kamera-Stream: http://10.0.0.63:3031/video
21:52:19  ✅ Kamera-Stream geöffnet.
21:52:19  ✅ Kamera-Reconnect erfolgreich (Versuch 1/3).
21:52:25  HTTP Request: POST http://localhost:11434/api/chat "HTTP/1.1 200 OK"
21:52:25     ✅ OK
21:52:42  HTTP Request: POST http://localhost:11434/api/chat "HTTP/1.1 200 OK"
21:52:42     ✅ OK
21:52:59  HTTP Request: POST http://localhost:11434/api/chat "HTTP/1.1 200 OK"
21:52:59     ✅ OK
21:53:16  HTTP Request: POST http://localhost:11434/api/chat "HTTP/1.1 200 OK"
21:53:16     ✅ OK
21:53:26  ❌ Kamera-Fehler: Konnte kein Frame von der Kamera lesen!
21:53:27  🔄 Kamera-Stream wird neu verbunden.
21:53:27  📷 Kamera-Stream geschlossen.
21:53:27  📷 Öffne Kamera-Stream: http://10.0.0.63:3031/video
21:53:27  ✅ Kamera-Stream geöffnet.
21:53:27  ✅ Kamera-Reconnect erfolgreich (Versuch 1/3).
21:53:34  HTTP Request: POST http://localhost:11434/api/chat "HTTP/1.1 200 OK"
21:53:34     ✅ OK
21:53:51  HTTP Request: POST http://localhost:11434/api/chat "HTTP/1.1 200 OK"
21:53:51     ✅ OK
21:54:08  HTTP Request: POST http://localhost:11434/api/chat "HTTP/1.1 200 OK"
21:54:08     ✅ OK
21:54:24  HTTP Request: POST http://localhost:11434/api/chat "HTTP/1.1 200 OK"
21:54:24     ✅ OK
21:54:34  ❌ Kamera-Fehler: Konnte kein Frame von der Kamera lesen!
21:54:35  🔄 Kamera-Stream wird neu verbunden.
21:54:35  📷 Kamera-Stream geschlossen.
21:54:35  📷 Öffne Kamera-Stream: http://10.0.0.63:3031/video
21:54:36  ✅ Kamera-Stream geöffnet.
21:54:36  ✅ Kamera-Reconnect erfolgreich (Versuch 1/3).
21:54:42  HTTP Request: POST http://localhost:11434/api/chat "HTTP/1.1 200 OK"
21:54:42     ✅ OK
21:54:59  HTTP Request: POST http://localhost:11434/api/chat "HTTP/1.1 200 OK"
21:54:59     ✅ OK
21:55:16  HTTP Request: POST http://localhost:11434/api/chat "HTTP/1.1 200 OK"
21:55:16     ✅ OK
21:55:33  HTTP Request: POST http://localhost:11434/api/chat "HTTP/1.1 200 OK"
21:55:33     ✅ OK
21:55:50  HTTP Request: POST http://localhost:11434/api/chat "HTTP/1.1 200 OK"
21:55:50     ✅ OK
21:56:00  ❌ Kamera-Fehler: Konnte kein Frame von der Kamera lesen!
21:56:01  🔄 Kamera-Stream wird neu verbunden.
21:56:01  📷 Kamera-Stream geschlossen.
21:56:01  📷 Öffne Kamera-Stream: http://10.0.0.63:3031/video
21:56:01  ✅ Kamera-Stream geöffnet.
21:56:01  ✅ Kamera-Reconnect erfolgreich (Versuch 1/3).
21:56:08  HTTP Request: POST http://localhost:11434/api/chat "HTTP/1.1 200 OK"
21:56:08     ✅ OK
21:56:25  HTTP Request: POST http://localhost:11434/api/chat "HTTP/1.1 200 OK"
21:56:25     ✅ OK
21:56:41  HTTP Request: POST http://localhost:11434/api/chat "HTTP/1.1 200 OK"
21:56:41     ✅ OK
21:56:58  HTTP Request: POST http://localhost:11434/api/chat "HTTP/1.1 200 OK"
21:56:58     ✅ OK
21:57:08  ❌ Kamera-Fehler: Konnte kein Frame von der Kamera lesen!
21:57:09  🔄 Kamera-Stream wird neu verbunden.
21:57:09  📷 Kamera-Stream geschlossen.
21:57:09  📷 Öffne Kamera-Stream: http://10.0.0.63:3031/video
21:57:09  ✅ Kamera-Stream geöffnet.
21:57:10  ✅ Kamera-Reconnect erfolgreich (Versuch 1/3).
21:57:16  HTTP Request: POST http://localhost:11434/api/chat "HTTP/1.1 200 OK"
21:57:16     ✅ OK
21:57:33  HTTP Request: POST http://localhost:11434/api/chat "HTTP/1.1 200 OK"
21:57:33     ✅ OK
21:57:50  HTTP Request: POST http://localhost:11434/api/chat "HTTP/1.1 200 OK"
21:57:50     ✅ OK
21:58:07  HTTP Request: POST http://localhost:11434/api/chat "HTTP/1.1 200 OK"
21:58:07     ✅ OK
21:58:17  ❌ Kamera-Fehler: Konnte kein Frame von der Kamera lesen!
21:58:18  🔄 Kamera-Stream wird neu verbunden.
21:58:18  📷 Kamera-Stream geschlossen.
21:58:18  📷 Öffne Kamera-Stream: http://10.0.0.63:3031/video
21:58:18  ✅ Kamera-Stream geöffnet.
21:58:18  ✅ Kamera-Reconnect erfolgreich (Versuch 1/3).
21:58:25  HTTP Request: POST http://localhost:11434/api/chat "HTTP/1.1 200 OK"
21:58:25     ✅ OK
21:58:42  HTTP Request: POST http://localhost:11434/api/chat "HTTP/1.1 200 OK"
21:58:42     ✅ OK
21:58:59  HTTP Request: POST http://localhost:11434/api/chat "HTTP/1.1 200 OK"
21:58:59     ✅ OK
21:59:15  HTTP Request: POST http://localhost:11434/api/chat "HTTP/1.1 200 OK"
21:59:15     ✅ OK
21:59:32  HTTP Request: POST http://localhost:11434/api/chat "HTTP/1.1 200 OK"
21:59:32     ✅ OK
21:59:42  ❌ Kamera-Fehler: Konnte kein Frame von der Kamera lesen!
21:59:43  🔄 Kamera-Stream wird neu verbunden.
21:59:43  📷 Kamera-Stream geschlossen.
21:59:43  📷 Öffne Kamera-Stream: http://10.0.0.63:3031/video
21:59:43  ✅ Kamera-Stream geöffnet.
21:59:44  ✅ Kamera-Reconnect erfolgreich (Versuch 1/3).
21:59:50  HTTP Request: POST http://localhost:11434/api/chat "HTTP/1.1 200 OK"
21:59:50     ✅ OK
22:00:07  HTTP Request: POST http://localhost:11434/api/chat "HTTP/1.1 200 OK"
22:00:07     ✅ OK
22:00:24  HTTP Request: POST http://localhost:11434/api/chat "HTTP/1.1 200 OK"
22:00:24     ✅ OK
22:00:41  HTTP Request: POST http://localhost:11434/api/chat "HTTP/1.1 200 OK"
22:00:41     ✅ OK
22:00:57  HTTP Request: POST http://localhost:11434/api/chat "HTTP/1.1 200 OK"
22:00:57     ✅ OK
22:01:07  ❌ Kamera-Fehler: Konnte kein Frame von der Kamera lesen!
22:01:09  🔄 Kamera-Stream wird neu verbunden.
22:01:09  📷 Kamera-Stream geschlossen.
22:01:09  📷 Öffne Kamera-Stream: http://10.0.0.63:3031/video
22:01:09  ✅ Kamera-Stream geöffnet.
22:01:09  ✅ Kamera-Reconnect erfolgreich (Versuch 1/3).
22:01:16  HTTP Request: POST http://localhost:11434/api/chat "HTTP/1.1 200 OK"
22:01:16     ✅ OK
22:01:32  HTTP Request: POST http://localhost:11434/api/chat "HTTP/1.1 200 OK"
22:01:32     ✅ OK
22:01:49  HTTP Request: POST http://localhost:11434/api/chat "HTTP/1.1 200 OK"
22:01:49     ✅ OK
22:02:06  HTTP Request: POST http://localhost:11434/api/chat "HTTP/1.1 200 OK"
22:02:06     ✅ OK
22:02:16  ❌ Kamera-Fehler: Konnte kein Frame von der Kamera lesen!
22:02:17  🔄 Kamera-Stream wird neu verbunden.
22:02:17  📷 Kamera-Stream geschlossen.
22:02:17  📷 Öffne Kamera-Stream: http://10.0.0.63:3031/video
22:02:17  ✅ Kamera-Stream geöffnet.
22:02:17  ✅ Kamera-Reconnect erfolgreich (Versuch 1/3).
22:02:24  HTTP Request: POST http://localhost:11434/api/chat "HTTP/1.1 200 OK"
22:02:24     ✅ OK
22:02:41  HTTP Request: POST http://localhost:11434/api/chat "HTTP/1.1 200 OK"
22:02:41     ✅ OK
22:02:58  HTTP Request: POST http://localhost:11434/api/chat "HTTP/1.1 200 OK"
22:02:58     ✅ OK
22:03:15  HTTP Request: POST http://localhost:11434/api/chat "HTTP/1.1 200 OK"
22:03:15     ✅ OK
22:03:31  HTTP Request: POST http://localhost:11434/api/chat "HTTP/1.1 200 OK"
22:03:31     ✅ OK
22:03:41  ❌ Kamera-Fehler: Konnte kein Frame von der Kamera lesen!
22:03:42  🔄 Kamera-Stream wird neu verbunden.
22:03:42  📷 Kamera-Stream geschlossen.
22:03:42  📷 Öffne Kamera-Stream: http://10.0.0.63:3031/video
22:03:43  ✅ Kamera-Stream geöffnet.
22:03:43  ✅ Kamera-Reconnect erfolgreich (Versuch 1/3).
22:03:49  HTTP Request: POST http://localhost:11434/api/chat "HTTP/1.1 200 OK"
22:03:49     ✅ OK
22:04:06  HTTP Request: POST http://localhost:11434/api/chat "HTTP/1.1 200 OK"
22:04:06     ✅ OK
22:04:23  HTTP Request: POST http://localhost:11434/api/chat "HTTP/1.1 200 OK"
22:04:23     ✅ OK
22:04:40  HTTP Request: POST http://localhost:11434/api/chat "HTTP/1.1 200 OK"
22:04:40     ✅ OK
22:04:57  HTTP Request: POST http://localhost:11434/api/chat "HTTP/1.1 200 OK"
22:04:57     ✅ OK
22:05:07  ❌ Kamera-Fehler: Konnte kein Frame von der Kamera lesen!
22:05:08  🔄 Kamera-Stream wird neu verbunden.
22:05:08  📷 Kamera-Stream geschlossen.
22:05:08  📷 Öffne Kamera-Stream: http://10.0.0.63:3031/video
22:05:08  ✅ Kamera-Stream geöffnet.
22:05:08  ✅ Kamera-Reconnect erfolgreich (Versuch 1/3).
22:05:15  HTTP Request: POST http://localhost:11434/api/chat "HTTP/1.1 200 OK"
22:05:15     ✅ OK
22:05:32  HTTP Request: POST http://localhost:11434/api/chat "HTTP/1.1 200 OK"
22:05:32     ✅ OK
22:05:48  HTTP Request: POST http://localhost:11434/api/chat "HTTP/1.1 200 OK"
22:05:48     ✅ OK
22:06:05  HTTP Request: POST http://localhost:11434/api/chat "HTTP/1.1 200 OK"
22:06:05     ✅ OK
22:06:15  ❌ Kamera-Fehler: Konnte kein Frame von der Kamera lesen!
22:06:16  🔄 Kamera-Stream wird neu verbunden.
22:06:16  📷 Kamera-Stream geschlossen.
22:06:16  📷 Öffne Kamera-Stream: http://10.0.0.63:3031/video
22:06:16  ✅ Kamera-Stream geöffnet.
22:06:16  ✅ Kamera-Reconnect erfolgreich (Versuch 1/3).
22:06:23  HTTP Request: POST http://localhost:11434/api/chat "HTTP/1.1 200 OK"
22:06:23     ✅ OK
22:06:40  HTTP Request: POST http://localhost:11434/api/chat "HTTP/1.1 200 OK"
22:06:40     ✅ OK
22:06:57  HTTP Request: POST http://localhost:11434/api/chat "HTTP/1.1 200 OK"
22:06:57     ✅ OK
22:07:14  HTTP Request: POST http://localhost:11434/api/chat "HTTP/1.1 200 OK"
22:07:14     ✅ OK
22:07:30  HTTP Request: POST http://localhost:11434/api/chat "HTTP/1.1 200 OK"
22:07:30     ✅ OK
22:07:40  ❌ Kamera-Fehler: Konnte kein Frame von der Kamera lesen!
22:07:41  🔄 Kamera-Stream wird neu verbunden.
22:07:41  📷 Kamera-Stream geschlossen.
22:07:41  📷 Öffne Kamera-Stream: http://10.0.0.63:3031/video
22:07:41  ✅ Kamera-Stream geöffnet.
22:07:42  ✅ Kamera-Reconnect erfolgreich (Versuch 1/3).
22:07:48  HTTP Request: POST http://localhost:11434/api/chat "HTTP/1.1 200 OK"
22:07:48     ✅ OK
22:08:05  HTTP Request: POST http://localhost:11434/api/chat "HTTP/1.1 200 OK"
22:08:05     ✅ OK
22:08:22  HTTP Request: POST http://localhost:11434/api/chat "HTTP/1.1 200 OK"
22:08:22     ✅ OK
22:08:39  HTTP Request: POST http://localhost:11434/api/chat "HTTP/1.1 200 OK"
22:08:39     ✅ OK
22:08:56  HTTP Request: POST http://localhost:11434/api/chat "HTTP/1.1 200 OK"
22:08:56     ✅ OK
22:09:06  ❌ Kamera-Fehler: Konnte kein Frame von der Kamera lesen!
22:09:07  🔄 Kamera-Stream wird neu verbunden.
22:09:07  📷 Kamera-Stream geschlossen.
22:09:07  📷 Öffne Kamera-Stream: http://10.0.0.63:3031/video
22:09:07  ✅ Kamera-Stream geöffnet.
22:09:07  ✅ Kamera-Reconnect erfolgreich (Versuch 1/3).
22:09:14  HTTP Request: POST http://localhost:11434/api/chat "HTTP/1.1 200 OK"
22:09:14     ✅ OK
22:09:31  HTTP Request: POST http://localhost:11434/api/chat "HTTP/1.1 200 OK"
22:09:31     ✅ OK
22:09:47  HTTP Request: POST http://localhost:11434/api/chat "HTTP/1.1 200 OK"
22:09:47     ✅ OK
22:10:04  HTTP Request: POST http://localhost:11434/api/chat "HTTP/1.1 200 OK"
22:10:04     ✅ OK
22:10:14  ❌ Kamera-Fehler: Konnte kein Frame von der Kamera lesen!
22:10:15  🔄 Kamera-Stream wird neu verbunden.
22:10:15  📷 Kamera-Stream geschlossen.
22:10:15  📷 Öffne Kamera-Stream: http://10.0.0.63:3031/video
22:10:15  ✅ Kamera-Stream geöffnet.
22:10:16  ✅ Kamera-Reconnect erfolgreich (Versuch 1/3).
22:10:22  HTTP Request: POST http://localhost:11434/api/chat "HTTP/1.1 200 OK"
22:10:22     ✅ OK
22:10:39  HTTP Request: POST http://localhost:11434/api/chat "HTTP/1.1 200 OK"
22:10:39     ✅ OK
22:10:56  HTTP Request: POST http://localhost:11434/api/chat "HTTP/1.1 200 OK"
22:10:56     ✅ OK
22:11:13  HTTP Request: POST http://localhost:11434/api/chat "HTTP/1.1 200 OK"
22:11:13     ✅ OK
22:11:30  HTTP Request: POST http://localhost:11434/api/chat "HTTP/1.1 200 OK"
22:11:30     ✅ OK
22:11:40  ❌ Kamera-Fehler: Konnte kein Frame von der Kamera lesen!
22:11:41  🔄 Kamera-Stream wird neu verbunden.
22:11:41  📷 Kamera-Stream geschlossen.
22:11:41  📷 Öffne Kamera-Stream: http://10.0.0.63:3031/video
22:11:41  ✅ Kamera-Stream geöffnet.
22:11:41  ✅ Kamera-Reconnect erfolgreich (Versuch 1/3).
22:11:48  HTTP Request: POST http://localhost:11434/api/chat "HTTP/1.1 200 OK"
22:11:48     ✅ OK
22:12:04  HTTP Request: POST http://localhost:11434/api/chat "HTTP/1.1 200 OK"
22:12:04     ✅ OK
22:12:21  HTTP Request: POST http://localhost:11434/api/chat "HTTP/1.1 200 OK"
22:12:21     ✅ OK
22:12:38  HTTP Request: POST http://localhost:11434/api/chat "HTTP/1.1 200 OK"
22:12:38     ✅ OK
22:12:48  ❌ Kamera-Fehler: Konnte kein Frame von der Kamera lesen!
22:12:49  🔄 Kamera-Stream wird neu verbunden.
22:12:49  📷 Kamera-Stream geschlossen.
22:12:49  📷 Öffne Kamera-Stream: http://10.0.0.63:3031/video
22:12:49  ✅ Kamera-Stream geöffnet.
22:12:49  ✅ Kamera-Reconnect erfolgreich (Versuch 1/3).
22:12:56  HTTP Request: POST http://localhost:11434/api/chat "HTTP/1.1 200 OK"
22:12:56     ✅ OK
22:13:13  HTTP Request: POST http://localhost:11434/api/chat "HTTP/1.1 200 OK"
22:13:13     ✅ OK
22:13:30  HTTP Request: POST http://localhost:11434/api/chat "HTTP/1.1 200 OK"
22:13:30     ✅ OK
22:13:47  HTTP Request: POST http://localhost:11434/api/chat "HTTP/1.1 200 OK"
22:13:47     ✅ OK
22:13:57  ❌ Kamera-Fehler: Konnte kein Frame von der Kamera lesen!
22:13:58  🔄 Kamera-Stream wird neu verbunden.
22:13:58  📷 Kamera-Stream geschlossen.
22:13:58  📷 Öffne Kamera-Stream: http://10.0.0.63:3031/video
22:13:58  ✅ Kamera-Stream geöffnet.
22:13:58  ✅ Kamera-Reconnect erfolgreich (Versuch 1/3).
22:14:05  HTTP Request: POST http://localhost:11434/api/chat "HTTP/1.1 200 OK"
22:14:05     ✅ OK
22:14:21  HTTP Request: POST http://localhost:11434/api/chat "HTTP/1.1 200 OK"
22:14:21     ✅ OK
22:14:38  HTTP Request: POST http://localhost:11434/api/chat "HTTP/1.1 200 OK"
22:14:38     ✅ OK
22:14:55  HTTP Request: POST http://localhost:11434/api/chat "HTTP/1.1 200 OK"
22:14:55     ✅ OK
22:15:05  ❌ Kamera-Fehler: Konnte kein Frame von der Kamera lesen!
22:15:06  🔄 Kamera-Stream wird neu verbunden.
22:15:06  📷 Kamera-Stream geschlossen.
22:15:06  📷 Öffne Kamera-Stream: http://10.0.0.63:3031/video
22:15:06  ✅ Kamera-Stream geöffnet.
22:15:06  ✅ Kamera-Reconnect erfolgreich (Versuch 1/3).
22:15:13  HTTP Request: POST http://localhost:11434/api/chat "HTTP/1.1 200 OK"
22:15:13     ✅ OK
22:15:30  HTTP Request: POST http://localhost:11434/api/chat "HTTP/1.1 200 OK"
22:15:30     ✅ OK
22:15:47  HTTP Request: POST http://localhost:11434/api/chat "HTTP/1.1 200 OK"
22:15:47     ✅ OK
22:16:03  HTTP Request: POST http://localhost:11434/api/chat "HTTP/1.1 200 OK"
22:16:03     ✅ OK
22:16:20  HTTP Request: POST http://localhost:11434/api/chat "HTTP/1.1 200 OK"
22:16:20     ✅ OK
22:16:30  ❌ Kamera-Fehler: Konnte kein Frame von der Kamera lesen!
22:16:31  🔄 Kamera-Stream wird neu verbunden.
22:16:31  📷 Kamera-Stream geschlossen.
22:16:31  📷 Öffne Kamera-Stream: http://10.0.0.63:3031/video
22:16:31  ✅ Kamera-Stream geöffnet.
22:16:32  ✅ Kamera-Reconnect erfolgreich (Versuch 1/3).
22:16:38  HTTP Request: POST http://localhost:11434/api/chat "HTTP/1.1 200 OK"
22:16:38     ✅ OK
22:16:55  HTTP Request: POST http://localhost:11434/api/chat "HTTP/1.1 200 OK"
22:16:55     ✅ OK
22:17:12  HTTP Request: POST http://localhost:11434/api/chat "HTTP/1.1 200 OK"
22:17:12     ✅ OK
22:17:29  HTTP Request: POST http://localhost:11434/api/chat "HTTP/1.1 200 OK"
22:17:29     ✅ OK
22:17:39  ❌ Kamera-Fehler: Konnte kein Frame von der Kamera lesen!
22:17:40  🔄 Kamera-Stream wird neu verbunden.
22:17:40  📷 Kamera-Stream geschlossen.
22:17:40  📷 Öffne Kamera-Stream: http://10.0.0.63:3031/video
22:17:40  ✅ Kamera-Stream geöffnet.
22:17:40  ✅ Kamera-Reconnect erfolgreich (Versuch 1/3).
22:17:47  HTTP Request: POST http://localhost:11434/api/chat "HTTP/1.1 200 OK"
22:17:47     ✅ OK
22:18:04  HTTP Request: POST http://localhost:11434/api/chat "HTTP/1.1 200 OK"
22:18:04     ✅ OK
22:18:21  HTTP Request: POST http://localhost:11434/api/chat "HTTP/1.1 200 OK"
22:18:21     ✅ OK
22:18:37  HTTP Request: POST http://localhost:11434/api/chat "HTTP/1.1 200 OK"
22:18:37     ✅ OK
22:18:54  HTTP Request: POST http://localhost:11434/api/chat "HTTP/1.1 200 OK"
22:18:54     ✅ OK
22:19:11  HTTP Request: POST http://localhost:11434/api/chat "HTTP/1.1 200 OK"
22:19:11     ✅ OK
22:19:28  HTTP Request: POST http://localhost:11434/api/chat "HTTP/1.1 200 OK"
22:19:28     ✅ OK
22:19:38  ❌ Kamera-Fehler: Konnte kein Frame von der Kamera lesen!
22:19:39  🔄 Kamera-Stream wird neu verbunden.
22:19:39  📷 Kamera-Stream geschlossen.
22:19:39  📷 Öffne Kamera-Stream: http://10.0.0.63:3031/video
22:19:39  ✅ Kamera-Stream geöffnet.
22:19:39  ✅ Kamera-Reconnect erfolgreich (Versuch 1/3).
22:19:46  HTTP Request: POST http://localhost:11434/api/chat "HTTP/1.1 200 OK"
22:19:46     ✅ OK
22:20:03  HTTP Request: POST http://localhost:11434/api/chat "HTTP/1.1 200 OK"
22:20:03     ✅ OK
22:20:19  HTTP Request: POST http://localhost:11434/api/chat "HTTP/1.1 200 OK"
22:20:19     ✅ OK
22:20:36  HTTP Request: POST http://localhost:11434/api/chat "HTTP/1.1 200 OK"
22:20:36     ✅ OK
22:20:46  ❌ Kamera-Fehler: Konnte kein Frame von der Kamera lesen!
22:20:47  🔄 Kamera-Stream wird neu verbunden.
22:20:47  📷 Kamera-Stream geschlossen.
22:20:47  📷 Öffne Kamera-Stream: http://10.0.0.63:3031/video
22:20:47  ✅ Kamera-Stream geöffnet.
22:20:47  ✅ Kamera-Reconnect erfolgreich (Versuch 1/3).
22:20:54  HTTP Request: POST http://localhost:11434/api/chat "HTTP/1.1 200 OK"
22:20:54     ✅ OK
22:21:11  HTTP Request: POST http://localhost:11434/api/chat "HTTP/1.1 200 OK"
22:21:11     ✅ OK
22:21:28  HTTP Request: POST http://localhost:11434/api/chat "HTTP/1.1 200 OK"
22:21:28     ✅ OK
22:21:45  HTTP Request: POST http://localhost:11434/api/chat "HTTP/1.1 200 OK"
22:21:45     ✅ OK
22:21:55  ❌ Kamera-Fehler: Konnte kein Frame von der Kamera lesen!
22:21:56  🔄 Kamera-Stream wird neu verbunden.
22:21:56  📷 Kamera-Stream geschlossen.
22:21:56  📷 Öffne Kamera-Stream: http://10.0.0.63:3031/video
22:21:56  ✅ Kamera-Stream geöffnet.
22:21:56  ✅ Kamera-Reconnect erfolgreich (Versuch 1/3).
22:22:03  HTTP Request: POST http://localhost:11434/api/chat "HTTP/1.1 200 OK"
22:22:03     ✅ OK
22:22:19  HTTP Request: POST http://localhost:11434/api/chat "HTTP/1.1 200 OK"
22:22:19     ✅ OK
22:22:36  HTTP Request: POST http://localhost:11434/api/chat "HTTP/1.1 200 OK"
22:22:36     ✅ OK
22:22:53  HTTP Request: POST http://localhost:11434/api/chat "HTTP/1.1 200 OK"
22:22:53     ✅ OK
22:23:03  ❌ Kamera-Fehler: Konnte kein Frame von der Kamera lesen!
22:23:04  🔄 Kamera-Stream wird neu verbunden.
22:23:04  📷 Kamera-Stream geschlossen.
22:23:04  📷 Öffne Kamera-Stream: http://10.0.0.63:3031/video
22:23:04  ✅ Kamera-Stream geöffnet.
22:23:04  ✅ Kamera-Reconnect erfolgreich (Versuch 1/3).
22:23:11  HTTP Request: POST http://localhost:11434/api/chat "HTTP/1.1 200 OK"
22:23:11     ✅ OK
22:23:28  HTTP Request: POST http://localhost:11434/api/chat "HTTP/1.1 200 OK"
22:23:28     ✅ OK
22:23:45  HTTP Request: POST http://localhost:11434/api/chat "HTTP/1.1 200 OK"
22:23:45     ✅ OK
22:24:01  HTTP Request: POST http://localhost:11434/api/chat "HTTP/1.1 200 OK"
22:24:01     ✅ OK
22:24:11  ❌ Kamera-Fehler: Konnte kein Frame von der Kamera lesen!
22:24:12  🔄 Kamera-Stream wird neu verbunden.
22:24:12  📷 Kamera-Stream geschlossen.
22:24:12  📷 Öffne Kamera-Stream: http://10.0.0.63:3031/video
22:24:13  ✅ Kamera-Stream geöffnet.
22:24:13  ✅ Kamera-Reconnect erfolgreich (Versuch 1/3).
22:24:20  HTTP Request: POST http://localhost:11434/api/chat "HTTP/1.1 200 OK"
22:24:20     ✅ OK
22:24:36  HTTP Request: POST http://localhost:11434/api/chat "HTTP/1.1 200 OK"
22:24:36     ✅ OK
22:24:53  HTTP Request: POST http://localhost:11434/api/chat "HTTP/1.1 200 OK"
22:24:53     ✅ OK
22:25:10  HTTP Request: POST http://localhost:11434/api/chat "HTTP/1.1 200 OK"
22:25:10     ✅ OK
22:25:27  HTTP Request: POST http://localhost:11434/api/chat "HTTP/1.1 200 OK"
22:25:27     ✅ OK
22:25:37  ❌ Kamera-Fehler: Konnte kein Frame von der Kamera lesen!
22:25:38  🔄 Kamera-Stream wird neu verbunden.
22:25:38  📷 Kamera-Stream geschlossen.
22:25:38  📷 Öffne Kamera-Stream: http://10.0.0.63:3031/video
22:25:38  ✅ Kamera-Stream geöffnet.
22:25:38  ✅ Kamera-Reconnect erfolgreich (Versuch 1/3).
22:25:45  HTTP Request: POST http://localhost:11434/api/chat "HTTP/1.1 200 OK"
22:25:45     ✅ OK
22:26:02  HTTP Request: POST http://localhost:11434/api/chat "HTTP/1.1 200 OK"
22:26:02     ✅ OK
22:26:19  HTTP Request: POST http://localhost:11434/api/chat "HTTP/1.1 200 OK"
22:26:19     ✅ OK
22:26:35  HTTP Request: POST http://localhost:11434/api/chat "HTTP/1.1 200 OK"
22:26:35     ✅ OK
22:26:52  HTTP Request: POST http://localhost:11434/api/chat "HTTP/1.1 200 OK"
22:26:52     ✅ OK
22:27:02  ❌ Kamera-Fehler: Konnte kein Frame von der Kamera lesen!
22:27:03  🔄 Kamera-Stream wird neu verbunden.
22:27:03  📷 Kamera-Stream geschlossen.
22:27:03  📷 Öffne Kamera-Stream: http://10.0.0.63:3031/video
22:27:03  ✅ Kamera-Stream geöffnet.
22:27:04  ✅ Kamera-Reconnect erfolgreich (Versuch 1/3).
22:27:10  HTTP Request: POST http://localhost:11434/api/chat "HTTP/1.1 200 OK"
22:27:10     ✅ OK
22:27:27  HTTP Request: POST http://localhost:11434/api/chat "HTTP/1.1 200 OK"
22:27:27     ✅ OK
22:27:44  HTTP Request: POST http://localhost:11434/api/chat "HTTP/1.1 200 OK"
22:27:44     ✅ OK
22:28:01  HTTP Request: POST http://localhost:11434/api/chat "HTTP/1.1 200 OK"
22:28:01     ✅ OK
22:28:18  HTTP Request: POST http://localhost:11434/api/chat "HTTP/1.1 200 OK"
22:28:18     ✅ OK
22:28:28  ❌ Kamera-Fehler: Konnte kein Frame von der Kamera lesen!
22:28:29  🔄 Kamera-Stream wird neu verbunden.
22:28:29  📷 Kamera-Stream geschlossen.
22:28:29  📷 Öffne Kamera-Stream: http://10.0.0.63:3031/video
22:28:29  ✅ Kamera-Stream geöffnet.
22:28:29  ✅ Kamera-Reconnect erfolgreich (Versuch 1/3).
22:28:36  HTTP Request: POST http://localhost:11434/api/chat "HTTP/1.1 200 OK"
22:28:36     ✅ OK
22:28:52  HTTP Request: POST http://localhost:11434/api/chat "HTTP/1.1 200 OK"
22:28:52     ✅ OK
22:29:09  HTTP Request: POST http://localhost:11434/api/chat "HTTP/1.1 200 OK"
22:29:09     ✅ OK
22:29:26  HTTP Request: POST http://localhost:11434/api/chat "HTTP/1.1 200 OK"
22:29:26     ✅ OK
22:29:36  ❌ Kamera-Fehler: Konnte kein Frame von der Kamera lesen!
22:29:37  🔄 Kamera-Stream wird neu verbunden.
22:29:37  📷 Kamera-Stream geschlossen.
22:29:37  📷 Öffne Kamera-Stream: http://10.0.0.63:3031/video
22:29:37  ✅ Kamera-Stream geöffnet.
22:29:37  ✅ Kamera-Reconnect erfolgreich (Versuch 1/3).
22:29:44  HTTP Request: POST http://localhost:11434/api/chat "HTTP/1.1 200 OK"
22:29:44     ✅ OK
22:30:01  HTTP Request: POST http://localhost:11434/api/chat "HTTP/1.1 200 OK"
22:30:01     ✅ OK
22:30:18  HTTP Request: POST http://localhost:11434/api/chat "HTTP/1.1 200 OK"
22:30:18     ✅ OK
22:30:34  HTTP Request: POST http://localhost:11434/api/chat "HTTP/1.1 200 OK"
22:30:34     ✅ OK
22:30:44  ❌ Kamera-Fehler: Konnte kein Frame von der Kamera lesen!
22:30:45  🔄 Kamera-Stream wird neu verbunden.
22:30:45  📷 Kamera-Stream geschlossen.
22:30:45  📷 Öffne Kamera-Stream: http://10.0.0.63:3031/video
22:30:46  ✅ Kamera-Stream geöffnet.
22:30:46  ✅ Kamera-Reconnect erfolgreich (Versuch 1/3).
22:30:52  HTTP Request: POST http://localhost:11434/api/chat "HTTP/1.1 200 OK"
22:30:52     ✅ OK
22:31:09  HTTP Request: POST http://localhost:11434/api/chat "HTTP/1.1 200 OK"
22:31:09     ✅ OK
22:31:26  HTTP Request: POST http://localhost:11434/api/chat "HTTP/1.1 200 OK"
22:31:26     ✅ OK
22:31:43  HTTP Request: POST http://localhost:11434/api/chat "HTTP/1.1 200 OK"
22:31:43     ✅ OK
22:31:53  ❌ Kamera-Fehler: Konnte kein Frame von der Kamera lesen!
22:31:54  🔄 Kamera-Stream wird neu verbunden.
22:31:54  📷 Kamera-Stream geschlossen.
22:31:54  📷 Öffne Kamera-Stream: http://10.0.0.63:3031/video
22:31:54  ✅ Kamera-Stream geöffnet.
22:31:54  ✅ Kamera-Reconnect erfolgreich (Versuch 1/3).
22:32:01  HTTP Request: POST http://localhost:11434/api/chat "HTTP/1.1 200 OK"
22:32:01     ✅ OK
22:32:18  HTTP Request: POST http://localhost:11434/api/chat "HTTP/1.1 200 OK"
22:32:18     ✅ OK
22:32:34  HTTP Request: POST http://localhost:11434/api/chat "HTTP/1.1 200 OK"
22:32:34     ✅ OK
22:32:51  HTTP Request: POST http://localhost:11434/api/chat "HTTP/1.1 200 OK"
22:32:51     ✅ OK
22:33:01  ❌ Kamera-Fehler: Konnte kein Frame von der Kamera lesen!
22:33:02  🔄 Kamera-Stream wird neu verbunden.
22:33:02  📷 Kamera-Stream geschlossen.
22:33:02  📷 Öffne Kamera-Stream: http://10.0.0.63:3031/video
22:33:02  ✅ Kamera-Stream geöffnet.
22:33:03  ✅ Kamera-Reconnect erfolgreich (Versuch 1/3).
22:33:09  HTTP Request: POST http://localhost:11434/api/chat "HTTP/1.1 200 OK"
22:33:09     ✅ OK
22:33:26  HTTP Request: POST http://localhost:11434/api/chat "HTTP/1.1 200 OK"
22:33:26     ✅ OK
22:33:43  HTTP Request: POST http://localhost:11434/api/chat "HTTP/1.1 200 OK"
22:33:43     ✅ OK
22:34:00  HTTP Request: POST http://localhost:11434/api/chat "HTTP/1.1 200 OK"
22:34:00     ✅ OK
22:34:10  ❌ Kamera-Fehler: Konnte kein Frame von der Kamera lesen!
22:34:11  🔄 Kamera-Stream wird neu verbunden.
22:34:11  📷 Kamera-Stream geschlossen.
22:34:11  📷 Öffne Kamera-Stream: http://10.0.0.63:3031/video
22:34:11  ✅ Kamera-Stream geöffnet.
22:34:11  ✅ Kamera-Reconnect erfolgreich (Versuch 1/3).
22:34:18  HTTP Request: POST http://localhost:11434/api/chat "HTTP/1.1 200 OK"
22:34:18     ✅ OK
22:34:34  HTTP Request: POST http://localhost:11434/api/chat "HTTP/1.1 200 OK"
22:34:34     ✅ OK
22:34:51  HTTP Request: POST http://localhost:11434/api/chat "HTTP/1.1 200 OK"
22:34:51     ✅ OK
22:35:08  HTTP Request: POST http://localhost:11434/api/chat "HTTP/1.1 200 OK"
22:35:08     ✅ OK
22:35:18  ❌ Kamera-Fehler: Konnte kein Frame von der Kamera lesen!
22:35:19  🔄 Kamera-Stream wird neu verbunden.
22:35:19  📷 Kamera-Stream geschlossen.
22:35:19  📷 Öffne Kamera-Stream: http://10.0.0.63:3031/video
22:35:19  ✅ Kamera-Stream geöffnet.
22:35:19  ✅ Kamera-Reconnect erfolgreich (Versuch 1/3).
22:35:26  HTTP Request: POST http://localhost:11434/api/chat "HTTP/1.1 200 OK"
22:35:26     ✅ OK
22:35:43  HTTP Request: POST http://localhost:11434/api/chat "HTTP/1.1 200 OK"
22:35:43     ✅ OK
22:36:00  HTTP Request: POST http://localhost:11434/api/chat "HTTP/1.1 200 OK"
22:36:00     ✅ OK
22:36:16  HTTP Request: POST http://localhost:11434/api/chat "HTTP/1.1 200 OK"
22:36:16     ✅ OK
22:36:26  ❌ Kamera-Fehler: Konnte kein Frame von der Kamera lesen!
22:36:27  🔄 Kamera-Stream wird neu verbunden.
22:36:27  📷 Kamera-Stream geschlossen.
22:36:27  📷 Öffne Kamera-Stream: http://10.0.0.63:3031/video
22:36:27  ✅ Kamera-Stream geöffnet.
22:36:28  ✅ Kamera-Reconnect erfolgreich (Versuch 1/3).
22:36:34  HTTP Request: POST http://localhost:11434/api/chat "HTTP/1.1 200 OK"
22:36:34     ✅ OK
22:36:51  HTTP Request: POST http://localhost:11434/api/chat "HTTP/1.1 200 OK"
22:36:51     ✅ OK
22:37:08  HTTP Request: POST http://localhost:11434/api/chat "HTTP/1.1 200 OK"
22:37:08     ✅ OK
22:37:25  HTTP Request: POST http://localhost:11434/api/chat "HTTP/1.1 200 OK"
22:37:25     ✅ OK
22:37:35  ❌ Kamera-Fehler: Konnte kein Frame von der Kamera lesen!
22:37:36  🔄 Kamera-Stream wird neu verbunden.
22:37:36  📷 Kamera-Stream geschlossen.
22:37:36  📷 Öffne Kamera-Stream: http://10.0.0.63:3031/video
22:37:36  ✅ Kamera-Stream geöffnet.
22:37:36  ✅ Kamera-Reconnect erfolgreich (Versuch 1/3).
22:37:43  HTTP Request: POST http://localhost:11434/api/chat "HTTP/1.1 200 OK"
22:37:43     ✅ OK
22:38:00  HTTP Request: POST http://localhost:11434/api/chat "HTTP/1.1 200 OK"
22:38:00     ✅ OK
22:38:16  HTTP Request: POST http://localhost:11434/api/chat "HTTP/1.1 200 OK"
22:38:16     ✅ OK
22:38:33  HTTP Request: POST http://localhost:11434/api/chat "HTTP/1.1 200 OK"
22:38:33     ✅ OK
22:38:50  HTTP Request: POST http://localhost:11434/api/chat "HTTP/1.1 200 OK"
22:38:50     ✅ OK
22:39:00  ❌ Kamera-Fehler: Konnte kein Frame von der Kamera lesen!
22:39:01  🔄 Kamera-Stream wird neu verbunden.
22:39:01  📷 Kamera-Stream geschlossen.
22:39:01  📷 Öffne Kamera-Stream: http://10.0.0.63:3031/video
22:39:01  ✅ Kamera-Stream geöffnet.
22:39:01  ✅ Kamera-Reconnect erfolgreich (Versuch 1/3).
22:39:08  HTTP Request: POST http://localhost:11434/api/chat "HTTP/1.1 200 OK"
22:39:08     ✅ OK
22:39:25  HTTP Request: POST http://localhost:11434/api/chat "HTTP/1.1 200 OK"
22:39:25     ✅ OK
22:39:42  HTTP Request: POST http://localhost:11434/api/chat "HTTP/1.1 200 OK"
22:39:42     ✅ OK
22:39:59  HTTP Request: POST http://localhost:11434/api/chat "HTTP/1.1 200 OK"
22:39:59     ✅ OK
22:40:15  HTTP Request: POST http://localhost:11434/api/chat "HTTP/1.1 200 OK"
22:40:15     ✅ OK
22:40:25  ❌ Kamera-Fehler: Konnte kein Frame von der Kamera lesen!
22:40:26  🔄 Kamera-Stream wird neu verbunden.
22:40:26  📷 Kamera-Stream geschlossen.
22:40:26  📷 Öffne Kamera-Stream: http://10.0.0.63:3031/video
22:40:26  ✅ Kamera-Stream geöffnet.
22:40:27  ✅ Kamera-Reconnect erfolgreich (Versuch 1/3).
22:40:33  HTTP Request: POST http://localhost:11434/api/chat "HTTP/1.1 200 OK"
22:40:33     ✅ OK
22:40:50  HTTP Request: POST http://localhost:11434/api/chat "HTTP/1.1 200 OK"
22:40:50     ✅ OK
22:41:07  HTTP Request: POST http://localhost:11434/api/chat "HTTP/1.1 200 OK"
22:41:07     ✅ OK
22:41:24  HTTP Request: POST http://localhost:11434/api/chat "HTTP/1.1 200 OK"
22:41:24     ✅ OK
22:41:34  ❌ Kamera-Fehler: Konnte kein Frame von der Kamera lesen!
22:41:35  🔄 Kamera-Stream wird neu verbunden.
22:41:35  📷 Kamera-Stream geschlossen.
22:41:35  📷 Öffne Kamera-Stream: http://10.0.0.63:3031/video
22:41:35  ✅ Kamera-Stream geöffnet.
22:41:35  ✅ Kamera-Reconnect erfolgreich (Versuch 1/3).
22:41:42  HTTP Request: POST http://localhost:11434/api/chat "HTTP/1.1 200 OK"
22:41:42     ✅ OK
22:41:59  HTTP Request: POST http://localhost:11434/api/chat "HTTP/1.1 200 OK"
22:41:59     ✅ OK
22:42:15  HTTP Request: POST http://localhost:11434/api/chat "HTTP/1.1 200 OK"
22:42:15     ✅ OK
22:42:32  HTTP Request: POST http://localhost:11434/api/chat "HTTP/1.1 200 OK"
22:42:32     ✅ OK
22:42:49  HTTP Request: POST http://localhost:11434/api/chat "HTTP/1.1 200 OK"
22:42:49     ✅ OK
22:42:59  ❌ Kamera-Fehler: Konnte kein Frame von der Kamera lesen!
22:43:00  🔄 Kamera-Stream wird neu verbunden.
22:43:00  📷 Kamera-Stream geschlossen.
22:43:00  📷 Öffne Kamera-Stream: http://10.0.0.63:3031/video
22:43:00  ✅ Kamera-Stream geöffnet.
22:43:00  ✅ Kamera-Reconnect erfolgreich (Versuch 1/3).
22:43:07  HTTP Request: POST http://localhost:11434/api/chat "HTTP/1.1 200 OK"
22:43:07     ✅ OK
22:43:24  HTTP Request: POST http://localhost:11434/api/chat "HTTP/1.1 200 OK"
22:43:24     ✅ OK
22:43:41  HTTP Request: POST http://localhost:11434/api/chat "HTTP/1.1 200 OK"
22:43:41     ✅ OK
22:43:58  HTTP Request: POST http://localhost:11434/api/chat "HTTP/1.1 200 OK"
22:43:58     ✅ OK
22:44:14  HTTP Request: POST http://localhost:11434/api/chat "HTTP/1.1 200 OK"
22:44:14     ✅ OK
22:44:24  ❌ Kamera-Fehler: Konnte kein Frame von der Kamera lesen!
22:44:25  🔄 Kamera-Stream wird neu verbunden.
22:44:25  📷 Kamera-Stream geschlossen.
22:44:25  📷 Öffne Kamera-Stream: http://10.0.0.63:3031/video
22:44:25  ✅ Kamera-Stream geöffnet.
22:44:26  ✅ Kamera-Reconnect erfolgreich (Versuch 1/3).
22:44:32  HTTP Request: POST http://localhost:11434/api/chat "HTTP/1.1 200 OK"
22:44:32     ✅ OK
22:44:49  HTTP Request: POST http://localhost:11434/api/chat "HTTP/1.1 200 OK"
22:44:49     ✅ OK
22:45:06  HTTP Request: POST http://localhost:11434/api/chat "HTTP/1.1 200 OK"
22:45:06     ✅ OK
22:45:23  HTTP Request: POST http://localhost:11434/api/chat "HTTP/1.1 200 OK"
22:45:23     ✅ OK
22:45:40  HTTP Request: POST http://localhost:11434/api/chat "HTTP/1.1 200 OK"
22:45:40     ✅ OK
22:45:50  ❌ Kamera-Fehler: Konnte kein Frame von der Kamera lesen!
22:45:51  🔄 Kamera-Stream wird neu verbunden.
22:45:51  📷 Kamera-Stream geschlossen.
22:45:51  📷 Öffne Kamera-Stream: http://10.0.0.63:3031/video
22:45:51  ✅ Kamera-Stream geöffnet.
22:45:51  ✅ Kamera-Reconnect erfolgreich (Versuch 1/3).
22:45:58  HTTP Request: POST http://localhost:11434/api/chat "HTTP/1.1 200 OK"
22:45:58     ✅ OK
22:46:15  HTTP Request: POST http://localhost:11434/api/chat "HTTP/1.1 200 OK"
22:46:15     ✅ OK
22:46:31  HTTP Request: POST http://localhost:11434/api/chat "HTTP/1.1 200 OK"
22:46:31     ✅ OK
22:46:48  HTTP Request: POST http://localhost:11434/api/chat "HTTP/1.1 200 OK"
22:46:48     ✅ OK
22:47:05  HTTP Request: POST http://localhost:11434/api/chat "HTTP/1.1 200 OK"
22:47:05     ✅ OK
22:47:15  ❌ Kamera-Fehler: Konnte kein Frame von der Kamera lesen!
22:47:16  🔄 Kamera-Stream wird neu verbunden.
22:47:16  📷 Kamera-Stream geschlossen.
22:47:16  📷 Öffne Kamera-Stream: http://10.0.0.63:3031/video
22:47:16  ✅ Kamera-Stream geöffnet.
22:47:16  ✅ Kamera-Reconnect erfolgreich (Versuch 1/3).
22:47:23  HTTP Request: POST http://localhost:11434/api/chat "HTTP/1.1 200 OK"
22:47:23     ✅ OK
22:47:40  HTTP Request: POST http://localhost:11434/api/chat "HTTP/1.1 200 OK"
22:47:40     ✅ OK
22:47:57  HTTP Request: POST http://localhost:11434/api/chat "HTTP/1.1 200 OK"
22:47:57     ✅ OK
22:48:07  ❌ Kamera-Fehler: Konnte kein Frame von der Kamera lesen!
22:48:08  🔄 Kamera-Stream wird neu verbunden.
22:48:08  📷 Kamera-Stream geschlossen.
22:48:08  📷 Öffne Kamera-Stream: http://10.0.0.63:3031/video
22:48:08  ✅ Kamera-Stream geöffnet.
22:48:08  ✅ Kamera-Reconnect erfolgreich (Versuch 1/3).
22:48:15  HTTP Request: POST http://localhost:11434/api/chat "HTTP/1.1 200 OK"
22:48:15     ✅ OK
22:48:31  HTTP Request: POST http://localhost:11434/api/chat "HTTP/1.1 200 OK"
22:48:31     ✅ OK
22:48:48  HTTP Request: POST http://localhost:11434/api/chat "HTTP/1.1 200 OK"
22:48:48     ✅ OK
22:49:05  HTTP Request: POST http://localhost:11434/api/chat "HTTP/1.1 200 OK"
22:49:05     ✅ OK
22:49:22  HTTP Request: POST http://localhost:11434/api/chat "HTTP/1.1 200 OK"
22:49:22     ✅ OK
22:49:32  ❌ Kamera-Fehler: Konnte kein Frame von der Kamera lesen!
22:49:33  🔄 Kamera-Stream wird neu verbunden.
22:49:33  📷 Kamera-Stream geschlossen.
22:49:33  📷 Öffne Kamera-Stream: http://10.0.0.63:3031/video
22:49:33  ✅ Kamera-Stream geöffnet.
22:49:33  ✅ Kamera-Reconnect erfolgreich (Versuch 1/3).
22:49:40  HTTP Request: POST http://localhost:11434/api/chat "HTTP/1.1 200 OK"
22:49:40     ✅ OK
22:49:57  HTTP Request: POST http://localhost:11434/api/chat "HTTP/1.1 200 OK"
22:49:57     ✅ OK
22:50:14  HTTP Request: POST http://localhost:11434/api/chat "HTTP/1.1 200 OK"
22:50:14     ✅ OK
22:50:30  HTTP Request: POST http://localhost:11434/api/chat "HTTP/1.1 200 OK"
22:50:30     ✅ OK
22:50:47  HTTP Request: POST http://localhost:11434/api/chat "HTTP/1.1 200 OK"
22:50:47     ✅ OK
22:51:04  HTTP Request: POST http://localhost:11434/api/chat "HTTP/1.1 200 OK"
22:51:04     ✅ OK
22:51:21  HTTP Request: POST http://localhost:11434/api/chat "HTTP/1.1 200 OK"
22:51:21     ✅ OK
22:51:31  ❌ Kamera-Fehler: Konnte kein Frame von der Kamera lesen!
22:51:32  🔄 Kamera-Stream wird neu verbunden.
22:51:32  📷 Kamera-Stream geschlossen.
22:51:32  📷 Öffne Kamera-Stream: http://10.0.0.63:3031/video
22:51:32  ✅ Kamera-Stream geöffnet.
22:51:32  ✅ Kamera-Reconnect erfolgreich (Versuch 1/3).
22:51:39  HTTP Request: POST http://localhost:11434/api/chat "HTTP/1.1 200 OK"
22:51:39     ✅ OK
22:51:56  HTTP Request: POST http://localhost:11434/api/chat "HTTP/1.1 200 OK"
22:51:56     ✅ OK
22:52:13  HTTP Request: POST http://localhost:11434/api/chat "HTTP/1.1 200 OK"
22:52:13     ✅ OK
22:52:29  HTTP Request: POST http://localhost:11434/api/chat "HTTP/1.1 200 OK"
22:52:29     ✅ OK
22:52:46  HTTP Request: POST http://localhost:11434/api/chat "HTTP/1.1 200 OK"
22:52:46     ✅ OK
22:53:03  HTTP Request: POST http://localhost:11434/api/chat "HTTP/1.1 200 OK"
22:53:03     ✅ OK
22:53:20  HTTP Request: POST http://localhost:11434/api/chat "HTTP/1.1 200 OK"
22:53:20     ✅ OK
22:53:30  ❌ Kamera-Fehler: Konnte kein Frame von der Kamera lesen!
22:53:31  🔄 Kamera-Stream wird neu verbunden.
22:53:31  📷 Kamera-Stream geschlossen.
22:53:31  📷 Öffne Kamera-Stream: http://10.0.0.63:3031/video
22:53:31  ✅ Kamera-Stream geöffnet.
22:53:31  ✅ Kamera-Reconnect erfolgreich (Versuch 1/3).
22:53:38  HTTP Request: POST http://localhost:11434/api/chat "HTTP/1.1 200 OK"
22:53:38     ✅ OK
22:53:55  HTTP Request: POST http://localhost:11434/api/chat "HTTP/1.1 200 OK"
22:53:55     ✅ OK
22:54:11  HTTP Request: POST http://localhost:11434/api/chat "HTTP/1.1 200 OK"
22:54:11     ✅ OK
22:54:28  HTTP Request: POST http://localhost:11434/api/chat "HTTP/1.1 200 OK"
22:54:28     ✅ OK
22:54:45  HTTP Request: POST http://localhost:11434/api/chat "HTTP/1.1 200 OK"
22:54:45     ✅ OK
22:55:02  HTTP Request: POST http://localhost:11434/api/chat "HTTP/1.1 200 OK"
22:55:02     ✅ OK
22:55:19  HTTP Request: POST http://localhost:11434/api/chat "HTTP/1.1 200 OK"
22:55:19     ✅ OK
22:55:29  ❌ Kamera-Fehler: Konnte kein Frame von der Kamera lesen!
22:55:30  🔄 Kamera-Stream wird neu verbunden.
22:55:30  📷 Kamera-Stream geschlossen.
22:55:30  📷 Öffne Kamera-Stream: http://10.0.0.63:3031/video
22:55:30  ✅ Kamera-Stream geöffnet.
22:55:30  ✅ Kamera-Reconnect erfolgreich (Versuch 1/3).
22:55:37  HTTP Request: POST http://localhost:11434/api/chat "HTTP/1.1 200 OK"
22:55:37     ✅ OK
22:55:53  HTTP Request: POST http://localhost:11434/api/chat "HTTP/1.1 200 OK"
22:55:53     ✅ OK
22:56:10  HTTP Request: POST http://localhost:11434/api/chat "HTTP/1.1 200 OK"
22:56:10     ✅ OK
22:56:27  HTTP Request: POST http://localhost:11434/api/chat "HTTP/1.1 200 OK"
22:56:27     ✅ OK
22:56:44  HTTP Request: POST http://localhost:11434/api/chat "HTTP/1.1 200 OK"
22:56:44     ✅ OK
22:57:01  HTTP Request: POST http://localhost:11434/api/chat "HTTP/1.1 200 OK"
22:57:01     ✅ OK
22:57:11  ❌ Kamera-Fehler: Konnte kein Frame von der Kamera lesen!
22:57:12  🔄 Kamera-Stream wird neu verbunden.
22:57:12  📷 Kamera-Stream geschlossen.
22:57:12  📷 Öffne Kamera-Stream: http://10.0.0.63:3031/video
22:57:12  ✅ Kamera-Stream geöffnet.
22:57:12  ✅ Kamera-Reconnect erfolgreich (Versuch 1/3).
22:57:19  HTTP Request: POST http://localhost:11434/api/chat "HTTP/1.1 200 OK"
22:57:19     ✅ OK
22:57:36  HTTP Request: POST http://localhost:11434/api/chat "HTTP/1.1 200 OK"
22:57:36     ✅ OK
22:57:52  HTTP Request: POST http://localhost:11434/api/chat "HTTP/1.1 200 OK"
22:57:52     ✅ OK
22:58:09  HTTP Request: POST http://localhost:11434/api/chat "HTTP/1.1 200 OK"
22:58:09     ✅ OK
22:58:26  HTTP Request: POST http://localhost:11434/api/chat "HTTP/1.1 200 OK"
22:58:26     ✅ OK
22:58:43  HTTP Request: POST http://localhost:11434/api/chat "HTTP/1.1 200 OK"
22:58:43     ✅ OK
22:59:00  HTTP Request: POST http://localhost:11434/api/chat "HTTP/1.1 200 OK"
22:59:00     ✅ OK
22:59:16  HTTP Request: POST http://localhost:11434/api/chat "HTTP/1.1 200 OK"
22:59:16     ✅ OK
22:59:26  ❌ Kamera-Fehler: Konnte kein Frame von der Kamera lesen!
22:59:27  🔄 Kamera-Stream wird neu verbunden.
22:59:27  📷 Kamera-Stream geschlossen.
22:59:27  📷 Öffne Kamera-Stream: http://10.0.0.63:3031/video
22:59:28  ✅ Kamera-Stream geöffnet.
22:59:28  ✅ Kamera-Reconnect erfolgreich (Versuch 1/3).
22:59:35  HTTP Request: POST http://localhost:11434/api/chat "HTTP/1.1 200 OK"
22:59:35     ✅ OK
22:59:51  HTTP Request: POST http://localhost:11434/api/chat "HTTP/1.1 200 OK"
22:59:51     ✅ OK
23:00:08  HTTP Request: POST http://localhost:11434/api/chat "HTTP/1.1 200 OK"
23:00:08     ✅ OK
23:00:25  HTTP Request: POST http://localhost:11434/api/chat "HTTP/1.1 200 OK"
23:00:25     ✅ OK
23:00:42  HTTP Request: POST http://localhost:11434/api/chat "HTTP/1.1 200 OK"
23:00:42     ✅ OK
23:00:59  HTTP Request: POST http://localhost:11434/api/chat "HTTP/1.1 200 OK"
23:00:59     ✅ OK
23:01:09  ❌ Kamera-Fehler: Konnte kein Frame von der Kamera lesen!
23:01:10  🔄 Kamera-Stream wird neu verbunden.
23:01:10  📷 Kamera-Stream geschlossen.
23:01:10  📷 Öffne Kamera-Stream: http://10.0.0.63:3031/video
23:01:10  ✅ Kamera-Stream geöffnet.
23:01:10  ✅ Kamera-Reconnect erfolgreich (Versuch 1/3).
23:01:17  HTTP Request: POST http://localhost:11434/api/chat "HTTP/1.1 200 OK"
23:01:17     ✅ OK
23:01:33  HTTP Request: POST http://localhost:11434/api/chat "HTTP/1.1 200 OK"
23:01:33     ✅ OK
23:01:50  HTTP Request: POST http://localhost:11434/api/chat "HTTP/1.1 200 OK"
23:01:50     ✅ OK
23:02:07  HTTP Request: POST http://localhost:11434/api/chat "HTTP/1.1 200 OK"
23:02:07     ✅ OK
23:02:24  HTTP Request: POST http://localhost:11434/api/chat "HTTP/1.1 200 OK"
23:02:24     ✅ OK
23:02:41  HTTP Request: POST http://localhost:11434/api/chat "HTTP/1.1 200 OK"
23:02:41     ✅ OK
23:02:51  ❌ Kamera-Fehler: Konnte kein Frame von der Kamera lesen!
23:02:52  🔄 Kamera-Stream wird neu verbunden.
23:02:52  📷 Kamera-Stream geschlossen.
23:02:52  📷 Öffne Kamera-Stream: http://10.0.0.63:3031/video
23:02:52  ✅ Kamera-Stream geöffnet.
23:02:52  ✅ Kamera-Reconnect erfolgreich (Versuch 1/3).
23:02:59  HTTP Request: POST http://localhost:11434/api/chat "HTTP/1.1 200 OK"
23:02:59     ✅ OK
23:03:15  HTTP Request: POST http://localhost:11434/api/chat "HTTP/1.1 200 OK"
23:03:15     ✅ OK
23:03:32  HTTP Request: POST http://localhost:11434/api/chat "HTTP/1.1 200 OK"
23:03:32     ✅ OK
23:03:49  HTTP Request: POST http://localhost:11434/api/chat "HTTP/1.1 200 OK"
23:03:49     ✅ OK
23:04:06  HTTP Request: POST http://localhost:11434/api/chat "HTTP/1.1 200 OK"
23:04:06     ✅ OK
23:04:23  HTTP Request: POST http://localhost:11434/api/chat "HTTP/1.1 200 OK"
23:04:23     ✅ OK
23:04:39  HTTP Request: POST http://localhost:11434/api/chat "HTTP/1.1 200 OK"
23:04:39     ✅ OK
23:04:49  ❌ Kamera-Fehler: Konnte kein Frame von der Kamera lesen!
23:04:50  🔄 Kamera-Stream wird neu verbunden.
23:04:50  📷 Kamera-Stream geschlossen.
23:04:50  📷 Öffne Kamera-Stream: http://10.0.0.63:3031/video
23:04:50  ✅ Kamera-Stream geöffnet.
23:04:51  ✅ Kamera-Reconnect erfolgreich (Versuch 1/3).
23:04:57  HTTP Request: POST http://localhost:11434/api/chat "HTTP/1.1 200 OK"
23:04:57     ✅ OK
23:05:14  HTTP Request: POST http://localhost:11434/api/chat "HTTP/1.1 200 OK"
23:05:14     ✅ OK
23:05:31  HTTP Request: POST http://localhost:11434/api/chat "HTTP/1.1 200 OK"
23:05:31     ✅ OK
23:05:48  HTTP Request: POST http://localhost:11434/api/chat "HTTP/1.1 200 OK"
23:05:48     ✅ OK
23:06:05  HTTP Request: POST http://localhost:11434/api/chat "HTTP/1.1 200 OK"
23:06:05     ✅ OK
23:06:21  HTTP Request: POST http://localhost:11434/api/chat "HTTP/1.1 200 OK"
23:06:21     ✅ OK
23:06:38  HTTP Request: POST http://localhost:11434/api/chat "HTTP/1.1 200 OK"
23:06:38     ✅ OK
23:06:48  ❌ Kamera-Fehler: Konnte kein Frame von der Kamera lesen!
23:06:49  🔄 Kamera-Stream wird neu verbunden.
23:06:49  📷 Kamera-Stream geschlossen.
23:06:49  📷 Öffne Kamera-Stream: http://10.0.0.63:3031/video
23:06:49  ✅ Kamera-Stream geöffnet.
23:06:49  ✅ Kamera-Reconnect erfolgreich (Versuch 1/3).
23:06:56  HTTP Request: POST http://localhost:11434/api/chat "HTTP/1.1 200 OK"
23:06:56     ✅ OK
23:07:13  HTTP Request: POST http://localhost:11434/api/chat "HTTP/1.1 200 OK"
23:07:13     ✅ OK
23:07:30  HTTP Request: POST http://localhost:11434/api/chat "HTTP/1.1 200 OK"
23:07:30     ✅ OK
23:07:47  HTTP Request: POST http://localhost:11434/api/chat "HTTP/1.1 200 OK"
23:07:47     ✅ OK
23:08:03  HTTP Request: POST http://localhost:11434/api/chat "HTTP/1.1 200 OK"
23:08:03     ✅ OK
23:08:20  HTTP Request: POST http://localhost:11434/api/chat "HTTP/1.1 200 OK"
23:08:20     ✅ OK
23:08:30  ❌ Kamera-Fehler: Konnte kein Frame von der Kamera lesen!
23:08:31  🔄 Kamera-Stream wird neu verbunden.
23:08:31  📷 Kamera-Stream geschlossen.
23:08:31  📷 Öffne Kamera-Stream: http://10.0.0.63:3031/video
23:08:31  ✅ Kamera-Stream geöffnet.
23:08:31  ✅ Kamera-Reconnect erfolgreich (Versuch 1/3).
23:08:38  HTTP Request: POST http://localhost:11434/api/chat "HTTP/1.1 200 OK"
23:08:38     ✅ OK
23:08:55  HTTP Request: POST http://localhost:11434/api/chat "HTTP/1.1 200 OK"
23:08:55     ✅ OK
23:09:12  HTTP Request: POST http://localhost:11434/api/chat "HTTP/1.1 200 OK"
23:09:12     ✅ OK
23:09:29  HTTP Request: POST http://localhost:11434/api/chat "HTTP/1.1 200 OK"
23:09:29     ✅ OK
23:09:45  HTTP Request: POST http://localhost:11434/api/chat "HTTP/1.1 200 OK"
23:09:45     ✅ OK
23:10:02  HTTP Request: POST http://localhost:11434/api/chat "HTTP/1.1 200 OK"
23:10:02     ✅ OK
23:10:19  HTTP Request: POST http://localhost:11434/api/chat "HTTP/1.1 200 OK"
23:10:19     ✅ OK
23:10:29  ❌ Kamera-Fehler: Konnte kein Frame von der Kamera lesen!
23:10:30  🔄 Kamera-Stream wird neu verbunden.
23:10:30  📷 Kamera-Stream geschlossen.
23:10:30  📷 Öffne Kamera-Stream: http://10.0.0.63:3031/video
23:10:30  ✅ Kamera-Stream geöffnet.
23:10:30  ✅ Kamera-Reconnect erfolgreich (Versuch 1/3).
23:10:37  HTTP Request: POST http://localhost:11434/api/chat "HTTP/1.1 200 OK"
23:10:37     ✅ OK
23:10:54  HTTP Request: POST http://localhost:11434/api/chat "HTTP/1.1 200 OK"
23:10:54     ✅ OK
23:11:11  HTTP Request: POST http://localhost:11434/api/chat "HTTP/1.1 200 OK"
23:11:11     ✅ OK
23:11:27  HTTP Request: POST http://localhost:11434/api/chat "HTTP/1.1 200 OK"
23:11:27     ✅ OK
23:36:14  HTTP Request: POST http://localhost:11434/api/chat "HTTP/1.1 200 OK"
23:36:14     ✅ OK
23:36:24  ❌ Kamera-Fehler: Konnte kein Frame von der Kamera lesen!
23:36:25  🔄 Kamera-Stream wird neu verbunden.
23:36:25  📷 Kamera-Stream geschlossen.
23:36:25  📷 Öffne Kamera-Stream: http://10.0.0.63:3031/video
23:36:25  ✅ Kamera-Stream geöffnet.
23:36:25  ✅ Kamera-Reconnect erfolgreich (Versuch 1/3).
23:36:42  HTTP Request: POST http://localhost:11434/api/chat "HTTP/1.1 200 OK"
23:36:42     ✅ OK
23:37:01  HTTP Request: POST http://localhost:11434/api/chat "HTTP/1.1 200 OK"
23:37:01     ✅ OK
23:37:18  HTTP Request: POST http://localhost:11434/api/chat "HTTP/1.1 200 OK"
23:37:18     ✅ OK
23:37:35  HTTP Request: POST http://localhost:11434/api/chat "HTTP/1.1 200 OK"
23:37:35     ✅ OK
23:37:52  HTTP Request: POST http://localhost:11434/api/chat "HTTP/1.1 200 OK"
23:37:52     ✅ OK
23:38:02  ❌ Kamera-Fehler: Konnte kein Frame von der Kamera lesen!
23:38:03  🔄 Kamera-Stream wird neu verbunden.
23:38:03  📷 Kamera-Stream geschlossen.
23:38:03  📷 Öffne Kamera-Stream: http://10.0.0.63:3031/video
23:38:03  ✅ Kamera-Stream geöffnet.
23:38:03  ✅ Kamera-Reconnect erfolgreich (Versuch 1/3).
23:38:10  HTTP Request: POST http://localhost:11434/api/chat "HTTP/1.1 200 OK"
23:38:10     ✅ OK
23:38:27  HTTP Request: POST http://localhost:11434/api/chat "HTTP/1.1 200 OK"
23:38:27     ✅ OK
23:38:44  HTTP Request: POST http://localhost:11434/api/chat "HTTP/1.1 200 OK"
23:38:44     ✅ OK
23:39:01  HTTP Request: POST http://localhost:11434/api/chat "HTTP/1.1 200 OK"
23:39:01     ✅ OK
23:39:17  HTTP Request: POST http://localhost:11434/api/chat "HTTP/1.1 200 OK"
23:39:17     ✅ OK
23:39:27  ❌ Kamera-Fehler: Konnte kein Frame von der Kamera lesen!
23:39:28  🔄 Kamera-Stream wird neu verbunden.
23:39:28  📷 Kamera-Stream geschlossen.
23:39:28  📷 Öffne Kamera-Stream: http://10.0.0.63:3031/video
23:39:29  ✅ Kamera-Stream geöffnet.
23:39:29  ✅ Kamera-Reconnect erfolgreich (Versuch 1/3).
23:39:36  HTTP Request: POST http://localhost:11434/api/chat "HTTP/1.1 200 OK"
23:39:36     ✅ OK
23:39:52  HTTP Request: POST http://localhost:11434/api/chat "HTTP/1.1 200 OK"
23:39:52     ✅ OK
23:40:09  HTTP Request: POST http://localhost:11434/api/chat "HTTP/1.1 200 OK"
23:40:09     ✅ OK
23:40:26  HTTP Request: POST http://localhost:11434/api/chat "HTTP/1.1 200 OK"
23:40:26     ✅ OK
23:40:43  HTTP Request: POST http://localhost:11434/api/chat "HTTP/1.1 200 OK"
23:40:43     ✅ OK
23:40:53  ❌ Kamera-Fehler: Konnte kein Frame von der Kamera lesen!
23:40:54  🔄 Kamera-Stream wird neu verbunden.
23:40:54  📷 Kamera-Stream geschlossen.
23:40:54  📷 Öffne Kamera-Stream: http://10.0.0.63:3031/video
23:40:54  ✅ Kamera-Stream geöffnet.
23:40:54  ✅ Kamera-Reconnect erfolgreich (Versuch 1/3).
23:41:01  HTTP Request: POST http://localhost:11434/api/chat "HTTP/1.1 200 OK"
23:41:01     ✅ OK
23:41:18  HTTP Request: POST http://localhost:11434/api/chat "HTTP/1.1 200 OK"
23:41:18     ✅ OK
23:41:38  HTTP Request: POST http://localhost:11434/api/chat "HTTP/1.1 200 OK"
23:41:38     ✅ OK
23:42:00  HTTP Request: POST http://localhost:11434/api/chat "HTTP/1.1 200 OK"
23:42:00     ✅ OK
23:42:19  HTTP Request: POST http://localhost:11434/api/chat "HTTP/1.1 200 OK"
23:42:19     ✅ OK
23:42:29  ❌ Kamera-Fehler: Konnte kein Frame von der Kamera lesen!
23:42:30  🔄 Kamera-Stream wird neu verbunden.
23:42:30  📷 Kamera-Stream geschlossen.
23:42:30  📷 Öffne Kamera-Stream: http://10.0.0.63:3031/video
23:42:30  ✅ Kamera-Stream geöffnet.
23:42:30  ✅ Kamera-Reconnect erfolgreich (Versuch 1/3).
23:42:37  HTTP Request: POST http://localhost:11434/api/chat "HTTP/1.1 200 OK"
23:42:37     ✅ OK
23:42:55  HTTP Request: POST http://localhost:11434/api/chat "HTTP/1.1 200 OK"
23:42:55     ✅ OK
23:43:12  HTTP Request: POST http://localhost:11434/api/chat "HTTP/1.1 200 OK"
23:43:12     ✅ OK
23:43:29  HTTP Request: POST http://localhost:11434/api/chat "HTTP/1.1 200 OK"
23:43:29     ✅ OK
23:43:39  ❌ Kamera-Fehler: Konnte kein Frame von der Kamera lesen!
23:43:40  🔄 Kamera-Stream wird neu verbunden.
23:43:40  📷 Kamera-Stream geschlossen.
23:43:40  📷 Öffne Kamera-Stream: http://10.0.0.63:3031/video
23:43:40  ✅ Kamera-Stream geöffnet.
23:43:40  ✅ Kamera-Reconnect erfolgreich (Versuch 1/3).
23:43:47  HTTP Request: POST http://localhost:11434/api/chat "HTTP/1.1 200 OK"
23:43:47     ✅ OK
23:44:04  HTTP Request: POST http://localhost:11434/api/chat "HTTP/1.1 200 OK"
23:44:04     ✅ OK
23:44:21  HTTP Request: POST http://localhost:11434/api/chat "HTTP/1.1 200 OK"
23:44:21     ✅ OK
23:44:39  HTTP Request: POST http://localhost:11434/api/chat "HTTP/1.1 200 OK"
23:44:39     ✅ OK
23:44:49  ❌ Kamera-Fehler: Konnte kein Frame von der Kamera lesen!
23:44:50  🔄 Kamera-Stream wird neu verbunden.
23:44:50  📷 Kamera-Stream geschlossen.
23:44:50  📷 Öffne Kamera-Stream: http://10.0.0.63:3031/video
23:44:50  ✅ Kamera-Stream geöffnet.
23:44:50  ✅ Kamera-Reconnect erfolgreich (Versuch 1/3).
23:44:57  HTTP Request: POST http://localhost:11434/api/chat "HTTP/1.1 200 OK"
23:44:57     ✅ OK
23:45:14  HTTP Request: POST http://localhost:11434/api/chat "HTTP/1.1 200 OK"
23:45:14     ✅ OK
23:45:31  HTTP Request: POST http://localhost:11434/api/chat "HTTP/1.1 200 OK"
23:45:31     ✅ OK
23:45:48  HTTP Request: POST http://localhost:11434/api/chat "HTTP/1.1 200 OK"
23:45:48     ✅ OK
23:45:58  ❌ Kamera-Fehler: Konnte kein Frame von der Kamera lesen!
23:45:59  🔄 Kamera-Stream wird neu verbunden.
23:45:59  📷 Kamera-Stream geschlossen.
23:45:59  📷 Öffne Kamera-Stream: http://10.0.0.63:3031/video
23:45:59  ✅ Kamera-Stream geöffnet.
23:45:59  ✅ Kamera-Reconnect erfolgreich (Versuch 1/3).
23:46:07  HTTP Request: POST http://localhost:11434/api/chat "HTTP/1.1 200 OK"
23:46:07     ✅ OK
23:46:24  HTTP Request: POST http://localhost:11434/api/chat "HTTP/1.1 200 OK"
23:46:24     ⚠️  Alarmprüfung: FEHLER: SPAGHETTI (1 Fehler, 1/3 Bilder)
23:46:24  📸 10 Bilder für Gegencheck gespeichert: review_frames\20260808_234624_no-task
23:46:41  HTTP Request: POST http://localhost:11434/api/chat "HTTP/1.1 200 OK"
23:46:41     ✅ Alarm verworfen: 0/0 Bestätigungsfehler.
23:46:58  HTTP Request: POST http://localhost:11434/api/chat "HTTP/1.1 200 OK"
23:46:58     ✅ OK
23:47:16  HTTP Request: POST http://localhost:11434/api/chat "HTTP/1.1 200 OK"
23:47:16     ✅ OK
23:47:33  HTTP Request: POST http://localhost:11434/api/chat "HTTP/1.1 200 OK"
23:47:33     ✅ OK
23:47:43  ❌ Kamera-Fehler: Konnte kein Frame von der Kamera lesen!
23:47:44  🔄 Kamera-Stream wird neu verbunden.
23:47:44  📷 Kamera-Stream geschlossen.
23:47:44  📷 Öffne Kamera-Stream: http://10.0.0.63:3031/video
23:47:44  ✅ Kamera-Stream geöffnet.
23:47:44  ✅ Kamera-Reconnect erfolgreich (Versuch 1/3).
23:47:51  HTTP Request: POST http://localhost:11434/api/chat "HTTP/1.1 200 OK"
23:47:51     ✅ OK
23:48:08  HTTP Request: POST http://localhost:11434/api/chat "HTTP/1.1 200 OK"
23:48:08     ✅ OK
23:48:25  HTTP Request: POST http://localhost:11434/api/chat "HTTP/1.1 200 OK"
23:48:25     ✅ OK
23:48:42  HTTP Request: POST http://localhost:11434/api/chat "HTTP/1.1 200 OK"
23:48:42     ✅ OK
23:48:52  ❌ Kamera-Fehler: Konnte kein Frame von der Kamera lesen!
23:48:53  🔄 Kamera-Stream wird neu verbunden.
23:48:53  📷 Kamera-Stream geschlossen.
23:48:53  📷 Öffne Kamera-Stream: http://10.0.0.63:3031/video
23:48:53  ✅ Kamera-Stream geöffnet.
23:48:54  ✅ Kamera-Reconnect erfolgreich (Versuch 1/3).
23:49:01  HTTP Request: POST http://localhost:11434/api/chat "HTTP/1.1 200 OK"
23:49:01     ✅ OK
23:49:18  HTTP Request: POST http://localhost:11434/api/chat "HTTP/1.1 200 OK"
23:49:18     ✅ OK
23:49:35  HTTP Request: POST http://localhost:11434/api/chat "HTTP/1.1 200 OK"
23:49:35     ✅ OK
23:49:52  HTTP Request: POST http://localhost:11434/api/chat "HTTP/1.1 200 OK"
23:49:52     ✅ OK
23:50:02  ❌ Kamera-Fehler: Konnte kein Frame von der Kamera lesen!
23:50:03  🔄 Kamera-Stream wird neu verbunden.
23:50:03  📷 Kamera-Stream geschlossen.
23:50:03  📷 Öffne Kamera-Stream: http://10.0.0.63:3031/video
23:50:03  ✅ Kamera-Stream geöffnet.
23:50:03  ✅ Kamera-Reconnect erfolgreich (Versuch 1/3).
23:50:10  HTTP Request: POST http://localhost:11434/api/chat "HTTP/1.1 200 OK"
23:50:10     ✅ OK
23:50:27  HTTP Request: POST http://localhost:11434/api/chat "HTTP/1.1 200 OK"
23:50:27     ✅ OK
23:50:45  HTTP Request: POST http://localhost:11434/api/chat "HTTP/1.1 200 OK"
23:50:45     ✅ OK
23:51:02  HTTP Request: POST http://localhost:11434/api/chat "HTTP/1.1 200 OK"
23:51:02     ✅ OK
23:51:12  ❌ Kamera-Fehler: Konnte kein Frame von der Kamera lesen!
23:51:13  🔄 Kamera-Stream wird neu verbunden.
23:51:13  📷 Kamera-Stream geschlossen.
23:51:13  📷 Öffne Kamera-Stream: http://10.0.0.63:3031/video
23:51:13  ✅ Kamera-Stream geöffnet.
23:51:13  ✅ Kamera-Reconnect erfolgreich (Versuch 1/3).
23:51:20  HTTP Request: POST http://localhost:11434/api/chat "HTTP/1.1 200 OK"
23:51:20     ✅ OK
23:51:37  HTTP Request: POST http://localhost:11434/api/chat "HTTP/1.1 200 OK"
23:51:37     ✅ OK
23:51:54  HTTP Request: POST http://localhost:11434/api/chat "HTTP/1.1 200 OK"
23:51:54     ✅ OK
23:52:11  HTTP Request: POST http://localhost:11434/api/chat "HTTP/1.1 200 OK"
23:52:11     ✅ OK
23:52:21  ❌ Kamera-Fehler: Konnte kein Frame von der Kamera lesen!
23:52:22  🔄 Kamera-Stream wird neu verbunden.
23:52:22  📷 Kamera-Stream geschlossen.
23:52:22  📷 Öffne Kamera-Stream: http://10.0.0.63:3031/video
23:52:23  ✅ Kamera-Stream geöffnet.
23:52:23  ✅ Kamera-Reconnect erfolgreich (Versuch 1/3).
23:52:30  HTTP Request: POST http://localhost:11434/api/chat "HTTP/1.1 200 OK"
23:52:30     ✅ OK
23:52:47  HTTP Request: POST http://localhost:11434/api/chat "HTTP/1.1 200 OK"
23:52:47     ✅ OK
23:53:04  HTTP Request: POST http://localhost:11434/api/chat "HTTP/1.1 200 OK"
23:53:04     ✅ OK
23:53:21  HTTP Request: POST http://localhost:11434/api/chat "HTTP/1.1 200 OK"
23:53:21     ✅ OK
23:53:31  ❌ Kamera-Fehler: Konnte kein Frame von der Kamera lesen!
23:53:32  🔄 Kamera-Stream wird neu verbunden.
23:53:32  📷 Kamera-Stream geschlossen.
23:53:32  📷 Öffne Kamera-Stream: http://10.0.0.63:3031/video
23:53:32  ✅ Kamera-Stream geöffnet.
23:53:32  ✅ Kamera-Reconnect erfolgreich (Versuch 1/3).
23:53:39  HTTP Request: POST http://localhost:11434/api/chat "HTTP/1.1 200 OK"
23:53:39     ✅ OK
23:53:56  HTTP Request: POST http://localhost:11434/api/chat "HTTP/1.1 200 OK"
23:53:56     ✅ OK
23:54:13  HTTP Request: POST http://localhost:11434/api/chat "HTTP/1.1 200 OK"
23:54:13     ✅ OK
23:54:31  HTTP Request: POST http://localhost:11434/api/chat "HTTP/1.1 200 OK"
23:54:31     ✅ OK
23:54:48  HTTP Request: POST http://localhost:11434/api/chat "HTTP/1.1 200 OK"
23:54:48     ✅ OK
23:54:58  ❌ Kamera-Fehler: Konnte kein Frame von der Kamera lesen!
23:54:59  🔄 Kamera-Stream wird neu verbunden.
23:54:59  📷 Kamera-Stream geschlossen.
23:54:59  📷 Öffne Kamera-Stream: http://10.0.0.63:3031/video
23:54:59  ✅ Kamera-Stream geöffnet.
23:54:59  ✅ Kamera-Reconnect erfolgreich (Versuch 1/3).
23:55:06  HTTP Request: POST http://localhost:11434/api/chat "HTTP/1.1 200 OK"
23:55:06     ✅ OK
23:55:23  HTTP Request: POST http://localhost:11434/api/chat "HTTP/1.1 200 OK"
23:55:23     ✅ OK
23:55:40  HTTP Request: POST http://localhost:11434/api/chat "HTTP/1.1 200 OK"
23:55:40     ✅ OK
23:55:57  HTTP Request: POST http://localhost:11434/api/chat "HTTP/1.1 200 OK"
23:55:57     ✅ OK
23:56:07  ❌ Kamera-Fehler: Konnte kein Frame von der Kamera lesen!
23:56:08  🔄 Kamera-Stream wird neu verbunden.
23:56:08  📷 Kamera-Stream geschlossen.
23:56:08  📷 Öffne Kamera-Stream: http://10.0.0.63:3031/video
23:56:09  ✅ Kamera-Stream geöffnet.
23:56:09  ✅ Kamera-Reconnect erfolgreich (Versuch 1/3).
23:56:16  HTTP Request: POST http://localhost:11434/api/chat "HTTP/1.1 200 OK"
23:56:16     ✅ OK
23:56:33  HTTP Request: POST http://localhost:11434/api/chat "HTTP/1.1 200 OK"
23:56:33     ✅ OK
23:56:50  HTTP Request: POST http://localhost:11434/api/chat "HTTP/1.1 200 OK"
23:56:50     ✅ OK
23:57:07  HTTP Request: POST http://localhost:11434/api/chat "HTTP/1.1 200 OK"
23:57:07     ✅ OK
23:57:17  ❌ Kamera-Fehler: Konnte kein Frame von der Kamera lesen!
23:57:18  🔄 Kamera-Stream wird neu verbunden.
23:57:18  📷 Kamera-Stream geschlossen.
23:57:18  📷 Öffne Kamera-Stream: http://10.0.0.63:3031/video
23:57:18  ✅ Kamera-Stream geöffnet.
23:57:18  ✅ Kamera-Reconnect erfolgreich (Versuch 1/3).
23:57:25  HTTP Request: POST http://localhost:11434/api/chat "HTTP/1.1 200 OK"
23:57:25     ✅ OK
23:57:43  HTTP Request: POST http://localhost:11434/api/chat "HTTP/1.1 200 OK"
23:57:43     ✅ OK
23:58:00  HTTP Request: POST http://localhost:11434/api/chat "HTTP/1.1 200 OK"
23:58:00     ✅ OK
23:58:17  HTTP Request: POST http://localhost:11434/api/chat "HTTP/1.1 200 OK"
23:58:17     ✅ OK
23:58:27  ❌ Kamera-Fehler: Konnte kein Frame von der Kamera lesen!
23:58:28  🔄 Kamera-Stream wird neu verbunden.
23:58:28  📷 Kamera-Stream geschlossen.
23:58:28  📷 Öffne Kamera-Stream: http://10.0.0.63:3031/video
23:58:28  ✅ Kamera-Stream geöffnet.
23:58:28  ✅ Kamera-Reconnect erfolgreich (Versuch 1/3).
23:58:35  HTTP Request: POST http://localhost:11434/api/chat "HTTP/1.1 200 OK"
23:58:35     ✅ OK
23:58:53  HTTP Request: POST http://localhost:11434/api/chat "HTTP/1.1 200 OK"
23:58:53     ✅ OK
23:59:10  HTTP Request: POST http://localhost:11434/api/chat "HTTP/1.1 200 OK"
23:59:10     ✅ OK
23:59:27  HTTP Request: POST http://localhost:11434/api/chat "HTTP/1.1 200 OK"
23:59:27     ✅ OK
23:59:37  ❌ Kamera-Fehler: Konnte kein Frame von der Kamera lesen!
23:59:38  🔄 Kamera-Stream wird neu verbunden.
23:59:38  📷 Kamera-Stream geschlossen.
23:59:38  📷 Öffne Kamera-Stream: http://10.0.0.63:3031/video
23:59:38  ✅ Kamera-Stream geöffnet.
23:59:38  ✅ Kamera-Reconnect erfolgreich (Versuch 1/3).
23:59:45  HTTP Request: POST http://localhost:11434/api/chat "HTTP/1.1 200 OK"
23:59:45     ✅ OK
00:00:02  HTTP Request: POST http://localhost:11434/api/chat "HTTP/1.1 200 OK"
00:00:02     ✅ OK
00:00:19  HTTP Request: POST http://localhost:11434/api/chat "HTTP/1.1 200 OK"
00:00:19     ✅ OK
00:00:36  HTTP Request: POST http://localhost:11434/api/chat "HTTP/1.1 200 OK"
00:00:36     ✅ OK
00:00:46  ❌ Kamera-Fehler: Konnte kein Frame von der Kamera lesen!
00:00:47  🔄 Kamera-Stream wird neu verbunden.
00:00:47  📷 Kamera-Stream geschlossen.
00:00:47  📷 Öffne Kamera-Stream: http://10.0.0.63:3031/video
00:00:47  ✅ Kamera-Stream geöffnet.
00:00:48  ✅ Kamera-Reconnect erfolgreich (Versuch 1/3).
00:00:55  HTTP Request: POST http://localhost:11434/api/chat "HTTP/1.1 200 OK"
00:00:55     ✅ OK
00:01:12  HTTP Request: POST http://localhost:11434/api/chat "HTTP/1.1 200 OK"
00:01:12     ✅ OK
00:01:29  HTTP Request: POST http://localhost:11434/api/chat "HTTP/1.1 200 OK"
00:01:29     ✅ OK
00:01:46  HTTP Request: POST http://localhost:11434/api/chat "HTTP/1.1 200 OK"
00:01:46     ✅ OK
00:01:56  ❌ Kamera-Fehler: Konnte kein Frame von der Kamera lesen!
00:01:57  🔄 Kamera-Stream wird neu verbunden.
00:01:57  📷 Kamera-Stream geschlossen.
00:01:57  📷 Öffne Kamera-Stream: http://10.0.0.63:3031/video
00:01:57  ✅ Kamera-Stream geöffnet.
00:01:57  ✅ Kamera-Reconnect erfolgreich (Versuch 1/3).
00:02:04  HTTP Request: POST http://localhost:11434/api/chat "HTTP/1.1 200 OK"
00:02:04     ✅ OK
00:02:21  HTTP Request: POST http://localhost:11434/api/chat "HTTP/1.1 200 OK"
00:02:21     ✅ OK
00:02:39  HTTP Request: POST http://localhost:11434/api/chat "HTTP/1.1 200 OK"
00:02:39     ✅ OK
00:02:56  HTTP Request: POST http://localhost:11434/api/chat "HTTP/1.1 200 OK"
00:02:56     ✅ OK
00:03:06  ❌ Kamera-Fehler: Konnte kein Frame von der Kamera lesen!
00:03:07  🔄 Kamera-Stream wird neu verbunden.
00:03:07  📷 Kamera-Stream geschlossen.
00:03:07  📷 Öffne Kamera-Stream: http://10.0.0.63:3031/video
00:03:07  ✅ Kamera-Stream geöffnet.
00:03:07  ✅ Kamera-Reconnect erfolgreich (Versuch 1/3).
00:03:14  HTTP Request: POST http://localhost:11434/api/chat "HTTP/1.1 200 OK"
00:03:14     ✅ OK
00:03:31  HTTP Request: POST http://localhost:11434/api/chat "HTTP/1.1 200 OK"
00:03:31     ✅ OK
00:03:48  HTTP Request: POST http://localhost:11434/api/chat "HTTP/1.1 200 OK"
00:03:48     ✅ OK
00:04:05  HTTP Request: POST http://localhost:11434/api/chat "HTTP/1.1 200 OK"
00:04:05     ✅ OK
00:04:15  ❌ Kamera-Fehler: Konnte kein Frame von der Kamera lesen!
00:04:16  🔄 Kamera-Stream wird neu verbunden.
00:04:16  📷 Kamera-Stream geschlossen.
00:04:16  📷 Öffne Kamera-Stream: http://10.0.0.63:3031/video
00:04:16  ✅ Kamera-Stream geöffnet.
00:04:17  ✅ Kamera-Reconnect erfolgreich (Versuch 1/3).
00:04:24  HTTP Request: POST http://localhost:11434/api/chat "HTTP/1.1 200 OK"
00:04:24     ✅ OK
00:04:41  HTTP Request: POST http://localhost:11434/api/chat "HTTP/1.1 200 OK"
00:04:41     ✅ OK
00:04:58  HTTP Request: POST http://localhost:11434/api/chat "HTTP/1.1 200 OK"
00:04:58     ✅ OK
00:05:15  HTTP Request: POST http://localhost:11434/api/chat "HTTP/1.1 200 OK"
00:05:15     ✅ OK
00:05:25  ❌ Kamera-Fehler: Konnte kein Frame von der Kamera lesen!
00:05:26  🔄 Kamera-Stream wird neu verbunden.
00:05:26  📷 Kamera-Stream geschlossen.
00:05:26  📷 Öffne Kamera-Stream: http://10.0.0.63:3031/video
00:05:26  ✅ Kamera-Stream geöffnet.
00:05:26  ✅ Kamera-Reconnect erfolgreich (Versuch 1/3).
00:05:33  HTTP Request: POST http://localhost:11434/api/chat "HTTP/1.1 200 OK"
00:05:33     ✅ OK
00:05:50  HTTP Request: POST http://localhost:11434/api/chat "HTTP/1.1 200 OK"
00:05:50     ✅ OK
00:06:07  HTTP Request: POST http://localhost:11434/api/chat "HTTP/1.1 200 OK"
00:06:07     ✅ OK
00:06:24  HTTP Request: POST http://localhost:11434/api/chat "HTTP/1.1 200 OK"
00:06:24     ✅ OK
00:06:34  ❌ Kamera-Fehler: Konnte kein Frame von der Kamera lesen!
00:06:35  🔄 Kamera-Stream wird neu verbunden.
00:06:35  📷 Kamera-Stream geschlossen.
00:06:35  📷 Öffne Kamera-Stream: http://10.0.0.63:3031/video
00:06:36  ✅ Kamera-Stream geöffnet.
00:06:36  ✅ Kamera-Reconnect erfolgreich (Versuch 1/3).
00:06:43  HTTP Request: POST http://localhost:11434/api/chat "HTTP/1.1 200 OK"
00:06:43     ✅ OK
00:07:00  HTTP Request: POST http://localhost:11434/api/chat "HTTP/1.1 200 OK"
00:07:00     ✅ OK
00:07:17  HTTP Request: POST http://localhost:11434/api/chat "HTTP/1.1 200 OK"
00:07:17     ✅ OK
00:07:34  HTTP Request: POST http://localhost:11434/api/chat "HTTP/1.1 200 OK"
00:07:34     ✅ OK
00:07:44  ❌ Kamera-Fehler: Konnte kein Frame von der Kamera lesen!
00:07:45  🔄 Kamera-Stream wird neu verbunden.
00:07:45  📷 Kamera-Stream geschlossen.
00:07:45  📷 Öffne Kamera-Stream: http://10.0.0.63:3031/video
00:07:45  ✅ Kamera-Stream geöffnet.
00:07:45  ✅ Kamera-Reconnect erfolgreich (Versuch 1/3).
00:07:52  HTTP Request: POST http://localhost:11434/api/chat "HTTP/1.1 200 OK"
00:07:52     ✅ OK
00:08:10  HTTP Request: POST http://localhost:11434/api/chat "HTTP/1.1 200 OK"
00:08:10     ✅ OK
00:08:27  HTTP Request: POST http://localhost:11434/api/chat "HTTP/1.1 200 OK"
00:08:27     ✅ OK
00:08:44  HTTP Request: POST http://localhost:11434/api/chat "HTTP/1.1 200 OK"
00:08:44     ✅ OK
00:08:54  ❌ Kamera-Fehler: Konnte kein Frame von der Kamera lesen!
00:08:55  🔄 Kamera-Stream wird neu verbunden.
00:08:55  📷 Kamera-Stream geschlossen.
00:08:55  📷 Öffne Kamera-Stream: http://10.0.0.63:3031/video
00:08:55  ✅ Kamera-Stream geöffnet.
00:08:55  ✅ Kamera-Reconnect erfolgreich (Versuch 1/3).
00:09:02  HTTP Request: POST http://localhost:11434/api/chat "HTTP/1.1 200 OK"
00:09:02     ✅ OK
00:09:19  HTTP Request: POST http://localhost:11434/api/chat "HTTP/1.1 200 OK"
00:09:19     ✅ OK
00:09:36  HTTP Request: POST http://localhost:11434/api/chat "HTTP/1.1 200 OK"
00:09:36     ✅ OK
00:09:53  HTTP Request: POST http://localhost:11434/api/chat "HTTP/1.1 200 OK"
00:09:53     ✅ OK
00:10:03  ❌ Kamera-Fehler: Konnte kein Frame von der Kamera lesen!
00:10:04  🔄 Kamera-Stream wird neu verbunden.
00:10:04  📷 Kamera-Stream geschlossen.
00:10:04  📷 Öffne Kamera-Stream: http://10.0.0.63:3031/video
00:10:05  ✅ Kamera-Stream geöffnet.
00:10:05  ✅ Kamera-Reconnect erfolgreich (Versuch 1/3).
00:10:12  HTTP Request: POST http://localhost:11434/api/chat "HTTP/1.1 200 OK"
00:10:12     ✅ OK
00:10:29  HTTP Request: POST http://localhost:11434/api/chat "HTTP/1.1 200 OK"
00:10:29     ✅ OK
00:10:46  HTTP Request: POST http://localhost:11434/api/chat "HTTP/1.1 200 OK"
00:10:46     ✅ OK
00:11:03  HTTP Request: POST http://localhost:11434/api/chat "HTTP/1.1 200 OK"
00:11:03     ✅ OK
00:11:13  ❌ Kamera-Fehler: Konnte kein Frame von der Kamera lesen!
00:11:14  🔄 Kamera-Stream wird neu verbunden.
00:11:14  📷 Kamera-Stream geschlossen.
00:11:14  📷 Öffne Kamera-Stream: http://10.0.0.63:3031/video
00:11:14  ✅ Kamera-Stream geöffnet.
00:11:14  ✅ Kamera-Reconnect erfolgreich (Versuch 1/3).
00:11:21  HTTP Request: POST http://localhost:11434/api/chat "HTTP/1.1 200 OK"
00:11:21     ✅ OK
00:11:38  HTTP Request: POST http://localhost:11434/api/chat "HTTP/1.1 200 OK"
00:11:38     ✅ OK
00:11:56  HTTP Request: POST http://localhost:11434/api/chat "HTTP/1.1 200 OK"
00:11:56     ✅ OK
00:12:06  ❌ Kamera-Fehler: Konnte kein Frame von der Kamera lesen!
00:12:07  🔄 Kamera-Stream wird neu verbunden.
00:12:07  📷 Kamera-Stream geschlossen.
00:12:07  📷 Öffne Kamera-Stream: http://10.0.0.63:3031/video
00:12:07  ✅ Kamera-Stream geöffnet.
00:12:07  ✅ Kamera-Reconnect erfolgreich (Versuch 1/3).
00:12:14  HTTP Request: POST http://localhost:11434/api/chat "HTTP/1.1 200 OK"
00:12:14     ✅ OK
00:12:31  HTTP Request: POST http://localhost:11434/api/chat "HTTP/1.1 200 OK"
00:12:31     ✅ OK
00:12:48  HTTP Request: POST http://localhost:11434/api/chat "HTTP/1.1 200 OK"
00:12:48     ✅ OK
00:13:04  HTTP Request: POST http://localhost:11434/api/chat "HTTP/1.1 200 OK"
00:13:04     ✅ OK
00:13:14  ❌ Kamera-Fehler: Konnte kein Frame von der Kamera lesen!
00:13:15  🔄 Kamera-Stream wird neu verbunden.
00:13:15  📷 Kamera-Stream geschlossen.
00:13:15  📷 Öffne Kamera-Stream: http://10.0.0.63:3031/video
00:13:15  ✅ Kamera-Stream geöffnet.
00:13:16  ✅ Kamera-Reconnect erfolgreich (Versuch 1/3).
00:13:22  HTTP Request: POST http://localhost:11434/api/chat "HTTP/1.1 200 OK"
00:13:22     ✅ OK
00:13:39  HTTP Request: POST http://localhost:11434/api/chat "HTTP/1.1 200 OK"
00:13:39     ✅ OK
00:13:56  HTTP Request: POST http://localhost:11434/api/chat "HTTP/1.1 200 OK"
00:13:56     ✅ OK
00:14:13  HTTP Request: POST http://localhost:11434/api/chat "HTTP/1.1 200 OK"
00:14:13     ✅ OK
00:14:23  ❌ Kamera-Fehler: Konnte kein Frame von der Kamera lesen!
00:14:24  🔄 Kamera-Stream wird neu verbunden.
00:14:24  📷 Kamera-Stream geschlossen.
00:14:24  📷 Öffne Kamera-Stream: http://10.0.0.63:3031/video
00:14:24  ✅ Kamera-Stream geöffnet.
00:14:24  ✅ Kamera-Reconnect erfolgreich (Versuch 1/3).
00:14:31  HTTP Request: POST http://localhost:11434/api/chat "HTTP/1.1 200 OK"
00:14:31     ✅ OK
00:14:48  HTTP Request: POST http://localhost:11434/api/chat "HTTP/1.1 200 OK"
00:14:48     ✅ OK
00:15:05  HTTP Request: POST http://localhost:11434/api/chat "HTTP/1.1 200 OK"
00:15:05     ✅ OK
00:15:21  HTTP Request: POST http://localhost:11434/api/chat "HTTP/1.1 200 OK"
00:15:21     ✅ OK
00:15:31  ❌ Kamera-Fehler: Konnte kein Frame von der Kamera lesen!
00:15:32  🔄 Kamera-Stream wird neu verbunden.
00:15:32  📷 Kamera-Stream geschlossen.
00:15:32  📷 Öffne Kamera-Stream: http://10.0.0.63:3031/video
00:15:33  ✅ Kamera-Stream geöffnet.
00:15:33  ✅ Kamera-Reconnect erfolgreich (Versuch 1/3).
00:15:39  HTTP Request: POST http://localhost:11434/api/chat "HTTP/1.1 200 OK"
00:15:39     ✅ OK
00:15:56  HTTP Request: POST http://localhost:11434/api/chat "HTTP/1.1 200 OK"
00:15:56     ✅ OK
00:16:13  HTTP Request: POST http://localhost:11434/api/chat "HTTP/1.1 200 OK"
00:16:13     ✅ OK
00:16:30  HTTP Request: POST http://localhost:11434/api/chat "HTTP/1.1 200 OK"
00:16:30     ✅ OK
00:16:40  ❌ Kamera-Fehler: Konnte kein Frame von der Kamera lesen!
00:16:41  🔄 Kamera-Stream wird neu verbunden.
00:16:41  📷 Kamera-Stream geschlossen.
00:16:41  📷 Öffne Kamera-Stream: http://10.0.0.63:3031/video
00:16:41  ✅ Kamera-Stream geöffnet.
00:16:41  ✅ Kamera-Reconnect erfolgreich (Versuch 1/3).
00:16:48  HTTP Request: POST http://localhost:11434/api/chat "HTTP/1.1 200 OK"
00:16:48     ✅ OK
00:17:05  HTTP Request: POST http://localhost:11434/api/chat "HTTP/1.1 200 OK"
00:17:05     ✅ OK
00:17:22  HTTP Request: POST http://localhost:11434/api/chat "HTTP/1.1 200 OK"
00:17:22     ✅ OK
00:17:38  HTTP Request: POST http://localhost:11434/api/chat "HTTP/1.1 200 OK"
00:17:38     ✅ OK
00:17:48  ❌ Kamera-Fehler: Konnte kein Frame von der Kamera lesen!
00:17:49  🔄 Kamera-Stream wird neu verbunden.
00:17:49  📷 Kamera-Stream geschlossen.
00:17:49  📷 Öffne Kamera-Stream: http://10.0.0.63:3031/video
00:17:49  ✅ Kamera-Stream geöffnet.
00:17:50  ✅ Kamera-Reconnect erfolgreich (Versuch 1/3).
00:17:56  HTTP Request: POST http://localhost:11434/api/chat "HTTP/1.1 200 OK"
00:17:56     ✅ OK
00:18:13  HTTP Request: POST http://localhost:11434/api/chat "HTTP/1.1 200 OK"
00:18:13     ✅ OK
00:18:30  HTTP Request: POST http://localhost:11434/api/chat "HTTP/1.1 200 OK"
00:18:30     ✅ OK
00:18:40  ❌ Kamera-Fehler: Konnte kein Frame von der Kamera lesen!
00:18:41  🔄 Kamera-Stream wird neu verbunden.
00:18:41  📷 Kamera-Stream geschlossen.
00:18:41  📷 Öffne Kamera-Stream: http://10.0.0.63:3031/video
00:18:41  ✅ Kamera-Stream geöffnet.
00:18:41  ✅ Kamera-Reconnect erfolgreich (Versuch 1/3).
00:18:48  HTTP Request: POST http://localhost:11434/api/chat "HTTP/1.1 200 OK"
00:18:48     ✅ OK
00:19:05  HTTP Request: POST http://localhost:11434/api/chat "HTTP/1.1 200 OK"
00:19:05     ✅ OK
00:19:22  HTTP Request: POST http://localhost:11434/api/chat "HTTP/1.1 200 OK"
00:19:22     ✅ OK
00:19:38  HTTP Request: POST http://localhost:11434/api/chat "HTTP/1.1 200 OK"
00:19:38     ✅ OK
00:19:48  ❌ Kamera-Fehler: Konnte kein Frame von der Kamera lesen!
00:19:49  🔄 Kamera-Stream wird neu verbunden.
00:19:49  📷 Kamera-Stream geschlossen.
00:19:49  📷 Öffne Kamera-Stream: http://10.0.0.63:3031/video
00:19:50  ✅ Kamera-Stream geöffnet.
00:19:50  ✅ Kamera-Reconnect erfolgreich (Versuch 1/3).
00:19:57  HTTP Request: POST http://localhost:11434/api/chat "HTTP/1.1 200 OK"
00:19:57     ✅ OK
00:20:13  HTTP Request: POST http://localhost:11434/api/chat "HTTP/1.1 200 OK"
00:20:13     ✅ OK
00:20:30  HTTP Request: POST http://localhost:11434/api/chat "HTTP/1.1 200 OK"
00:20:30     ✅ OK
00:20:47  HTTP Request: POST http://localhost:11434/api/chat "HTTP/1.1 200 OK"
00:20:47     ✅ OK
00:20:57  ❌ Kamera-Fehler: Konnte kein Frame von der Kamera lesen!
00:20:58  🔄 Kamera-Stream wird neu verbunden.
00:20:58  📷 Kamera-Stream geschlossen.
00:20:58  📷 Öffne Kamera-Stream: http://10.0.0.63:3031/video
00:20:58  ✅ Kamera-Stream geöffnet.
00:20:58  ✅ Kamera-Reconnect erfolgreich (Versuch 1/3).
00:21:05  HTTP Request: POST http://localhost:11434/api/chat "HTTP/1.1 200 OK"
00:21:05     ✅ OK
00:21:22  HTTP Request: POST http://localhost:11434/api/chat "HTTP/1.1 200 OK"
00:21:22     ✅ OK
00:21:39  HTTP Request: POST http://localhost:11434/api/chat "HTTP/1.1 200 OK"
00:21:39     ✅ OK
00:21:56  HTTP Request: POST http://localhost:11434/api/chat "HTTP/1.1 200 OK"
00:21:56     ✅ OK
00:22:06  ❌ Kamera-Fehler: Konnte kein Frame von der Kamera lesen!
00:22:07  🔄 Kamera-Stream wird neu verbunden.
00:22:07  📷 Kamera-Stream geschlossen.
00:22:07  📷 Öffne Kamera-Stream: http://10.0.0.63:3031/video
00:22:07  ✅ Kamera-Stream geöffnet.
00:22:07  ✅ Kamera-Reconnect erfolgreich (Versuch 1/3).
00:22:14  HTTP Request: POST http://localhost:11434/api/chat "HTTP/1.1 200 OK"
00:22:14     ✅ OK
00:22:31  HTTP Request: POST http://localhost:11434/api/chat "HTTP/1.1 200 OK"
00:22:31     ✅ OK
00:22:47  HTTP Request: POST http://localhost:11434/api/chat "HTTP/1.1 200 OK"
00:22:47     ✅ OK
00:23:04  HTTP Request: POST http://localhost:11434/api/chat "HTTP/1.1 200 OK"
00:23:04     ✅ OK
00:23:14  ❌ Kamera-Fehler: Konnte kein Frame von der Kamera lesen!
00:23:15  🔄 Kamera-Stream wird neu verbunden.
00:23:15  📷 Kamera-Stream geschlossen.
00:23:15  📷 Öffne Kamera-Stream: http://10.0.0.63:3031/video
00:23:15  ✅ Kamera-Stream geöffnet.
00:23:16  ✅ Kamera-Reconnect erfolgreich (Versuch 1/3).
00:23:22  HTTP Request: POST http://localhost:11434/api/chat "HTTP/1.1 200 OK"
00:23:22     ✅ OK
00:23:39  HTTP Request: POST http://localhost:11434/api/chat "HTTP/1.1 200 OK"
00:23:39     ✅ OK
00:23:56  HTTP Request: POST http://localhost:11434/api/chat "HTTP/1.1 200 OK"
00:23:56     ✅ OK
00:24:13  HTTP Request: POST http://localhost:11434/api/chat "HTTP/1.1 200 OK"
00:24:13     ✅ OK
00:24:23  ❌ Kamera-Fehler: Konnte kein Frame von der Kamera lesen!
00:24:24  🔄 Kamera-Stream wird neu verbunden.
00:24:24  📷 Kamera-Stream geschlossen.
00:24:24  📷 Öffne Kamera-Stream: http://10.0.0.63:3031/video
00:24:24  ✅ Kamera-Stream geöffnet.
00:24:24  ✅ Kamera-Reconnect erfolgreich (Versuch 1/3).
00:24:31  HTTP Request: POST http://localhost:11434/api/chat "HTTP/1.1 200 OK"
00:24:31     ✅ OK
00:24:48  HTTP Request: POST http://localhost:11434/api/chat "HTTP/1.1 200 OK"
00:24:48     ✅ OK
00:25:04  HTTP Request: POST http://localhost:11434/api/chat "HTTP/1.1 200 OK"
00:25:04     ✅ OK
00:25:21  HTTP Request: POST http://localhost:11434/api/chat "HTTP/1.1 200 OK"
00:25:21     ✅ OK
00:25:31  ❌ Kamera-Fehler: Konnte kein Frame von der Kamera lesen!
00:25:32  🔄 Kamera-Stream wird neu verbunden.
00:25:32  📷 Kamera-Stream geschlossen.
00:25:32  📷 Öffne Kamera-Stream: http://10.0.0.63:3031/video
00:25:32  ✅ Kamera-Stream geöffnet.
00:25:33  ✅ Kamera-Reconnect erfolgreich (Versuch 1/3).
00:25:39  HTTP Request: POST http://localhost:11434/api/chat "HTTP/1.1 200 OK"
00:25:39     ✅ OK
00:25:56  HTTP Request: POST http://localhost:11434/api/chat "HTTP/1.1 200 OK"
00:25:56     ✅ OK
00:26:13  HTTP Request: POST http://localhost:11434/api/chat "HTTP/1.1 200 OK"
00:26:13     ✅ OK
00:26:30  HTTP Request: POST http://localhost:11434/api/chat "HTTP/1.1 200 OK"
00:26:30     ✅ OK
00:26:40  ❌ Kamera-Fehler: Konnte kein Frame von der Kamera lesen!
00:26:41  🔄 Kamera-Stream wird neu verbunden.
00:26:41  📷 Kamera-Stream geschlossen.
00:26:41  📷 Öffne Kamera-Stream: http://10.0.0.63:3031/video
00:26:41  ✅ Kamera-Stream geöffnet.
00:26:41  ✅ Kamera-Reconnect erfolgreich (Versuch 1/3).
00:26:48  HTTP Request: POST http://localhost:11434/api/chat "HTTP/1.1 200 OK"
00:26:48     ✅ OK
00:27:05  HTTP Request: POST http://localhost:11434/api/chat "HTTP/1.1 200 OK"
00:27:05     ✅ OK
00:27:21  HTTP Request: POST http://localhost:11434/api/chat "HTTP/1.1 200 OK"
00:27:21     ✅ OK
00:27:38  HTTP Request: POST http://localhost:11434/api/chat "HTTP/1.1 200 OK"
00:27:38     ✅ OK
00:27:48  ❌ Kamera-Fehler: Konnte kein Frame von der Kamera lesen!
00:27:49  🔄 Kamera-Stream wird neu verbunden.
00:27:49  📷 Kamera-Stream geschlossen.
00:27:49  📷 Öffne Kamera-Stream: http://10.0.0.63:3031/video
00:27:49  ✅ Kamera-Stream geöffnet.
00:27:50  ✅ Kamera-Reconnect erfolgreich (Versuch 1/3).
00:27:56  HTTP Request: POST http://localhost:11434/api/chat "HTTP/1.1 200 OK"
00:27:56     ✅ OK
00:28:13  HTTP Request: POST http://localhost:11434/api/chat "HTTP/1.1 200 OK"
00:28:13     ✅ OK
00:28:30  HTTP Request: POST http://localhost:11434/api/chat "HTTP/1.1 200 OK"
00:28:30     ✅ OK
00:28:47  HTTP Request: POST http://localhost:11434/api/chat "HTTP/1.1 200 OK"
00:28:47     ✅ OK
00:28:57  ❌ Kamera-Fehler: Konnte kein Frame von der Kamera lesen!
00:28:58  🔄 Kamera-Stream wird neu verbunden.
00:28:58  📷 Kamera-Stream geschlossen.
00:28:58  📷 Öffne Kamera-Stream: http://10.0.0.63:3031/video
00:28:58  ✅ Kamera-Stream geöffnet.
00:28:58  ✅ Kamera-Reconnect erfolgreich (Versuch 1/3).
00:29:05  HTTP Request: POST http://localhost:11434/api/chat "HTTP/1.1 200 OK"
00:29:05     ✅ OK
00:29:22  HTTP Request: POST http://localhost:11434/api/chat "HTTP/1.1 200 OK"
00:29:22     ✅ OK
00:29:38  HTTP Request: POST http://localhost:11434/api/chat "HTTP/1.1 200 OK"
00:29:38     ✅ OK
00:29:55  HTTP Request: POST http://localhost:11434/api/chat "HTTP/1.1 200 OK"
00:29:55     ✅ OK
00:30:05  ❌ Kamera-Fehler: Konnte kein Frame von der Kamera lesen!
00:30:06  🔄 Kamera-Stream wird neu verbunden.
00:30:06  📷 Kamera-Stream geschlossen.
00:30:06  📷 Öffne Kamera-Stream: http://10.0.0.63:3031/video
00:30:06  ✅ Kamera-Stream geöffnet.
00:30:07  ✅ Kamera-Reconnect erfolgreich (Versuch 1/3).
00:30:13  HTTP Request: POST http://localhost:11434/api/chat "HTTP/1.1 200 OK"
00:30:13     ✅ OK
00:30:30  HTTP Request: POST http://localhost:11434/api/chat "HTTP/1.1 200 OK"
00:30:30     ✅ OK
00:30:47  HTTP Request: POST http://localhost:11434/api/chat "HTTP/1.1 200 OK"
00:30:47     ✅ OK
00:31:04  HTTP Request: POST http://localhost:11434/api/chat "HTTP/1.1 200 OK"
00:31:04     ✅ OK
00:31:20  HTTP Request: POST http://localhost:11434/api/chat "HTTP/1.1 200 OK"
00:31:20     ✅ OK
00:31:31  ❌ Kamera-Fehler: Konnte kein Frame von der Kamera lesen!
00:31:32  🔄 Kamera-Stream wird neu verbunden.
00:31:32  📷 Kamera-Stream geschlossen.
00:31:32  📷 Öffne Kamera-Stream: http://10.0.0.63:3031/video
00:31:32  ✅ Kamera-Stream geöffnet.
00:31:32  ✅ Kamera-Reconnect erfolgreich (Versuch 1/3).
00:31:39  HTTP Request: POST http://localhost:11434/api/chat "HTTP/1.1 200 OK"
00:31:39     ✅ OK
00:31:55  HTTP Request: POST http://localhost:11434/api/chat "HTTP/1.1 200 OK"
00:31:55     ✅ OK
00:32:12  HTTP Request: POST http://localhost:11434/api/chat "HTTP/1.1 200 OK"
00:32:12     ✅ OK
00:32:29  HTTP Request: POST http://localhost:11434/api/chat "HTTP/1.1 200 OK"
00:32:29     ✅ OK
00:32:39  ❌ Kamera-Fehler: Konnte kein Frame von der Kamera lesen!
00:32:40  🔄 Kamera-Stream wird neu verbunden.
00:32:40  📷 Kamera-Stream geschlossen.
00:32:40  📷 Öffne Kamera-Stream: http://10.0.0.63:3031/video
00:32:40  ✅ Kamera-Stream geöffnet.
00:32:40  ✅ Kamera-Reconnect erfolgreich (Versuch 1/3).
00:32:47  HTTP Request: POST http://localhost:11434/api/chat "HTTP/1.1 200 OK"
00:32:47     ✅ OK
00:33:04  HTTP Request: POST http://localhost:11434/api/chat "HTTP/1.1 200 OK"
00:33:04     ✅ OK
00:33:21  HTTP Request: POST http://localhost:11434/api/chat "HTTP/1.1 200 OK"
00:33:21     ✅ OK
00:33:37  HTTP Request: POST http://localhost:11434/api/chat "HTTP/1.1 200 OK"
00:33:37     ✅ OK
00:33:47  ❌ Kamera-Fehler: Konnte kein Frame von der Kamera lesen!
00:33:48  🔄 Kamera-Stream wird neu verbunden.
00:33:48  📷 Kamera-Stream geschlossen.
00:33:48  📷 Öffne Kamera-Stream: http://10.0.0.63:3031/video
00:33:49  ✅ Kamera-Stream geöffnet.
00:33:49  ✅ Kamera-Reconnect erfolgreich (Versuch 1/3).
00:33:56  HTTP Request: POST http://localhost:11434/api/chat "HTTP/1.1 200 OK"
00:33:56     ✅ OK
00:34:12  HTTP Request: POST http://localhost:11434/api/chat "HTTP/1.1 200 OK"
00:34:12     ✅ OK
00:34:29  HTTP Request: POST http://localhost:11434/api/chat "HTTP/1.1 200 OK"
00:34:29     ✅ OK
00:34:46  HTTP Request: POST http://localhost:11434/api/chat "HTTP/1.1 200 OK"
00:34:46     ✅ OK
00:34:56  ❌ Kamera-Fehler: Konnte kein Frame von der Kamera lesen!
00:34:57  🔄 Kamera-Stream wird neu verbunden.
00:34:57  📷 Kamera-Stream geschlossen.
00:34:57  📷 Öffne Kamera-Stream: http://10.0.0.63:3031/video
00:34:57  ✅ Kamera-Stream geöffnet.
00:34:57  ✅ Kamera-Reconnect erfolgreich (Versuch 1/3).
00:35:04  HTTP Request: POST http://localhost:11434/api/chat "HTTP/1.1 200 OK"
00:35:04     ✅ OK
00:35:21  HTTP Request: POST http://localhost:11434/api/chat "HTTP/1.1 200 OK"
00:35:21     ✅ OK
00:35:38  HTTP Request: POST http://localhost:11434/api/chat "HTTP/1.1 200 OK"
00:35:38     ✅ OK
00:35:54  HTTP Request: POST http://localhost:11434/api/chat "HTTP/1.1 200 OK"
00:35:54     ✅ OK
00:36:04  ❌ Kamera-Fehler: Konnte kein Frame von der Kamera lesen!
00:36:05  🔄 Kamera-Stream wird neu verbunden.
00:36:05  📷 Kamera-Stream geschlossen.
00:36:05  📷 Öffne Kamera-Stream: http://10.0.0.63:3031/video
00:36:06  ✅ Kamera-Stream geöffnet.
00:36:06  ✅ Kamera-Reconnect erfolgreich (Versuch 1/3).
00:36:12  HTTP Request: POST http://localhost:11434/api/chat "HTTP/1.1 200 OK"
00:36:12     ✅ OK
00:36:29  HTTP Request: POST http://localhost:11434/api/chat "HTTP/1.1 200 OK"
00:36:29     ✅ OK
00:36:46  HTTP Request: POST http://localhost:11434/api/chat "HTTP/1.1 200 OK"
00:36:46     ✅ OK
00:37:03  HTTP Request: POST http://localhost:11434/api/chat "HTTP/1.1 200 OK"
00:37:03     ✅ OK
00:37:13  ❌ Kamera-Fehler: Konnte kein Frame von der Kamera lesen!
00:37:14  🔄 Kamera-Stream wird neu verbunden.
00:37:14  📷 Kamera-Stream geschlossen.
00:37:14  📷 Öffne Kamera-Stream: http://10.0.0.63:3031/video
00:37:14  ✅ Kamera-Stream geöffnet.
00:37:14  ✅ Kamera-Reconnect erfolgreich (Versuch 1/3).
00:37:21  HTTP Request: POST http://localhost:11434/api/chat "HTTP/1.1 200 OK"
00:37:21     ✅ OK
00:37:38  HTTP Request: POST http://localhost:11434/api/chat "HTTP/1.1 200 OK"
00:37:38     ✅ OK
00:37:55  HTTP Request: POST http://localhost:11434/api/chat "HTTP/1.1 200 OK"
00:37:55     ✅ OK
00:38:11  HTTP Request: POST http://localhost:11434/api/chat "HTTP/1.1 200 OK"
00:38:11     ✅ OK
00:38:21  ❌ Kamera-Fehler: Konnte kein Frame von der Kamera lesen!
00:38:22  🔄 Kamera-Stream wird neu verbunden.
00:38:22  📷 Kamera-Stream geschlossen.
00:38:22  📷 Öffne Kamera-Stream: http://10.0.0.63:3031/video
00:38:23  ✅ Kamera-Stream geöffnet.
00:38:23  ✅ Kamera-Reconnect erfolgreich (Versuch 1/3).
00:38:30  HTTP Request: POST http://localhost:11434/api/chat "HTTP/1.1 200 OK"
00:38:30     ✅ OK
00:38:46  HTTP Request: POST http://localhost:11434/api/chat "HTTP/1.1 200 OK"
00:38:46     ✅ OK
00:39:03  HTTP Request: POST http://localhost:11434/api/chat "HTTP/1.1 200 OK"
00:39:03     ✅ OK
00:39:20  HTTP Request: POST http://localhost:11434/api/chat "HTTP/1.1 200 OK"
00:39:20     ✅ OK
00:39:30  ❌ Kamera-Fehler: Konnte kein Frame von der Kamera lesen!
00:39:31  🔄 Kamera-Stream wird neu verbunden.
00:39:31  📷 Kamera-Stream geschlossen.
00:39:31  📷 Öffne Kamera-Stream: http://10.0.0.63:3031/video
00:39:31  ✅ Kamera-Stream geöffnet.
00:39:31  ✅ Kamera-Reconnect erfolgreich (Versuch 1/3).
00:39:38  HTTP Request: POST http://localhost:11434/api/chat "HTTP/1.1 200 OK"
00:39:38     ✅ OK
00:39:55  HTTP Request: POST http://localhost:11434/api/chat "HTTP/1.1 200 OK"
00:39:55     ✅ OK
00:40:11  HTTP Request: POST http://localhost:11434/api/chat "HTTP/1.1 200 OK"
00:40:11     ✅ OK
00:40:28  HTTP Request: POST http://localhost:11434/api/chat "HTTP/1.1 200 OK"
00:40:28     ✅ OK
00:40:38  ❌ Kamera-Fehler: Konnte kein Frame von der Kamera lesen!
00:40:39  🔄 Kamera-Stream wird neu verbunden.
00:40:39  📷 Kamera-Stream geschlossen.
00:40:39  📷 Öffne Kamera-Stream: http://10.0.0.63:3031/video
00:40:39  ✅ Kamera-Stream geöffnet.
00:40:40  ✅ Kamera-Reconnect erfolgreich (Versuch 1/3).
00:40:46  HTTP Request: POST http://localhost:11434/api/chat "HTTP/1.1 200 OK"
00:40:46     ✅ OK
00:41:03  HTTP Request: POST http://localhost:11434/api/chat "HTTP/1.1 200 OK"
00:41:03     ✅ OK
00:41:20  HTTP Request: POST http://localhost:11434/api/chat "HTTP/1.1 200 OK"
00:41:20     ✅ OK
00:41:37  HTTP Request: POST http://localhost:11434/api/chat "HTTP/1.1 200 OK"
00:41:37     ✅ OK
00:41:47  ❌ Kamera-Fehler: Konnte kein Frame von der Kamera lesen!
00:41:48  🔄 Kamera-Stream wird neu verbunden.
00:41:48  📷 Kamera-Stream geschlossen.
00:41:48  📷 Öffne Kamera-Stream: http://10.0.0.63:3031/video
00:41:48  ✅ Kamera-Stream geöffnet.
00:41:48  ✅ Kamera-Reconnect erfolgreich (Versuch 1/3).
00:41:55  HTTP Request: POST http://localhost:11434/api/chat "HTTP/1.1 200 OK"
00:41:55     ✅ OK
00:42:12  HTTP Request: POST http://localhost:11434/api/chat "HTTP/1.1 200 OK"
00:42:12     ✅ OK
00:42:28  HTTP Request: POST http://localhost:11434/api/chat "HTTP/1.1 200 OK"
00:42:28     ✅ OK
00:42:45  HTTP Request: POST http://localhost:11434/api/chat "HTTP/1.1 200 OK"
00:42:45     ✅ OK
00:42:55  ❌ Kamera-Fehler: Konnte kein Frame von der Kamera lesen!
00:42:56  🔄 Kamera-Stream wird neu verbunden.
00:42:56  📷 Kamera-Stream geschlossen.
00:42:56  📷 Öffne Kamera-Stream: http://10.0.0.63:3031/video
00:42:56  ✅ Kamera-Stream geöffnet.
00:42:57  ✅ Kamera-Reconnect erfolgreich (Versuch 1/3).
00:43:03  HTTP Request: POST http://localhost:11434/api/chat "HTTP/1.1 200 OK"
00:43:03     ✅ OK
00:43:20  HTTP Request: POST http://localhost:11434/api/chat "HTTP/1.1 200 OK"
00:43:20     ✅ OK
00:43:37  HTTP Request: POST http://localhost:11434/api/chat "HTTP/1.1 200 OK"
00:43:37     ✅ OK
00:43:54  HTTP Request: POST http://localhost:11434/api/chat "HTTP/1.1 200 OK"
00:43:54     ✅ OK
00:44:04  ❌ Kamera-Fehler: Konnte kein Frame von der Kamera lesen!
00:44:05  🔄 Kamera-Stream wird neu verbunden.
00:44:05  📷 Kamera-Stream geschlossen.
00:44:05  📷 Öffne Kamera-Stream: http://10.0.0.63:3031/video
00:44:05  ✅ Kamera-Stream geöffnet.
00:44:05  ✅ Kamera-Reconnect erfolgreich (Versuch 1/3).
00:44:12  HTTP Request: POST http://localhost:11434/api/chat "HTTP/1.1 200 OK"
00:44:12     ✅ OK
00:44:29  HTTP Request: POST http://localhost:11434/api/chat "HTTP/1.1 200 OK"
00:44:29     ✅ OK
00:44:45  HTTP Request: POST http://localhost:11434/api/chat "HTTP/1.1 200 OK"
00:44:45     ✅ OK
00:45:02  HTTP Request: POST http://localhost:11434/api/chat "HTTP/1.1 200 OK"
00:45:02     ✅ OK
00:45:12  ❌ Kamera-Fehler: Konnte kein Frame von der Kamera lesen!
00:45:13  🔄 Kamera-Stream wird neu verbunden.
00:45:13  📷 Kamera-Stream geschlossen.
00:45:13  📷 Öffne Kamera-Stream: http://10.0.0.63:3031/video
00:45:13  ✅ Kamera-Stream geöffnet.
00:45:14  ✅ Kamera-Reconnect erfolgreich (Versuch 1/3).
00:45:20  HTTP Request: POST http://localhost:11434/api/chat "HTTP/1.1 200 OK"
00:45:20     ✅ OK
00:45:37  HTTP Request: POST http://localhost:11434/api/chat "HTTP/1.1 200 OK"
00:45:37     ✅ OK
00:45:54  HTTP Request: POST http://localhost:11434/api/chat "HTTP/1.1 200 OK"
00:45:54     ✅ OK
00:46:11  HTTP Request: POST http://localhost:11434/api/chat "HTTP/1.1 200 OK"
00:46:11     ✅ OK
00:46:21  ❌ Kamera-Fehler: Konnte kein Frame von der Kamera lesen!
00:46:22  🔄 Kamera-Stream wird neu verbunden.
00:46:22  📷 Kamera-Stream geschlossen.
00:46:22  📷 Öffne Kamera-Stream: http://10.0.0.63:3031/video
00:46:22  ✅ Kamera-Stream geöffnet.
00:46:22  ✅ Kamera-Reconnect erfolgreich (Versuch 1/3).
00:46:29  HTTP Request: POST http://localhost:11434/api/chat "HTTP/1.1 200 OK"
00:46:29     ✅ OK
00:46:46  HTTP Request: POST http://localhost:11434/api/chat "HTTP/1.1 200 OK"
00:46:46     ✅ OK
00:47:03  HTTP Request: POST http://localhost:11434/api/chat "HTTP/1.1 200 OK"
00:47:03     ✅ OK
00:47:19  HTTP Request: POST http://localhost:11434/api/chat "HTTP/1.1 200 OK"
00:47:19     ✅ OK
00:47:29  ❌ Kamera-Fehler: Konnte kein Frame von der Kamera lesen!
00:47:30  🔄 Kamera-Stream wird neu verbunden.
00:47:30  📷 Kamera-Stream geschlossen.
00:47:30  📷 Öffne Kamera-Stream: http://10.0.0.63:3031/video
00:47:30  ✅ Kamera-Stream geöffnet.
00:47:31  ✅ Kamera-Reconnect erfolgreich (Versuch 1/3).
00:47:37  HTTP Request: POST http://localhost:11434/api/chat "HTTP/1.1 200 OK"
00:47:37     ✅ OK
00:47:54  HTTP Request: POST http://localhost:11434/api/chat "HTTP/1.1 200 OK"
00:47:54     ✅ OK
00:48:11  HTTP Request: POST http://localhost:11434/api/chat "HTTP/1.1 200 OK"
00:48:11     ✅ OK
00:48:28  HTTP Request: POST http://localhost:11434/api/chat "HTTP/1.1 200 OK"
00:48:28     ✅ OK
00:48:38  ❌ Kamera-Fehler: Konnte kein Frame von der Kamera lesen!
00:48:39  🔄 Kamera-Stream wird neu verbunden.
00:48:39  📷 Kamera-Stream geschlossen.
00:48:39  📷 Öffne Kamera-Stream: http://10.0.0.63:3031/video
00:48:39  ✅ Kamera-Stream geöffnet.
00:48:39  ✅ Kamera-Reconnect erfolgreich (Versuch 1/3).
00:48:46  HTTP Request: POST http://localhost:11434/api/chat "HTTP/1.1 200 OK"
00:48:46     ✅ OK
00:49:02  HTTP Request: POST http://localhost:11434/api/chat "HTTP/1.1 200 OK"
00:49:02     ✅ OK
00:49:19  HTTP Request: POST http://localhost:11434/api/chat "HTTP/1.1 200 OK"
00:49:19     ✅ OK
00:49:36  HTTP Request: POST http://localhost:11434/api/chat "HTTP/1.1 200 OK"
00:49:36     ✅ OK
00:49:46  ❌ Kamera-Fehler: Konnte kein Frame von der Kamera lesen!
00:49:47  🔄 Kamera-Stream wird neu verbunden.
00:49:47  📷 Kamera-Stream geschlossen.
00:49:47  📷 Öffne Kamera-Stream: http://10.0.0.63:3031/video
00:49:47  ✅ Kamera-Stream geöffnet.
00:49:47  ✅ Kamera-Reconnect erfolgreich (Versuch 1/3).
00:49:54  HTTP Request: POST http://localhost:11434/api/chat "HTTP/1.1 200 OK"
00:49:54     ✅ OK
00:50:11  HTTP Request: POST http://localhost:11434/api/chat "HTTP/1.1 200 OK"
00:50:11     ✅ OK
00:50:28  HTTP Request: POST http://localhost:11434/api/chat "HTTP/1.1 200 OK"
00:50:28     ✅ OK
00:50:44  HTTP Request: POST http://localhost:11434/api/chat "HTTP/1.1 200 OK"
00:50:44     ✅ OK
00:50:54  ❌ Kamera-Fehler: Konnte kein Frame von der Kamera lesen!
00:50:55  🔄 Kamera-Stream wird neu verbunden.
00:50:55  📷 Kamera-Stream geschlossen.
00:50:55  📷 Öffne Kamera-Stream: http://10.0.0.63:3031/video
00:50:56  ✅ Kamera-Stream geöffnet.
00:50:56  ✅ Kamera-Reconnect erfolgreich (Versuch 1/3).
00:51:02  HTTP Request: POST http://localhost:11434/api/chat "HTTP/1.1 200 OK"
00:51:02     ✅ OK
00:51:19  HTTP Request: POST http://localhost:11434/api/chat "HTTP/1.1 200 OK"
00:51:19     ✅ OK
00:51:36  HTTP Request: POST http://localhost:11434/api/chat "HTTP/1.1 200 OK"
00:51:36     ✅ OK
00:51:53  HTTP Request: POST http://localhost:11434/api/chat "HTTP/1.1 200 OK"
00:51:53     ✅ OK
00:52:03  ❌ Kamera-Fehler: Konnte kein Frame von der Kamera lesen!
00:52:04  🔄 Kamera-Stream wird neu verbunden.
00:52:04  📷 Kamera-Stream geschlossen.
00:52:04  📷 Öffne Kamera-Stream: http://10.0.0.63:3031/video
00:52:04  ✅ Kamera-Stream geöffnet.
00:52:04  ✅ Kamera-Reconnect erfolgreich (Versuch 1/3).
00:52:11  HTTP Request: POST http://localhost:11434/api/chat "HTTP/1.1 200 OK"
00:52:11     ✅ OK
00:52:28  HTTP Request: POST http://localhost:11434/api/chat "HTTP/1.1 200 OK"
00:52:28     ✅ OK
00:52:44  HTTP Request: POST http://localhost:11434/api/chat "HTTP/1.1 200 OK"
00:52:44     ✅ OK
00:53:01  HTTP Request: POST http://localhost:11434/api/chat "HTTP/1.1 200 OK"
00:53:01     ✅ OK
00:53:11  ❌ Kamera-Fehler: Konnte kein Frame von der Kamera lesen!
00:53:12  🔄 Kamera-Stream wird neu verbunden.
00:53:12  📷 Kamera-Stream geschlossen.
00:53:12  📷 Öffne Kamera-Stream: http://10.0.0.63:3031/video
00:53:12  ✅ Kamera-Stream geöffnet.
00:53:13  ✅ Kamera-Reconnect erfolgreich (Versuch 1/3).
00:53:19  HTTP Request: POST http://localhost:11434/api/chat "HTTP/1.1 200 OK"
00:53:19     ✅ OK
00:53:36  HTTP Request: POST http://localhost:11434/api/chat "HTTP/1.1 200 OK"
00:53:36     ✅ OK
00:53:53  HTTP Request: POST http://localhost:11434/api/chat "HTTP/1.1 200 OK"
00:53:53     ✅ OK
00:54:10  HTTP Request: POST http://localhost:11434/api/chat "HTTP/1.1 200 OK"
00:54:10     ✅ OK
00:54:20  ❌ Kamera-Fehler: Konnte kein Frame von der Kamera lesen!
00:54:21  🔄 Kamera-Stream wird neu verbunden.
00:54:21  📷 Kamera-Stream geschlossen.
00:54:21  📷 Öffne Kamera-Stream: http://10.0.0.63:3031/video
00:54:21  ✅ Kamera-Stream geöffnet.
00:54:21  ✅ Kamera-Reconnect erfolgreich (Versuch 1/3).
00:54:28  HTTP Request: POST http://localhost:11434/api/chat "HTTP/1.1 200 OK"
00:54:28     ✅ OK
00:54:44  HTTP Request: POST http://localhost:11434/api/chat "HTTP/1.1 200 OK"
00:54:44     ✅ OK
00:55:01  HTTP Request: POST http://localhost:11434/api/chat "HTTP/1.1 200 OK"
00:55:01     ✅ OK
00:55:18  HTTP Request: POST http://localhost:11434/api/chat "HTTP/1.1 200 OK"
00:55:18     ✅ OK
00:55:28  ❌ Kamera-Fehler: Konnte kein Frame von der Kamera lesen!
00:55:29  🔄 Kamera-Stream wird neu verbunden.
00:55:29  📷 Kamera-Stream geschlossen.
00:55:29  📷 Öffne Kamera-Stream: http://10.0.0.63:3031/video
00:55:29  ✅ Kamera-Stream geöffnet.
00:55:29  ✅ Kamera-Reconnect erfolgreich (Versuch 1/3).
00:55:36  HTTP Request: POST http://localhost:11434/api/chat "HTTP/1.1 200 OK"
00:55:36     ✅ OK
00:55:53  HTTP Request: POST http://localhost:11434/api/chat "HTTP/1.1 200 OK"
00:55:53     ✅ OK
00:56:10  HTTP Request: POST http://localhost:11434/api/chat "HTTP/1.1 200 OK"
00:56:10     ✅ OK
00:56:27  HTTP Request: POST http://localhost:11434/api/chat "HTTP/1.1 200 OK"
00:56:27     ✅ OK
00:56:37  ❌ Kamera-Fehler: Konnte kein Frame von der Kamera lesen!
00:56:38  🔄 Kamera-Stream wird neu verbunden.
00:56:38  📷 Kamera-Stream geschlossen.
00:56:38  📷 Öffne Kamera-Stream: http://10.0.0.63:3031/video
00:56:38  ✅ Kamera-Stream geöffnet.
00:56:38  ✅ Kamera-Reconnect erfolgreich (Versuch 1/3).
00:56:45  HTTP Request: POST http://localhost:11434/api/chat "HTTP/1.1 200 OK"
00:56:45     ✅ OK
00:57:02  HTTP Request: POST http://localhost:11434/api/chat "HTTP/1.1 200 OK"
00:57:02     ✅ OK
00:57:18  HTTP Request: POST http://localhost:11434/api/chat "HTTP/1.1 200 OK"
00:57:18     ✅ OK
00:57:28  ❌ Kamera-Fehler: Konnte kein Frame von der Kamera lesen!
00:57:29  🔄 Kamera-Stream wird neu verbunden.
00:57:29  📷 Kamera-Stream geschlossen.
00:57:29  📷 Öffne Kamera-Stream: http://10.0.0.63:3031/video
00:57:30  ✅ Kamera-Stream geöffnet.
00:57:30  ✅ Kamera-Reconnect erfolgreich (Versuch 1/3).
00:57:36  HTTP Request: POST http://localhost:11434/api/chat "HTTP/1.1 200 OK"
00:57:36     ✅ OK
00:57:53  HTTP Request: POST http://localhost:11434/api/chat "HTTP/1.1 200 OK"
00:57:53     ✅ OK
00:58:10  HTTP Request: POST http://localhost:11434/api/chat "HTTP/1.1 200 OK"
00:58:10     ✅ OK
00:58:27  HTTP Request: POST http://localhost:11434/api/chat "HTTP/1.1 200 OK"
00:58:27     ✅ OK
00:58:37  ❌ Kamera-Fehler: Konnte kein Frame von der Kamera lesen!
00:58:38  🔄 Kamera-Stream wird neu verbunden.
00:58:38  📷 Kamera-Stream geschlossen.
00:58:38  📷 Öffne Kamera-Stream: http://10.0.0.63:3031/video
00:58:38  ✅ Kamera-Stream geöffnet.
00:58:38  ✅ Kamera-Reconnect erfolgreich (Versuch 1/3).
00:58:45  HTTP Request: POST http://localhost:11434/api/chat "HTTP/1.1 200 OK"
00:58:45     ✅ OK
00:59:02  HTTP Request: POST http://localhost:11434/api/chat "HTTP/1.1 200 OK"
00:59:02     ✅ OK
00:59:19  HTTP Request: POST http://localhost:11434/api/chat "HTTP/1.1 200 OK"
00:59:19     ✅ OK
00:59:35  HTTP Request: POST http://localhost:11434/api/chat "HTTP/1.1 200 OK"
00:59:35     ✅ OK
00:59:45  ❌ Kamera-Fehler: Konnte kein Frame von der Kamera lesen!
00:59:46  🔄 Kamera-Stream wird neu verbunden.
00:59:46  📷 Kamera-Stream geschlossen.
00:59:46  📷 Öffne Kamera-Stream: http://10.0.0.63:3031/video
00:59:47  ✅ Kamera-Stream geöffnet.
00:59:47  ✅ Kamera-Reconnect erfolgreich (Versuch 1/3).
00:59:53  HTTP Request: POST http://localhost:11434/api/chat "HTTP/1.1 200 OK"
00:59:53     ✅ OK
01:00:10  HTTP Request: POST http://localhost:11434/api/chat "HTTP/1.1 200 OK"
01:00:10     ✅ OK
01:00:27  HTTP Request: POST http://localhost:11434/api/chat "HTTP/1.1 200 OK"
01:00:27     ✅ OK
01:00:44  HTTP Request: POST http://localhost:11434/api/chat "HTTP/1.1 200 OK"
01:00:44     ✅ OK
01:00:54  ❌ Kamera-Fehler: Konnte kein Frame von der Kamera lesen!
01:00:55  🔄 Kamera-Stream wird neu verbunden.
01:00:55  📷 Kamera-Stream geschlossen.
01:00:55  📷 Öffne Kamera-Stream: http://10.0.0.63:3031/video
01:00:55  ✅ Kamera-Stream geöffnet.
01:00:55  ✅ Kamera-Reconnect erfolgreich (Versuch 1/3).
01:01:02  HTTP Request: POST http://localhost:11434/api/chat "HTTP/1.1 200 OK"
01:01:02     ✅ OK
01:01:19  HTTP Request: POST http://localhost:11434/api/chat "HTTP/1.1 200 OK"
01:01:19     ✅ OK
01:01:35  HTTP Request: POST http://localhost:11434/api/chat "HTTP/1.1 200 OK"
01:01:35     ✅ OK
01:01:45  ❌ Kamera-Fehler: Konnte kein Frame von der Kamera lesen!
01:01:46  🔄 Kamera-Stream wird neu verbunden.
01:01:46  📷 Kamera-Stream geschlossen.
01:01:46  📷 Öffne Kamera-Stream: http://10.0.0.63:3031/video
01:01:47  ✅ Kamera-Stream geöffnet.
01:01:47  ✅ Kamera-Reconnect erfolgreich (Versuch 1/3).
01:01:54  HTTP Request: POST http://localhost:11434/api/chat "HTTP/1.1 200 OK"
01:01:54     ✅ OK
01:02:10  HTTP Request: POST http://localhost:11434/api/chat "HTTP/1.1 200 OK"
01:02:10     ✅ OK
01:02:27  HTTP Request: POST http://localhost:11434/api/chat "HTTP/1.1 200 OK"
01:02:27     ✅ OK
01:02:44  HTTP Request: POST http://localhost:11434/api/chat "HTTP/1.1 200 OK"
01:02:44     ✅ OK
01:02:54  ❌ Kamera-Fehler: Konnte kein Frame von der Kamera lesen!
01:02:55  🔄 Kamera-Stream wird neu verbunden.
01:02:55  📷 Kamera-Stream geschlossen.
01:02:55  📷 Öffne Kamera-Stream: http://10.0.0.63:3031/video
01:02:55  ✅ Kamera-Stream geöffnet.
01:02:55  ✅ Kamera-Reconnect erfolgreich (Versuch 1/3).
01:03:02  HTTP Request: POST http://localhost:11434/api/chat "HTTP/1.1 200 OK"
01:03:02     ✅ OK
01:03:19  HTTP Request: POST http://localhost:11434/api/chat "HTTP/1.1 200 OK"
01:03:19     ✅ OK
01:03:35  HTTP Request: POST http://localhost:11434/api/chat "HTTP/1.1 200 OK"
01:03:35     ✅ OK
01:03:52  HTTP Request: POST http://localhost:11434/api/chat "HTTP/1.1 200 OK"
01:03:52     ✅ OK
01:04:02  ❌ Kamera-Fehler: Konnte kein Frame von der Kamera lesen!
01:04:03  🔄 Kamera-Stream wird neu verbunden.
01:04:03  📷 Kamera-Stream geschlossen.
01:04:03  📷 Öffne Kamera-Stream: http://10.0.0.63:3031/video
01:04:03  ✅ Kamera-Stream geöffnet.
01:04:04  ✅ Kamera-Reconnect erfolgreich (Versuch 1/3).
01:04:10  HTTP Request: POST http://localhost:11434/api/chat "HTTP/1.1 200 OK"
01:04:10     ✅ OK
01:04:27  HTTP Request: POST http://localhost:11434/api/chat "HTTP/1.1 200 OK"
01:04:27     ✅ OK
01:04:44  HTTP Request: POST http://localhost:11434/api/chat "HTTP/1.1 200 OK"
01:04:44     ✅ OK
01:05:01  HTTP Request: POST http://localhost:11434/api/chat "HTTP/1.1 200 OK"
01:05:01     ✅ OK
01:05:17  HTTP Request: POST http://localhost:11434/api/chat "HTTP/1.1 200 OK"
01:05:17     ✅ OK
01:05:27  ❌ Kamera-Fehler: Konnte kein Frame von der Kamera lesen!
01:05:28  🔄 Kamera-Stream wird neu verbunden.
01:05:28  📷 Kamera-Stream geschlossen.
01:05:28  📷 Öffne Kamera-Stream: http://10.0.0.63:3031/video
01:05:29  ✅ Kamera-Stream geöffnet.
01:05:29  ✅ Kamera-Reconnect erfolgreich (Versuch 1/3).
01:05:36  HTTP Request: POST http://localhost:11434/api/chat "HTTP/1.1 200 OK"
01:05:36     ✅ OK
01:05:52  HTTP Request: POST http://localhost:11434/api/chat "HTTP/1.1 200 OK"
01:05:52     ✅ OK
01:06:09  HTTP Request: POST http://localhost:11434/api/chat "HTTP/1.1 200 OK"
01:06:09     ✅ OK
01:06:26  HTTP Request: POST http://localhost:11434/api/chat "HTTP/1.1 200 OK"
01:06:26     ✅ OK
01:06:36  ❌ Kamera-Fehler: Konnte kein Frame von der Kamera lesen!
01:06:37  🔄 Kamera-Stream wird neu verbunden.
01:06:37  📷 Kamera-Stream geschlossen.
01:06:37  📷 Öffne Kamera-Stream: http://10.0.0.63:3031/video
01:06:37  ✅ Kamera-Stream geöffnet.
01:06:37  ✅ Kamera-Reconnect erfolgreich (Versuch 1/3).
01:06:44  HTTP Request: POST http://localhost:11434/api/chat "HTTP/1.1 200 OK"
01:06:44     ✅ OK
01:07:01  HTTP Request: POST http://localhost:11434/api/chat "HTTP/1.1 200 OK"
01:07:01     ✅ OK
01:07:18  HTTP Request: POST http://localhost:11434/api/chat "HTTP/1.1 200 OK"
01:07:18     ✅ OK
01:07:35  HTTP Request: POST http://localhost:11434/api/chat "HTTP/1.1 200 OK"
01:07:35     ✅ OK
01:07:45  ❌ Kamera-Fehler: Konnte kein Frame von der Kamera lesen!
01:07:46  🔄 Kamera-Stream wird neu verbunden.
01:07:46  📷 Kamera-Stream geschlossen.
01:07:46  📷 Öffne Kamera-Stream: http://10.0.0.63:3031/video
01:07:46  ✅ Kamera-Stream geöffnet.
01:07:46  ✅ Kamera-Reconnect erfolgreich (Versuch 1/3).
01:07:53  HTTP Request: POST http://localhost:11434/api/chat "HTTP/1.1 200 OK"
01:07:53     ✅ OK
01:08:10  HTTP Request: POST http://localhost:11434/api/chat "HTTP/1.1 200 OK"
01:08:10     ✅ OK
01:08:26  HTTP Request: POST http://localhost:11434/api/chat "HTTP/1.1 200 OK"
01:08:26     ✅ OK
01:08:43  HTTP Request: POST http://localhost:11434/api/chat "HTTP/1.1 200 OK"
01:08:43     ✅ OK
01:08:53  ❌ Kamera-Fehler: Konnte kein Frame von der Kamera lesen!
01:08:54  🔄 Kamera-Stream wird neu verbunden.
01:08:54  📷 Kamera-Stream geschlossen.
01:08:54  📷 Öffne Kamera-Stream: http://10.0.0.63:3031/video
01:08:54  ✅ Kamera-Stream geöffnet.
01:08:55  ✅ Kamera-Reconnect erfolgreich (Versuch 1/3).
01:09:01  HTTP Request: POST http://localhost:11434/api/chat "HTTP/1.1 200 OK"
01:09:01     ✅ OK
01:09:18  HTTP Request: POST http://localhost:11434/api/chat "HTTP/1.1 200 OK"
01:09:18     ✅ OK
01:09:35  HTTP Request: POST http://localhost:11434/api/chat "HTTP/1.1 200 OK"
01:09:35     ✅ OK
01:09:52  HTTP Request: POST http://localhost:11434/api/chat "HTTP/1.1 200 OK"
01:09:52     ✅ OK
01:10:02  ❌ Kamera-Fehler: Konnte kein Frame von der Kamera lesen!
01:10:03  🔄 Kamera-Stream wird neu verbunden.
01:10:03  📷 Kamera-Stream geschlossen.
01:10:03  📷 Öffne Kamera-Stream: http://10.0.0.63:3031/video
01:10:03  ✅ Kamera-Stream geöffnet.
01:10:03  ✅ Kamera-Reconnect erfolgreich (Versuch 1/3).
01:10:10  HTTP Request: POST http://localhost:11434/api/chat "HTTP/1.1 200 OK"
01:10:10     ✅ OK
01:10:27  HTTP Request: POST http://localhost:11434/api/chat "HTTP/1.1 200 OK"
01:10:27     ✅ OK
01:10:43  HTTP Request: POST http://localhost:11434/api/chat "HTTP/1.1 200 OK"
01:10:43     ✅ OK
01:11:00  HTTP Request: POST http://localhost:11434/api/chat "HTTP/1.1 200 OK"
01:11:00     ✅ OK
01:11:17  HTTP Request: POST http://localhost:11434/api/chat "HTTP/1.1 200 OK"
01:11:17     ✅ OK
01:11:27  ❌ Kamera-Fehler: Konnte kein Frame von der Kamera lesen!
01:11:28  🔄 Kamera-Stream wird neu verbunden.
01:11:28  📷 Kamera-Stream geschlossen.
01:11:28  📷 Öffne Kamera-Stream: http://10.0.0.63:3031/video
01:11:28  ✅ Kamera-Stream geöffnet.
01:11:28  ✅ Kamera-Reconnect erfolgreich (Versuch 1/3).
01:11:35  HTTP Request: POST http://localhost:11434/api/chat "HTTP/1.1 200 OK"
01:11:35     ✅ OK
01:11:52  HTTP Request: POST http://localhost:11434/api/chat "HTTP/1.1 200 OK"
01:11:52     ✅ OK
01:12:09  HTTP Request: POST http://localhost:11434/api/chat "HTTP/1.1 200 OK"
01:12:09     ✅ OK
01:12:25  HTTP Request: POST http://localhost:11434/api/chat "HTTP/1.1 200 OK"
01:12:25     ✅ OK
01:12:35  ❌ Kamera-Fehler: Konnte kein Frame von der Kamera lesen!
01:12:36  🔄 Kamera-Stream wird neu verbunden.
01:12:36  📷 Kamera-Stream geschlossen.
01:12:36  📷 Öffne Kamera-Stream: http://10.0.0.63:3031/video
01:12:37  ✅ Kamera-Stream geöffnet.
01:12:37  ✅ Kamera-Reconnect erfolgreich (Versuch 1/3).
01:12:43  HTTP Request: POST http://localhost:11434/api/chat "HTTP/1.1 200 OK"
01:12:43     ✅ OK
01:13:00  HTTP Request: POST http://localhost:11434/api/chat "HTTP/1.1 200 OK"
01:13:00     ✅ OK
01:13:17  HTTP Request: POST http://localhost:11434/api/chat "HTTP/1.1 200 OK"
01:13:17     ✅ OK
01:13:34  HTTP Request: POST http://localhost:11434/api/chat "HTTP/1.1 200 OK"
01:13:34     ✅ OK
01:13:51  HTTP Request: POST http://localhost:11434/api/chat "HTTP/1.1 200 OK"
01:13:51     ✅ OK
01:14:01  ❌ Kamera-Fehler: Konnte kein Frame von der Kamera lesen!
01:14:02  🔄 Kamera-Stream wird neu verbunden.
01:14:02  📷 Kamera-Stream geschlossen.
01:14:02  📷 Öffne Kamera-Stream: http://10.0.0.63:3031/video
01:14:02  ✅ Kamera-Stream geöffnet.
01:14:02  ✅ Kamera-Reconnect erfolgreich (Versuch 1/3).
01:14:09  HTTP Request: POST http://localhost:11434/api/chat "HTTP/1.1 200 OK"
01:14:09     ✅ OK
01:14:25  HTTP Request: POST http://localhost:11434/api/chat "HTTP/1.1 200 OK"
01:14:25     ✅ OK
01:14:42  HTTP Request: POST http://localhost:11434/api/chat "HTTP/1.1 200 OK"
01:14:42     ✅ OK
01:14:59  HTTP Request: POST http://localhost:11434/api/chat "HTTP/1.1 200 OK"
01:14:59     ✅ OK
01:15:16  HTTP Request: POST http://localhost:11434/api/chat "HTTP/1.1 200 OK"
01:15:16     ✅ OK
01:15:33  HTTP Request: POST http://localhost:11434/api/chat "HTTP/1.1 200 OK"
01:15:33     ✅ OK
01:15:43  ❌ Kamera-Fehler: Konnte kein Frame von der Kamera lesen!
01:15:44  🔄 Kamera-Stream wird neu verbunden.
01:15:44  📷 Kamera-Stream geschlossen.
01:15:44  📷 Öffne Kamera-Stream: http://10.0.0.63:3031/video
01:15:44  ✅ Kamera-Stream geöffnet.
01:15:44  ✅ Kamera-Reconnect erfolgreich (Versuch 1/3).
01:15:51  HTTP Request: POST http://localhost:11434/api/chat "HTTP/1.1 200 OK"
01:15:51     ✅ OK
01:16:07  HTTP Request: POST http://localhost:11434/api/chat "HTTP/1.1 200 OK"
01:16:07     ✅ OK
01:16:24  HTTP Request: POST http://localhost:11434/api/chat "HTTP/1.1 200 OK"
01:16:24     ✅ OK
01:16:41  HTTP Request: POST http://localhost:11434/api/chat "HTTP/1.1 200 OK"
01:16:41     ✅ OK
01:16:58  HTTP Request: POST http://localhost:11434/api/chat "HTTP/1.1 200 OK"
01:16:58     ✅ OK
01:17:15  HTTP Request: POST http://localhost:11434/api/chat "HTTP/1.1 200 OK"
01:17:15     ✅ OK
01:17:25  ❌ Kamera-Fehler: Konnte kein Frame von der Kamera lesen!
01:17:26  🔄 Kamera-Stream wird neu verbunden.
01:17:26  📷 Kamera-Stream geschlossen.
01:17:26  📷 Öffne Kamera-Stream: http://10.0.0.63:3031/video
01:17:26  ✅ Kamera-Stream geöffnet.
01:17:26  ✅ Kamera-Reconnect erfolgreich (Versuch 1/3).
01:17:33  HTTP Request: POST http://localhost:11434/api/chat "HTTP/1.1 200 OK"
01:17:33     ✅ OK
01:17:49  HTTP Request: POST http://localhost:11434/api/chat "HTTP/1.1 200 OK"
01:17:49     ✅ OK
01:18:06  HTTP Request: POST http://localhost:11434/api/chat "HTTP/1.1 200 OK"
01:18:06     ✅ OK
01:18:23  HTTP Request: POST http://localhost:11434/api/chat "HTTP/1.1 200 OK"
01:18:23     ✅ OK
01:18:33  ❌ Kamera-Fehler: Konnte kein Frame von der Kamera lesen!
01:18:34  🔄 Kamera-Stream wird neu verbunden.
01:18:34  📷 Kamera-Stream geschlossen.
01:18:34  📷 Öffne Kamera-Stream: http://10.0.0.63:3031/video
01:18:34  ✅ Kamera-Stream geöffnet.
01:18:34  ✅ Kamera-Reconnect erfolgreich (Versuch 1/3).
01:18:41  HTTP Request: POST http://localhost:11434/api/chat "HTTP/1.1 200 OK"
01:18:41     ✅ OK
01:18:58  HTTP Request: POST http://localhost:11434/api/chat "HTTP/1.1 200 OK"
01:18:58     ✅ OK
01:19:15  HTTP Request: POST http://localhost:11434/api/chat "HTTP/1.1 200 OK"
01:19:15     ✅ OK
01:19:32  HTTP Request: POST http://localhost:11434/api/chat "HTTP/1.1 200 OK"
01:19:32     ✅ OK
01:19:48  HTTP Request: POST http://localhost:11434/api/chat "HTTP/1.1 200 OK"
01:19:48     ✅ OK
01:20:05  HTTP Request: POST http://localhost:11434/api/chat "HTTP/1.1 200 OK"
01:20:05     ✅ OK
01:20:15  ❌ Kamera-Fehler: Konnte kein Frame von der Kamera lesen!
01:20:16  🔄 Kamera-Stream wird neu verbunden.
01:20:16  📷 Kamera-Stream geschlossen.
01:20:16  📷 Öffne Kamera-Stream: http://10.0.0.63:3031/video
01:20:16  ✅ Kamera-Stream geöffnet.
01:20:17  ✅ Kamera-Reconnect erfolgreich (Versuch 1/3).
01:20:23  HTTP Request: POST http://localhost:11434/api/chat "HTTP/1.1 200 OK"
01:20:23     ✅ OK
01:20:40  HTTP Request: POST http://localhost:11434/api/chat "HTTP/1.1 200 OK"
01:20:40     ✅ OK
01:20:57  HTTP Request: POST http://localhost:11434/api/chat "HTTP/1.1 200 OK"
01:20:57     ✅ OK
01:21:14  HTTP Request: POST http://localhost:11434/api/chat "HTTP/1.1 200 OK"
01:21:14     ✅ OK
01:21:24  ❌ Kamera-Fehler: Konnte kein Frame von der Kamera lesen!
01:21:25  🔄 Kamera-Stream wird neu verbunden.
01:21:25  📷 Kamera-Stream geschlossen.
01:21:25  📷 Öffne Kamera-Stream: http://10.0.0.63:3031/video
01:21:25  ✅ Kamera-Stream geöffnet.
01:21:25  ✅ Kamera-Reconnect erfolgreich (Versuch 1/3).
01:21:32  HTTP Request: POST http://localhost:11434/api/chat "HTTP/1.1 200 OK"
01:21:32     ✅ OK
01:21:49  HTTP Request: POST http://localhost:11434/api/chat "HTTP/1.1 200 OK"
01:21:49     ✅ OK
01:22:06  HTTP Request: POST http://localhost:11434/api/chat "HTTP/1.1 200 OK"
01:22:06     ✅ OK
01:22:22  HTTP Request: POST http://localhost:11434/api/chat "HTTP/1.1 200 OK"
01:22:22     ✅ OK
01:22:32  ❌ Kamera-Fehler: Konnte kein Frame von der Kamera lesen!
01:22:33  🔄 Kamera-Stream wird neu verbunden.
01:22:33  📷 Kamera-Stream geschlossen.
01:22:33  📷 Öffne Kamera-Stream: http://10.0.0.63:3031/video
01:22:34  ✅ Kamera-Stream geöffnet.
01:22:34  ✅ Kamera-Reconnect erfolgreich (Versuch 1/3).
01:22:41  HTTP Request: POST http://localhost:11434/api/chat "HTTP/1.1 200 OK"
01:22:41     ✅ OK
01:22:57  HTTP Request: POST http://localhost:11434/api/chat "HTTP/1.1 200 OK"
01:22:57     ✅ OK
01:23:14  HTTP Request: POST http://localhost:11434/api/chat "HTTP/1.1 200 OK"
01:23:14     ✅ OK
01:23:31  HTTP Request: POST http://localhost:11434/api/chat "HTTP/1.1 200 OK"
01:23:31     ✅ OK
01:23:41  ❌ Kamera-Fehler: Konnte kein Frame von der Kamera lesen!
01:23:42  🔄 Kamera-Stream wird neu verbunden.
01:23:42  📷 Kamera-Stream geschlossen.
01:23:42  📷 Öffne Kamera-Stream: http://10.0.0.63:3031/video
01:23:42  ✅ Kamera-Stream geöffnet.
01:23:42  ✅ Kamera-Reconnect erfolgreich (Versuch 1/3).
01:23:49  HTTP Request: POST http://localhost:11434/api/chat "HTTP/1.1 200 OK"
01:23:49     ✅ OK
01:24:06  HTTP Request: POST http://localhost:11434/api/chat "HTTP/1.1 200 OK"
01:24:06     ✅ OK
01:24:23  HTTP Request: POST http://localhost:11434/api/chat "HTTP/1.1 200 OK"
01:24:23     ✅ OK
01:24:39  HTTP Request: POST http://localhost:11434/api/chat "HTTP/1.1 200 OK"
01:24:39     ✅ OK
01:24:49  ❌ Kamera-Fehler: Konnte kein Frame von der Kamera lesen!
01:24:50  🔄 Kamera-Stream wird neu verbunden.
01:24:50  📷 Kamera-Stream geschlossen.
01:24:50  📷 Öffne Kamera-Stream: http://10.0.0.63:3031/video
01:24:51  ✅ Kamera-Stream geöffnet.
01:24:51  ✅ Kamera-Reconnect erfolgreich (Versuch 1/3).
01:24:58  HTTP Request: POST http://localhost:11434/api/chat "HTTP/1.1 200 OK"
01:24:58     ✅ OK
01:25:14  HTTP Request: POST http://localhost:11434/api/chat "HTTP/1.1 200 OK"
01:25:14     ✅ OK
01:25:31  HTTP Request: POST http://localhost:11434/api/chat "HTTP/1.1 200 OK"
01:25:31     ✅ OK
01:25:48  HTTP Request: POST http://localhost:11434/api/chat "HTTP/1.1 200 OK"
01:25:48     ✅ OK
01:25:58  ❌ Kamera-Fehler: Konnte kein Frame von der Kamera lesen!
01:25:59  🔄 Kamera-Stream wird neu verbunden.
01:25:59  📷 Kamera-Stream geschlossen.
01:25:59  📷 Öffne Kamera-Stream: http://10.0.0.63:3031/video
01:25:59  ✅ Kamera-Stream geöffnet.
01:25:59  ✅ Kamera-Reconnect erfolgreich (Versuch 1/3).
01:26:06  HTTP Request: POST http://localhost:11434/api/chat "HTTP/1.1 200 OK"
01:26:06     ✅ OK
01:26:23  HTTP Request: POST http://localhost:11434/api/chat "HTTP/1.1 200 OK"
01:26:23     ✅ OK
01:26:39  HTTP Request: POST http://localhost:11434/api/chat "HTTP/1.1 200 OK"
01:26:39     ✅ OK
01:26:56  HTTP Request: POST http://localhost:11434/api/chat "HTTP/1.1 200 OK"
01:26:56     ✅ OK
01:27:06  ❌ Kamera-Fehler: Konnte kein Frame von der Kamera lesen!
01:27:07  🔄 Kamera-Stream wird neu verbunden.
01:27:07  📷 Kamera-Stream geschlossen.
01:27:07  📷 Öffne Kamera-Stream: http://10.0.0.63:3031/video
01:27:07  ✅ Kamera-Stream geöffnet.
01:27:08  ✅ Kamera-Reconnect erfolgreich (Versuch 1/3).
01:27:14  HTTP Request: POST http://localhost:11434/api/chat "HTTP/1.1 200 OK"
01:27:14     ✅ OK
01:27:31  HTTP Request: POST http://localhost:11434/api/chat "HTTP/1.1 200 OK"
01:27:31     ✅ OK
01:27:48  HTTP Request: POST http://localhost:11434/api/chat "HTTP/1.1 200 OK"
01:27:48     ✅ OK
01:28:05  HTTP Request: POST http://localhost:11434/api/chat "HTTP/1.1 200 OK"
01:28:05     ✅ OK
01:28:15  ❌ Kamera-Fehler: Konnte kein Frame von der Kamera lesen!
01:28:16  🔄 Kamera-Stream wird neu verbunden.
01:28:16  📷 Kamera-Stream geschlossen.
01:28:16  📷 Öffne Kamera-Stream: http://10.0.0.63:3031/video
01:28:16  ✅ Kamera-Stream geöffnet.
01:28:16  ✅ Kamera-Reconnect erfolgreich (Versuch 1/3).
01:28:23  HTTP Request: POST http://localhost:11434/api/chat "HTTP/1.1 200 OK"
01:28:23     ✅ OK
01:28:39  HTTP Request: POST http://localhost:11434/api/chat "HTTP/1.1 200 OK"
01:28:39     ✅ OK
01:28:56  HTTP Request: POST http://localhost:11434/api/chat "HTTP/1.1 200 OK"
01:28:56     ✅ OK
01:29:13  HTTP Request: POST http://localhost:11434/api/chat "HTTP/1.1 200 OK"
01:29:13     ✅ OK
01:29:23  ❌ Kamera-Fehler: Konnte kein Frame von der Kamera lesen!
01:29:24  🔄 Kamera-Stream wird neu verbunden.
01:29:24  📷 Kamera-Stream geschlossen.
01:29:24  📷 Öffne Kamera-Stream: http://10.0.0.63:3031/video
01:29:24  ✅ Kamera-Stream geöffnet.
01:29:24  ✅ Kamera-Reconnect erfolgreich (Versuch 1/3).
01:29:31  HTTP Request: POST http://localhost:11434/api/chat "HTTP/1.1 200 OK"
01:29:31     ✅ OK
01:29:48  HTTP Request: POST http://localhost:11434/api/chat "HTTP/1.1 200 OK"
01:29:48     ✅ OK
01:30:05  HTTP Request: POST http://localhost:11434/api/chat "HTTP/1.1 200 OK"
01:30:05     ✅ OK
01:30:22  HTTP Request: POST http://localhost:11434/api/chat "HTTP/1.1 200 OK"
01:30:22     ✅ OK
01:30:32  ❌ Kamera-Fehler: Konnte kein Frame von der Kamera lesen!
01:30:33  🔄 Kamera-Stream wird neu verbunden.
01:30:33  📷 Kamera-Stream geschlossen.
01:30:33  📷 Öffne Kamera-Stream: http://10.0.0.63:3031/video
01:30:33  ✅ Kamera-Stream geöffnet.
01:30:33  ✅ Kamera-Reconnect erfolgreich (Versuch 1/3).
01:30:40  HTTP Request: POST http://localhost:11434/api/chat "HTTP/1.1 200 OK"
01:30:40     ✅ OK
01:30:56  HTTP Request: POST http://localhost:11434/api/chat "HTTP/1.1 200 OK"
01:30:56     ✅ OK
01:31:13  HTTP Request: POST http://localhost:11434/api/chat "HTTP/1.1 200 OK"
01:31:13     ✅ OK
01:31:23  ❌ Kamera-Fehler: Konnte kein Frame von der Kamera lesen!
01:31:24  🔄 Kamera-Stream wird neu verbunden.
01:31:24  📷 Kamera-Stream geschlossen.
01:31:24  📷 Öffne Kamera-Stream: http://10.0.0.63:3031/video
01:31:24  ✅ Kamera-Stream geöffnet.
01:31:25  ✅ Kamera-Reconnect erfolgreich (Versuch 1/3).
01:31:31  HTTP Request: POST http://localhost:11434/api/chat "HTTP/1.1 200 OK"
01:31:31     ✅ OK
01:31:48  HTTP Request: POST http://localhost:11434/api/chat "HTTP/1.1 200 OK"
01:31:48     ✅ OK
01:32:05  HTTP Request: POST http://localhost:11434/api/chat "HTTP/1.1 200 OK"
01:32:05     ✅ OK
01:32:22  HTTP Request: POST http://localhost:11434/api/chat "HTTP/1.1 200 OK"
01:32:22     ✅ OK
01:32:32  ❌ Kamera-Fehler: Konnte kein Frame von der Kamera lesen!
01:32:33  🔄 Kamera-Stream wird neu verbunden.
01:32:33  📷 Kamera-Stream geschlossen.
01:32:33  📷 Öffne Kamera-Stream: http://10.0.0.63:3031/video
01:32:33  ✅ Kamera-Stream geöffnet.
01:32:33  ✅ Kamera-Reconnect erfolgreich (Versuch 1/3).
01:32:40  HTTP Request: POST http://localhost:11434/api/chat "HTTP/1.1 200 OK"
01:32:40     ✅ OK
01:32:57  HTTP Request: POST http://localhost:11434/api/chat "HTTP/1.1 200 OK"
01:32:57     ✅ OK
01:33:13  HTTP Request: POST http://localhost:11434/api/chat "HTTP/1.1 200 OK"
01:33:13     ✅ OK
01:33:30  HTTP Request: POST http://localhost:11434/api/chat "HTTP/1.1 200 OK"
01:33:30     ✅ OK
01:33:40  ❌ Kamera-Fehler: Konnte kein Frame von der Kamera lesen!
01:33:41  🔄 Kamera-Stream wird neu verbunden.
01:33:41  📷 Kamera-Stream geschlossen.
01:33:41  📷 Öffne Kamera-Stream: http://10.0.0.63:3031/video
01:33:41  ✅ Kamera-Stream geöffnet.
01:33:41  ✅ Kamera-Reconnect erfolgreich (Versuch 1/3).
01:33:48  HTTP Request: POST http://localhost:11434/api/chat "HTTP/1.1 200 OK"
01:33:48     ✅ OK
01:34:05  HTTP Request: POST http://localhost:11434/api/chat "HTTP/1.1 200 OK"
01:34:05     ✅ OK
01:34:22  HTTP Request: POST http://localhost:11434/api/chat "HTTP/1.1 200 OK"
01:34:22     ✅ OK
01:34:39  HTTP Request: POST http://localhost:11434/api/chat "HTTP/1.1 200 OK"
01:34:39     ✅ OK
01:34:49  ❌ Kamera-Fehler: Konnte kein Frame von der Kamera lesen!
01:34:50  🔄 Kamera-Stream wird neu verbunden.
01:34:50  📷 Kamera-Stream geschlossen.
01:34:50  📷 Öffne Kamera-Stream: http://10.0.0.63:3031/video
01:34:50  ✅ Kamera-Stream geöffnet.
01:34:50  ✅ Kamera-Reconnect erfolgreich (Versuch 1/3).
01:34:57  HTTP Request: POST http://localhost:11434/api/chat "HTTP/1.1 200 OK"
01:34:57     ✅ OK
01:35:13  HTTP Request: POST http://localhost:11434/api/chat "HTTP/1.1 200 OK"
01:35:13     ✅ OK
01:35:30  HTTP Request: POST http://localhost:11434/api/chat "HTTP/1.1 200 OK"
01:35:30     ✅ OK
01:35:47  HTTP Request: POST http://localhost:11434/api/chat "HTTP/1.1 200 OK"
01:35:47     ✅ OK
01:35:57  ❌ Kamera-Fehler: Konnte kein Frame von der Kamera lesen!
01:35:58  🔄 Kamera-Stream wird neu verbunden.
01:35:58  📷 Kamera-Stream geschlossen.
01:35:58  📷 Öffne Kamera-Stream: http://10.0.0.63:3031/video
01:35:58  ✅ Kamera-Stream geöffnet.
01:35:58  ✅ Kamera-Reconnect erfolgreich (Versuch 1/3).
01:36:05  HTTP Request: POST http://localhost:11434/api/chat "HTTP/1.1 200 OK"
01:36:05     ✅ OK
01:36:22  HTTP Request: POST http://localhost:11434/api/chat "HTTP/1.1 200 OK"
01:36:22     ✅ OK
01:36:39  HTTP Request: POST http://localhost:11434/api/chat "HTTP/1.1 200 OK"
01:36:39     ✅ OK
01:36:55  HTTP Request: POST http://localhost:11434/api/chat "HTTP/1.1 200 OK"
01:36:55     ✅ OK
01:37:05  ❌ Kamera-Fehler: Konnte kein Frame von der Kamera lesen!
01:37:06  🔄 Kamera-Stream wird neu verbunden.
01:37:06  📷 Kamera-Stream geschlossen.
01:37:06  📷 Öffne Kamera-Stream: http://10.0.0.63:3031/video
01:37:06  ✅ Kamera-Stream geöffnet.
01:37:07  ✅ Kamera-Reconnect erfolgreich (Versuch 1/3).
01:37:13  HTTP Request: POST http://localhost:11434/api/chat "HTTP/1.1 200 OK"
01:37:13     ✅ OK
01:37:30  HTTP Request: POST http://localhost:11434/api/chat "HTTP/1.1 200 OK"
01:37:30     ✅ OK
01:37:47  HTTP Request: POST http://localhost:11434/api/chat "HTTP/1.1 200 OK"
01:37:47     ✅ OK
01:38:04  HTTP Request: POST http://localhost:11434/api/chat "HTTP/1.1 200 OK"
01:38:04     ✅ OK
01:38:14  ❌ Kamera-Fehler: Konnte kein Frame von der Kamera lesen!
01:38:15  🔄 Kamera-Stream wird neu verbunden.
01:38:15  📷 Kamera-Stream geschlossen.
01:38:15  📷 Öffne Kamera-Stream: http://10.0.0.63:3031/video
01:38:15  ✅ Kamera-Stream geöffnet.
01:38:15  ✅ Kamera-Reconnect erfolgreich (Versuch 1/3).
01:38:22  HTTP Request: POST http://localhost:11434/api/chat "HTTP/1.1 200 OK"
01:38:22     ✅ OK
01:38:39  HTTP Request: POST http://localhost:11434/api/chat "HTTP/1.1 200 OK"
01:38:39     ✅ OK
01:38:55  HTTP Request: POST http://localhost:11434/api/chat "HTTP/1.1 200 OK"
01:38:55     ✅ OK
01:39:12  HTTP Request: POST http://localhost:11434/api/chat "HTTP/1.1 200 OK"
01:39:12     ✅ OK
01:39:29  HTTP Request: POST http://localhost:11434/api/chat "HTTP/1.1 200 OK"
01:39:29     ✅ OK
01:39:39  ❌ Kamera-Fehler: Konnte kein Frame von der Kamera lesen!
01:39:40  🔄 Kamera-Stream wird neu verbunden.
01:39:40  📷 Kamera-Stream geschlossen.
01:39:40  📷 Öffne Kamera-Stream: http://10.0.0.63:3031/video
01:39:40  ✅ Kamera-Stream geöffnet.
01:39:40  ✅ Kamera-Reconnect erfolgreich (Versuch 1/3).
01:39:47  HTTP Request: POST http://localhost:11434/api/chat "HTTP/1.1 200 OK"
01:39:47     ✅ OK
01:40:04  HTTP Request: POST http://localhost:11434/api/chat "HTTP/1.1 200 OK"
01:40:04     ✅ OK
01:40:21  HTTP Request: POST http://localhost:11434/api/chat "HTTP/1.1 200 OK"
01:40:21     ✅ OK
01:40:37  HTTP Request: POST http://localhost:11434/api/chat "HTTP/1.1 200 OK"
01:40:37     ✅ OK
01:40:54  HTTP Request: POST http://localhost:11434/api/chat "HTTP/1.1 200 OK"
01:40:54     ✅ OK
01:41:04  ❌ Kamera-Fehler: Konnte kein Frame von der Kamera lesen!
01:41:05  🔄 Kamera-Stream wird neu verbunden.
01:41:05  📷 Kamera-Stream geschlossen.
01:41:05  📷 Öffne Kamera-Stream: http://10.0.0.63:3031/video
01:41:05  ✅ Kamera-Stream geöffnet.
01:41:06  ✅ Kamera-Reconnect erfolgreich (Versuch 1/3).
01:41:12  HTTP Request: POST http://localhost:11434/api/chat "HTTP/1.1 200 OK"
01:41:12     ✅ OK
01:41:29  HTTP Request: POST http://localhost:11434/api/chat "HTTP/1.1 200 OK"
01:41:29     ✅ OK
01:41:46  HTTP Request: POST http://localhost:11434/api/chat "HTTP/1.1 200 OK"
01:41:46     ✅ OK
01:42:03  HTTP Request: POST http://localhost:11434/api/chat "HTTP/1.1 200 OK"
01:42:03     ✅ OK
10:04:18  HTTP Request: POST http://localhost:11434/api/chat "HTTP/1.1 200 OK"
10:04:18     ✅ OK
10:04:58  ❌ Kamera-Fehler: Konnte kein Frame von der Kamera lesen!
10:04:59  🔄 Kamera-Stream wird neu verbunden.
10:04:59  📷 Kamera-Stream geschlossen.
10:04:59  📷 Öffne Kamera-Stream: http://10.0.0.63:3031/video
10:04:59  ✅ Kamera-Stream geöffnet.
10:04:59  ✅ Kamera-Reconnect erfolgreich (Versuch 1/3).
10:05:08  HTTP Request: POST http://localhost:11434/api/chat "HTTP/1.1 200 OK"
10:05:08     ✅ OK
10:05:25  HTTP Request: POST http://localhost:11434/api/chat "HTTP/1.1 200 OK"
10:05:25     ✅ OK
10:05:42  HTTP Request: POST http://localhost:11434/api/chat "HTTP/1.1 200 OK"
10:05:42     ✅ OK
10:05:59  HTTP Request: POST http://localhost:11434/api/chat "HTTP/1.1 200 OK"
10:05:59     ✅ OK
10:06:09  ❌ Kamera-Fehler: Konnte kein Frame von der Kamera lesen!
10:06:10  🔄 Kamera-Stream wird neu verbunden.
10:06:10  📷 Kamera-Stream geschlossen.
10:06:10  📷 Öffne Kamera-Stream: http://10.0.0.63:3031/video
10:06:10  ✅ Kamera-Stream geöffnet.
10:06:10  ✅ Kamera-Reconnect erfolgreich (Versuch 1/3).
10:06:17  HTTP Request: POST http://localhost:11434/api/chat "HTTP/1.1 200 OK"
10:06:17     ✅ OK
10:06:34  HTTP Request: POST http://localhost:11434/api/chat "HTTP/1.1 200 OK"
10:06:34     ✅ OK
10:06:51  HTTP Request: POST http://localhost:11434/api/chat "HTTP/1.1 200 OK"
10:06:51     ✅ OK
10:07:07  HTTP Request: POST http://localhost:11434/api/chat "HTTP/1.1 200 OK"
10:07:07     ✅ OK
10:07:24  HTTP Request: POST http://localhost:11434/api/chat "HTTP/1.1 200 OK"
10:07:24     ✅ OK
10:07:34  ❌ Kamera-Fehler: Konnte kein Frame von der Kamera lesen!
10:07:35  🔄 Kamera-Stream wird neu verbunden.
10:07:35  📷 Kamera-Stream geschlossen.
10:07:35  📷 Öffne Kamera-Stream: http://10.0.0.63:3031/video
10:07:35  ✅ Kamera-Stream geöffnet.
10:07:36  ✅ Kamera-Reconnect erfolgreich (Versuch 1/3).
10:07:43  HTTP Request: POST http://localhost:11434/api/chat "HTTP/1.1 200 OK"
10:07:43     ✅ OK
10:07:59  HTTP Request: POST http://localhost:11434/api/chat "HTTP/1.1 200 OK"
10:07:59     ✅ OK
10:08:17  HTTP Request: POST http://localhost:11434/api/chat "HTTP/1.1 200 OK"
10:08:17     ✅ OK
10:08:34  HTTP Request: POST http://localhost:11434/api/chat "HTTP/1.1 200 OK"
10:08:34     ✅ OK
10:08:51  HTTP Request: POST http://localhost:11434/api/chat "HTTP/1.1 200 OK"
10:08:51     ✅ OK
10:09:01  ❌ Kamera-Fehler: Konnte kein Frame von der Kamera lesen!
10:09:02  🔄 Kamera-Stream wird neu verbunden.
10:09:02  📷 Kamera-Stream geschlossen.
10:09:02  📷 Öffne Kamera-Stream: http://10.0.0.63:3031/video
10:09:02  ✅ Kamera-Stream geöffnet.
10:09:02  ✅ Kamera-Reconnect erfolgreich (Versuch 1/3).
10:09:17  HTTP Request: POST http://localhost:11434/api/chat "HTTP/1.1 200 OK"
10:09:17     ✅ OK
10:09:37  HTTP Request: POST http://localhost:11434/api/chat "HTTP/1.1 200 OK"
10:09:37     ✅ OK
10:09:54  HTTP Request: POST http://localhost:11434/api/chat "HTTP/1.1 200 OK"
10:09:54     ✅ OK
10:10:11  HTTP Request: POST http://localhost:11434/api/chat "HTTP/1.1 200 OK"
10:10:11     ✅ OK
10:10:28  HTTP Request: POST http://localhost:11434/api/chat "HTTP/1.1 200 OK"
10:10:28     ✅ OK
10:10:45  HTTP Request: POST http://localhost:11434/api/chat "HTTP/1.1 200 OK"
10:10:45     ✅ OK
10:10:55  ❌ Kamera-Fehler: Konnte kein Frame von der Kamera lesen!
10:10:56  🔄 Kamera-Stream wird neu verbunden.
10:10:56  📷 Kamera-Stream geschlossen.
10:10:56  📷 Öffne Kamera-Stream: http://10.0.0.63:3031/video
10:10:56  ✅ Kamera-Stream geöffnet.
10:10:56  ✅ Kamera-Reconnect erfolgreich (Versuch 1/3).
10:11:08  HTTP Request: POST http://localhost:11434/api/chat "HTTP/1.1 200 OK"
10:11:08     ✅ OK
10:11:25  HTTP Request: POST http://localhost:11434/api/chat "HTTP/1.1 200 OK"
10:11:25     ✅ OK
10:11:42  HTTP Request: POST http://localhost:11434/api/chat "HTTP/1.1 200 OK"
10:11:42     ✅ OK
10:12:00  HTTP Request: POST http://localhost:11434/api/chat "HTTP/1.1 200 OK"
10:12:00     ✅ OK
10:12:17  HTTP Request: POST http://localhost:11434/api/chat "HTTP/1.1 200 OK"
10:12:17     ✅ OK
10:12:37  HTTP Request: POST http://localhost:11434/api/chat "HTTP/1.1 200 OK"
10:12:37     ✅ OK
10:12:53  HTTP Request: POST http://localhost:11434/api/chat "HTTP/1.1 200 OK"
10:12:54     ✅ OK
10:13:04  ❌ Kamera-Fehler: Konnte kein Frame von der Kamera lesen!
10:13:05  🔄 Kamera-Stream wird neu verbunden.
10:13:05  📷 Kamera-Stream geschlossen.
10:13:05  📷 Öffne Kamera-Stream: http://10.0.0.63:3031/video
10:13:05  ✅ Kamera-Stream geöffnet.
10:13:05  ✅ Kamera-Reconnect erfolgreich (Versuch 1/3).
10:13:12  HTTP Request: POST http://localhost:11434/api/chat "HTTP/1.1 200 OK"
10:13:12     ✅ OK
10:13:28  HTTP Request: POST http://localhost:11434/api/chat "HTTP/1.1 200 OK"
10:13:28     ✅ OK
10:13:45  HTTP Request: POST http://localhost:11434/api/chat "HTTP/1.1 200 OK"
10:13:45     ✅ OK
10:14:02  HTTP Request: POST http://localhost:11434/api/chat "HTTP/1.1 200 OK"
10:14:02     ✅ OK
10:14:19  HTTP Request: POST http://localhost:11434/api/chat "HTTP/1.1 200 OK"
10:14:19     ✅ OK
10:14:29  ❌ Kamera-Fehler: Konnte kein Frame von der Kamera lesen!
10:14:30  🔄 Kamera-Stream wird neu verbunden.
10:14:30  📷 Kamera-Stream geschlossen.
10:14:30  📷 Öffne Kamera-Stream: http://10.0.0.63:3031/video
10:14:30  ✅ Kamera-Stream geöffnet.
10:14:30  ✅ Kamera-Reconnect erfolgreich (Versuch 1/3).
10:14:37  HTTP Request: POST http://localhost:11434/api/chat "HTTP/1.1 200 OK"
10:14:37     ✅ OK
10:14:54  HTTP Request: POST http://localhost:11434/api/chat "HTTP/1.1 200 OK"
10:14:54     ✅ OK
10:15:11  HTTP Request: POST http://localhost:11434/api/chat "HTTP/1.1 200 OK"
10:15:11     ✅ OK
10:15:27  HTTP Request: POST http://localhost:11434/api/chat "HTTP/1.1 200 OK"
10:15:27     ✅ OK
10:15:44  HTTP Request: POST http://localhost:11434/api/chat "HTTP/1.1 200 OK"
10:15:44     ✅ OK
10:15:54  ❌ Kamera-Fehler: Konnte kein Frame von der Kamera lesen!
10:15:55  🔄 Kamera-Stream wird neu verbunden.
10:15:55  📷 Kamera-Stream geschlossen.
10:15:55  📷 Öffne Kamera-Stream: http://10.0.0.63:3031/video
10:15:55  ✅ Kamera-Stream geöffnet.
10:15:55  ✅ Kamera-Reconnect erfolgreich (Versuch 1/3).
10:16:02  HTTP Request: POST http://localhost:11434/api/chat "HTTP/1.1 200 OK"
10:16:02     ✅ OK
10:16:19  HTTP Request: POST http://localhost:11434/api/chat "HTTP/1.1 200 OK"
10:16:19     ✅ OK
10:16:36  HTTP Request: POST http://localhost:11434/api/chat "HTTP/1.1 200 OK"
10:16:36     ✅ OK
10:16:53  HTTP Request: POST http://localhost:11434/api/chat "HTTP/1.1 200 OK"
10:16:53     ✅ OK
10:17:10  HTTP Request: POST http://localhost:11434/api/chat "HTTP/1.1 200 OK"
10:17:10     ✅ OK
10:17:27  HTTP Request: POST http://localhost:11434/api/chat "HTTP/1.1 200 OK"
10:17:27     ✅ OK
10:17:37  ❌ Kamera-Fehler: Konnte kein Frame von der Kamera lesen!
10:17:38  🔄 Kamera-Stream wird neu verbunden.
10:17:38  📷 Kamera-Stream geschlossen.
10:17:38  📷 Öffne Kamera-Stream: http://10.0.0.63:3031/video
10:17:38  ✅ Kamera-Stream geöffnet.
10:17:38  ✅ Kamera-Reconnect erfolgreich (Versuch 1/3).
10:17:45  HTTP Request: POST http://localhost:11434/api/chat "HTTP/1.1 200 OK"
10:17:45     ✅ OK
10:18:02  HTTP Request: POST http://localhost:11434/api/chat "HTTP/1.1 200 OK"
10:18:02     ✅ OK
10:18:19  HTTP Request: POST http://localhost:11434/api/chat "HTTP/1.1 200 OK"
10:18:19     ✅ OK
10:18:36  HTTP Request: POST http://localhost:11434/api/chat "HTTP/1.1 200 OK"
10:18:36     ✅ OK
10:18:46  ❌ Kamera-Fehler: Konnte kein Frame von der Kamera lesen!
10:18:47  🔄 Kamera-Stream wird neu verbunden.
10:18:47  📷 Kamera-Stream geschlossen.
10:18:47  📷 Öffne Kamera-Stream: http://10.0.0.63:3031/video
10:18:47  ✅ Kamera-Stream geöffnet.
10:18:47  ✅ Kamera-Reconnect erfolgreich (Versuch 1/3).
10:18:54  HTTP Request: POST http://localhost:11434/api/chat "HTTP/1.1 200 OK"
10:18:54     ✅ OK
10:19:11  HTTP Request: POST http://localhost:11434/api/chat "HTTP/1.1 200 OK"
10:19:11     ✅ OK
10:19:28  HTTP Request: POST http://localhost:11434/api/chat "HTTP/1.1 200 OK"
10:19:28     ✅ OK
10:19:45  HTTP Request: POST http://localhost:11434/api/chat "HTTP/1.1 200 OK"
10:19:45     ✅ OK
10:20:02  HTTP Request: POST http://localhost:11434/api/chat "HTTP/1.1 200 OK"
10:20:02     ✅ OK
10:20:20  HTTP Request: POST http://localhost:11434/api/chat "HTTP/1.1 200 OK"
10:20:20     ✅ OK
10:20:31  ❌ Kamera-Fehler: Konnte kein Frame von der Kamera lesen!
10:20:32  🔄 Kamera-Stream wird neu verbunden.
10:20:32  📷 Kamera-Stream geschlossen.
10:20:32  📷 Öffne Kamera-Stream: http://10.0.0.63:3031/video
10:20:32  ✅ Kamera-Stream geöffnet.
10:20:32  ✅ Kamera-Reconnect erfolgreich (Versuch 1/3).
10:20:39  HTTP Request: POST http://localhost:11434/api/chat "HTTP/1.1 200 OK"
10:20:39     ✅ OK
10:20:57  HTTP Request: POST http://localhost:11434/api/chat "HTTP/1.1 200 OK"
10:20:57     ✅ OK
10:21:15  HTTP Request: POST http://localhost:11434/api/chat "HTTP/1.1 200 OK"
10:21:15     ✅ OK
10:21:33  HTTP Request: POST http://localhost:11434/api/chat "HTTP/1.1 200 OK"
10:21:33     ✅ OK
10:21:53  HTTP Request: POST http://localhost:11434/api/chat "HTTP/1.1 200 OK"
10:21:53     ✅ OK
10:22:11  HTTP Request: POST http://localhost:11434/api/chat "HTTP/1.1 200 OK"
10:22:11     ✅ OK
10:22:29  HTTP Request: POST http://localhost:11434/api/chat "HTTP/1.1 200 OK"
10:22:29     ✅ OK
10:22:46  HTTP Request: POST http://localhost:11434/api/chat "HTTP/1.1 200 OK"
10:22:46     ✅ OK
10:22:56  ❌ Kamera-Fehler: Konnte kein Frame von der Kamera lesen!
10:22:57  🔄 Kamera-Stream wird neu verbunden.
10:22:57  📷 Kamera-Stream geschlossen.
10:22:57  📷 Öffne Kamera-Stream: http://10.0.0.63:3031/video
10:22:57  ✅ Kamera-Stream geöffnet.
10:22:58  ✅ Kamera-Reconnect erfolgreich (Versuch 1/3).
10:23:05  HTTP Request: POST http://localhost:11434/api/chat "HTTP/1.1 200 OK"
10:23:05     ✅ OK
10:23:22  HTTP Request: POST http://localhost:11434/api/chat "HTTP/1.1 200 OK"
10:23:22     ✅ OK
10:23:39  HTTP Request: POST http://localhost:11434/api/chat "HTTP/1.1 200 OK"
10:23:39     ✅ OK
10:23:56  HTTP Request: POST http://localhost:11434/api/chat "HTTP/1.1 200 OK"
10:23:56     ✅ OK
10:24:13  HTTP Request: POST http://localhost:11434/api/chat "HTTP/1.1 200 OK"
10:24:13     ✅ OK
10:24:30  HTTP Request: POST http://localhost:11434/api/chat "HTTP/1.1 200 OK"
10:24:30     ✅ OK
10:24:40  ❌ Kamera-Fehler: Konnte kein Frame von der Kamera lesen!
10:24:41  🔄 Kamera-Stream wird neu verbunden.
10:24:41  📷 Kamera-Stream geschlossen.
10:24:41  📷 Öffne Kamera-Stream: http://10.0.0.63:3031/video
10:24:41  ✅ Kamera-Stream geöffnet.
10:24:41  ✅ Kamera-Reconnect erfolgreich (Versuch 1/3).
10:24:49  HTTP Request: POST http://localhost:11434/api/chat "HTTP/1.1 200 OK"
10:24:49     ✅ OK
10:25:06  HTTP Request: POST http://localhost:11434/api/chat "HTTP/1.1 200 OK"
10:25:06     ✅ OK
10:25:23  HTTP Request: POST http://localhost:11434/api/chat "HTTP/1.1 200 OK"
10:25:23     ✅ OK
10:25:33  ❌ Kamera-Fehler: Konnte kein Frame von der Kamera lesen!
10:25:34  🔄 Kamera-Stream wird neu verbunden.
10:25:34  📷 Kamera-Stream geschlossen.
10:25:34  📷 Öffne Kamera-Stream: http://10.0.0.63:3031/video
10:25:34  ✅ Kamera-Stream geöffnet.
10:25:34  ✅ Kamera-Reconnect erfolgreich (Versuch 1/3).
10:25:41  HTTP Request: POST http://localhost:11434/api/chat "HTTP/1.1 200 OK"
10:25:41     ✅ OK
10:25:59  HTTP Request: POST http://localhost:11434/api/chat "HTTP/1.1 200 OK"
10:25:59     ✅ OK
10:26:16  HTTP Request: POST http://localhost:11434/api/chat "HTTP/1.1 200 OK"
10:26:16     ✅ OK
10:26:33  HTTP Request: POST http://localhost:11434/api/chat "HTTP/1.1 200 OK"
10:26:33     ✅ OK
10:26:50  HTTP Request: POST http://localhost:11434/api/chat "HTTP/1.1 200 OK"
10:26:50     ✅ OK
10:27:00  ❌ Kamera-Fehler: Konnte kein Frame von der Kamera lesen!
10:27:01  🔄 Kamera-Stream wird neu verbunden.
10:27:01  📷 Kamera-Stream geschlossen.
10:27:01  📷 Öffne Kamera-Stream: http://10.0.0.63:3031/video
10:27:01  ✅ Kamera-Stream geöffnet.
10:27:01  ✅ Kamera-Reconnect erfolgreich (Versuch 1/3).
10:27:08  HTTP Request: POST http://localhost:11434/api/chat "HTTP/1.1 200 OK"
10:27:08     ✅ OK
10:27:25  HTTP Request: POST http://localhost:11434/api/chat "HTTP/1.1 200 OK"
10:27:25     ✅ OK
10:27:42  HTTP Request: POST http://localhost:11434/api/chat "HTTP/1.1 200 OK"
10:27:42     ✅ OK
10:28:00  HTTP Request: POST http://localhost:11434/api/chat "HTTP/1.1 200 OK"
10:28:00     ✅ OK
10:28:17  HTTP Request: POST http://localhost:11434/api/chat "HTTP/1.1 200 OK"
10:28:17     ✅ OK
10:28:34  HTTP Request: POST http://localhost:11434/api/chat "HTTP/1.1 200 OK"
10:28:34     ✅ OK
10:28:51  HTTP Request: POST http://localhost:11434/api/chat "HTTP/1.1 200 OK"
10:28:51     ✅ OK
10:29:01  ❌ Kamera-Fehler: Konnte kein Frame von der Kamera lesen!
10:29:02  🔄 Kamera-Stream wird neu verbunden.
10:29:02  📷 Kamera-Stream geschlossen.
10:29:02  📷 Öffne Kamera-Stream: http://10.0.0.63:3031/video
10:29:02  ✅ Kamera-Stream geöffnet.
10:29:02  ✅ Kamera-Reconnect erfolgreich (Versuch 1/3).
10:29:09  HTTP Request: POST http://localhost:11434/api/chat "HTTP/1.1 200 OK"
10:29:09     ✅ OK
10:29:26  HTTP Request: POST http://localhost:11434/api/chat "HTTP/1.1 200 OK"
10:29:26     ✅ OK
10:29:43  HTTP Request: POST http://localhost:11434/api/chat "HTTP/1.1 200 OK"
10:29:43     ✅ OK
10:30:00  HTTP Request: POST http://localhost:11434/api/chat "HTTP/1.1 200 OK"
10:30:00     ✅ OK
10:30:17  HTTP Request: POST http://localhost:11434/api/chat "HTTP/1.1 200 OK"
10:30:17     ✅ OK
10:30:27  ❌ Kamera-Fehler: Konnte kein Frame von der Kamera lesen!
10:30:28  🔄 Kamera-Stream wird neu verbunden.
10:30:28  📷 Kamera-Stream geschlossen.
10:30:28  📷 Öffne Kamera-Stream: http://10.0.0.63:3031/video
10:30:28  ✅ Kamera-Stream geöffnet.
10:30:29  ✅ Kamera-Reconnect erfolgreich (Versuch 1/3).
10:30:36  HTTP Request: POST http://localhost:11434/api/chat "HTTP/1.1 200 OK"
10:30:36     ✅ OK
10:30:53  HTTP Request: POST http://localhost:11434/api/chat "HTTP/1.1 200 OK"
10:30:53     ✅ OK
10:31:10  HTTP Request: POST http://localhost:11434/api/chat "HTTP/1.1 200 OK"
10:31:10     ✅ OK
10:31:27  HTTP Request: POST http://localhost:11434/api/chat "HTTP/1.1 200 OK"
10:31:27     ✅ OK
10:31:44  HTTP Request: POST http://localhost:11434/api/chat "HTTP/1.1 200 OK"
10:31:44     ✅ OK
10:31:54  ❌ Kamera-Fehler: Konnte kein Frame von der Kamera lesen!
10:31:55  🔄 Kamera-Stream wird neu verbunden.
10:31:55  📷 Kamera-Stream geschlossen.
10:31:55  📷 Öffne Kamera-Stream: http://10.0.0.63:3031/video
10:31:55  ✅ Kamera-Stream geöffnet.
10:31:55  ✅ Kamera-Reconnect erfolgreich (Versuch 1/3).
10:32:03  HTTP Request: POST http://localhost:11434/api/chat "HTTP/1.1 200 OK"
10:32:03     ✅ OK
10:32:20  HTTP Request: POST http://localhost:11434/api/chat "HTTP/1.1 200 OK"
10:32:20     ✅ OK
10:32:37  HTTP Request: POST http://localhost:11434/api/chat "HTTP/1.1 200 OK"
10:32:37     ✅ OK
10:32:54  HTTP Request: POST http://localhost:11434/api/chat "HTTP/1.1 200 OK"
10:32:54     ✅ OK
10:33:11  HTTP Request: POST http://localhost:11434/api/chat "HTTP/1.1 200 OK"
10:33:11     ✅ OK
10:33:21  ❌ Kamera-Fehler: Konnte kein Frame von der Kamera lesen!
10:33:22  🔄 Kamera-Stream wird neu verbunden.
10:33:22  📷 Kamera-Stream geschlossen.
10:33:22  📷 Öffne Kamera-Stream: http://10.0.0.63:3031/video
10:33:22  ✅ Kamera-Stream geöffnet.
10:33:22  ✅ Kamera-Reconnect erfolgreich (Versuch 1/3).
10:33:29  HTTP Request: POST http://localhost:11434/api/chat "HTTP/1.1 200 OK"
10:33:29     ✅ OK
10:33:46  HTTP Request: POST http://localhost:11434/api/chat "HTTP/1.1 200 OK"
10:33:46     ✅ OK
10:34:04  HTTP Request: POST http://localhost:11434/api/chat "HTTP/1.1 200 OK"
10:34:04     ✅ OK
10:34:21  HTTP Request: POST http://localhost:11434/api/chat "HTTP/1.1 200 OK"
10:34:21     ✅ OK
10:34:38  HTTP Request: POST http://localhost:11434/api/chat "HTTP/1.1 200 OK"
10:34:38     ✅ OK
10:34:55  HTTP Request: POST http://localhost:11434/api/chat "HTTP/1.1 200 OK"
10:34:55     ✅ OK
10:35:05  ❌ Kamera-Fehler: Konnte kein Frame von der Kamera lesen!
10:35:06  🔄 Kamera-Stream wird neu verbunden.
10:35:06  📷 Kamera-Stream geschlossen.
10:35:06  📷 Öffne Kamera-Stream: http://10.0.0.63:3031/video
10:35:06  ✅ Kamera-Stream geöffnet.
10:35:06  ✅ Kamera-Reconnect erfolgreich (Versuch 1/3).
10:35:13  HTTP Request: POST http://localhost:11434/api/chat "HTTP/1.1 200 OK"
10:35:13     ✅ OK
10:35:31  HTTP Request: POST http://localhost:11434/api/chat "HTTP/1.1 200 OK"
10:35:31     ✅ OK
10:35:48  HTTP Request: POST http://localhost:11434/api/chat "HTTP/1.1 200 OK"
10:35:48     ✅ OK
10:36:05  HTTP Request: POST http://localhost:11434/api/chat "HTTP/1.1 200 OK"
10:36:05     ✅ OK
10:36:22  HTTP Request: POST http://localhost:11434/api/chat "HTTP/1.1 200 OK"
10:36:22     ✅ OK
10:36:32  ❌ Kamera-Fehler: Konnte kein Frame von der Kamera lesen!
10:36:33  🔄 Kamera-Stream wird neu verbunden.
10:36:33  📷 Kamera-Stream geschlossen.
10:36:33  📷 Öffne Kamera-Stream: http://10.0.0.63:3031/video
10:36:33  ✅ Kamera-Stream geöffnet.
10:36:33  ✅ Kamera-Reconnect erfolgreich (Versuch 1/3).
10:36:40  HTTP Request: POST http://localhost:11434/api/chat "HTTP/1.1 200 OK"
10:36:40     ✅ OK
10:36:58  HTTP Request: POST http://localhost:11434/api/chat "HTTP/1.1 200 OK"
10:36:58     ✅ OK
10:37:15  HTTP Request: POST http://localhost:11434/api/chat "HTTP/1.1 200 OK"
10:37:15     ✅ OK
10:37:32  HTTP Request: POST http://localhost:11434/api/chat "HTTP/1.1 200 OK"
10:37:32     ✅ OK
10:37:42  ❌ Kamera-Fehler: Konnte kein Frame von der Kamera lesen!
10:37:43  🔄 Kamera-Stream wird neu verbunden.
10:37:43  📷 Kamera-Stream geschlossen.
10:37:43  📷 Öffne Kamera-Stream: http://10.0.0.63:3031/video
10:37:43  ✅ Kamera-Stream geöffnet.
10:37:43  ✅ Kamera-Reconnect erfolgreich (Versuch 1/3).
10:37:50  HTTP Request: POST http://localhost:11434/api/chat "HTTP/1.1 200 OK"
10:37:50     ✅ OK
10:38:07  HTTP Request: POST http://localhost:11434/api/chat "HTTP/1.1 200 OK"
10:38:07     ✅ OK
10:38:24  HTTP Request: POST http://localhost:11434/api/chat "HTTP/1.1 200 OK"
10:38:24     ✅ OK
10:38:41  HTTP Request: POST http://localhost:11434/api/chat "HTTP/1.1 200 OK"
10:38:41     ✅ OK
10:38:59  HTTP Request: POST http://localhost:11434/api/chat "HTTP/1.1 200 OK"
10:38:59     ✅ OK
10:39:09  ❌ Kamera-Fehler: Konnte kein Frame von der Kamera lesen!
10:39:10  🔄 Kamera-Stream wird neu verbunden.
10:39:10  📷 Kamera-Stream geschlossen.
10:39:10  📷 Öffne Kamera-Stream: http://10.0.0.63:3031/video
10:39:10  ✅ Kamera-Stream geöffnet.
10:39:10  ✅ Kamera-Reconnect erfolgreich (Versuch 1/3).
10:39:17  HTTP Request: POST http://localhost:11434/api/chat "HTTP/1.1 200 OK"
10:39:17     ✅ OK
10:39:34  HTTP Request: POST http://localhost:11434/api/chat "HTTP/1.1 200 OK"
10:39:34     ✅ OK
10:39:51  HTTP Request: POST http://localhost:11434/api/chat "HTTP/1.1 200 OK"
10:39:51     ✅ OK
10:40:08  HTTP Request: POST http://localhost:11434/api/chat "HTTP/1.1 200 OK"
10:40:08     ✅ OK
10:40:25  HTTP Request: POST http://localhost:11434/api/chat "HTTP/1.1 200 OK"
10:40:25     ✅ OK
10:40:35  ❌ Kamera-Fehler: Konnte kein Frame von der Kamera lesen!
10:40:36  🔄 Kamera-Stream wird neu verbunden.
10:40:36  📷 Kamera-Stream geschlossen.
10:40:36  📷 Öffne Kamera-Stream: http://10.0.0.63:3031/video
10:40:36  ✅ Kamera-Stream geöffnet.
10:40:37  ✅ Kamera-Reconnect erfolgreich (Versuch 1/3).
10:40:44  HTTP Request: POST http://localhost:11434/api/chat "HTTP/1.1 200 OK"
10:40:44     ✅ OK
10:41:01  HTTP Request: POST http://localhost:11434/api/chat "HTTP/1.1 200 OK"
10:41:01     ✅ OK
10:41:18  HTTP Request: POST http://localhost:11434/api/chat "HTTP/1.1 200 OK"
10:41:18     ✅ OK
10:41:35  HTTP Request: POST http://localhost:11434/api/chat "HTTP/1.1 200 OK"
10:41:35     ✅ OK
10:41:45  ❌ Kamera-Fehler: Konnte kein Frame von der Kamera lesen!
10:41:46  🔄 Kamera-Stream wird neu verbunden.
10:41:46  📷 Kamera-Stream geschlossen.
10:41:46  📷 Öffne Kamera-Stream: http://10.0.0.63:3031/video
10:41:46  ✅ Kamera-Stream geöffnet.
10:41:46  ✅ Kamera-Reconnect erfolgreich (Versuch 1/3).
10:41:53  HTTP Request: POST http://localhost:11434/api/chat "HTTP/1.1 200 OK"
10:41:53     ✅ OK
10:42:11  HTTP Request: POST http://localhost:11434/api/chat "HTTP/1.1 200 OK"
10:42:11     ✅ OK
10:42:28  HTTP Request: POST http://localhost:11434/api/chat "HTTP/1.1 200 OK"
10:42:28     ✅ OK
10:42:45  HTTP Request: POST http://localhost:11434/api/chat "HTTP/1.1 200 OK"
10:42:45     ✅ OK
10:43:02  HTTP Request: POST http://localhost:11434/api/chat "HTTP/1.1 200 OK"
10:43:02     ✅ OK
10:43:12  ❌ Kamera-Fehler: Konnte kein Frame von der Kamera lesen!
10:43:13  🔄 Kamera-Stream wird neu verbunden.
10:43:13  📷 Kamera-Stream geschlossen.
10:43:13  📷 Öffne Kamera-Stream: http://10.0.0.63:3031/video
10:43:13  ✅ Kamera-Stream geöffnet.
10:43:13  ✅ Kamera-Reconnect erfolgreich (Versuch 1/3).
10:43:20  HTTP Request: POST http://localhost:11434/api/chat "HTTP/1.1 200 OK"
10:43:20     ✅ OK
10:43:37  HTTP Request: POST http://localhost:11434/api/chat "HTTP/1.1 200 OK"
10:43:37     ✅ OK
10:43:55  HTTP Request: POST http://localhost:11434/api/chat "HTTP/1.1 200 OK"
10:43:55     ✅ OK
10:44:12  HTTP Request: POST http://localhost:11434/api/chat "HTTP/1.1 200 OK"
10:44:12     ✅ OK
10:44:29  HTTP Request: POST http://localhost:11434/api/chat "HTTP/1.1 200 OK"
10:44:29     ✅ OK
10:44:46  HTTP Request: POST http://localhost:11434/api/chat "HTTP/1.1 200 OK"
10:44:46     ✅ OK
10:44:56  ❌ Kamera-Fehler: Konnte kein Frame von der Kamera lesen!
10:44:57  🔄 Kamera-Stream wird neu verbunden.
10:44:57  📷 Kamera-Stream geschlossen.
10:44:57  📷 Öffne Kamera-Stream: http://10.0.0.63:3031/video
10:44:57  ✅ Kamera-Stream geöffnet.
10:44:57  ✅ Kamera-Reconnect erfolgreich (Versuch 1/3).
10:45:04  HTTP Request: POST http://localhost:11434/api/chat "HTTP/1.1 200 OK"
10:45:04     ✅ OK
10:45:21  HTTP Request: POST http://localhost:11434/api/chat "HTTP/1.1 200 OK"
10:45:21     ✅ OK
10:45:38  HTTP Request: POST http://localhost:11434/api/chat "HTTP/1.1 200 OK"
10:45:38     ✅ OK
10:45:48  ❌ Kamera-Fehler: Konnte kein Frame von der Kamera lesen!
10:45:49  🔄 Kamera-Stream wird neu verbunden.
10:45:49  📷 Kamera-Stream geschlossen.
10:45:49  📷 Öffne Kamera-Stream: http://10.0.0.63:3031/video
10:45:49  ✅ Kamera-Stream geöffnet.
10:45:50  ✅ Kamera-Reconnect erfolgreich (Versuch 1/3).
10:45:57  HTTP Request: POST http://localhost:11434/api/chat "HTTP/1.1 200 OK"
10:45:57     ✅ OK
10:46:14  HTTP Request: POST http://localhost:11434/api/chat "HTTP/1.1 200 OK"
10:46:14     ✅ OK
10:46:31  HTTP Request: POST http://localhost:11434/api/chat "HTTP/1.1 200 OK"
10:46:31     ✅ OK
10:46:48  HTTP Request: POST http://localhost:11434/api/chat "HTTP/1.1 200 OK"
10:46:48     ✅ OK
10:47:05  HTTP Request: POST http://localhost:11434/api/chat "HTTP/1.1 200 OK"
10:47:05     ✅ OK
10:47:15  ❌ Kamera-Fehler: Konnte kein Frame von der Kamera lesen!
10:47:16  🔄 Kamera-Stream wird neu verbunden.
10:47:16  📷 Kamera-Stream geschlossen.
10:47:16  📷 Öffne Kamera-Stream: http://10.0.0.63:3031/video
10:47:16  ✅ Kamera-Stream geöffnet.
10:47:16  ✅ Kamera-Reconnect erfolgreich (Versuch 1/3).
10:47:24  HTTP Request: POST http://localhost:11434/api/chat "HTTP/1.1 200 OK"
10:47:24     ✅ OK
10:47:41  HTTP Request: POST http://localhost:11434/api/chat "HTTP/1.1 200 OK"
10:47:41     ✅ OK
10:47:58  HTTP Request: POST http://localhost:11434/api/chat "HTTP/1.1 200 OK"
10:47:58     ✅ OK
10:48:15  HTTP Request: POST http://localhost:11434/api/chat "HTTP/1.1 200 OK"
10:48:15     ✅ OK
10:48:32  HTTP Request: POST http://localhost:11434/api/chat "HTTP/1.1 200 OK"
10:48:32     ✅ OK
10:48:49  HTTP Request: POST http://localhost:11434/api/chat "HTTP/1.1 200 OK"
10:48:49     ✅ OK
10:49:06  HTTP Request: POST http://localhost:11434/api/chat "HTTP/1.1 200 OK"
10:49:06     ✅ OK
10:49:16  ❌ Kamera-Fehler: Konnte kein Frame von der Kamera lesen!
10:49:17  🔄 Kamera-Stream wird neu verbunden.
10:49:17  📷 Kamera-Stream geschlossen.
10:49:17  📷 Öffne Kamera-Stream: http://10.0.0.63:3031/video
10:49:17  ✅ Kamera-Stream geöffnet.
10:49:17  ✅ Kamera-Reconnect erfolgreich (Versuch 1/3).
10:49:24  HTTP Request: POST http://localhost:11434/api/chat "HTTP/1.1 200 OK"
10:49:24     ✅ OK
10:49:41  HTTP Request: POST http://localhost:11434/api/chat "HTTP/1.1 200 OK"
10:49:41     ✅ OK
10:49:58  HTTP Request: POST http://localhost:11434/api/chat "HTTP/1.1 200 OK"
10:49:58     ✅ OK
10:50:15  HTTP Request: POST http://localhost:11434/api/chat "HTTP/1.1 200 OK"
10:50:15     ✅ OK
10:50:32  HTTP Request: POST http://localhost:11434/api/chat "HTTP/1.1 200 OK"
10:50:32     ✅ OK
10:50:49  HTTP Request: POST http://localhost:11434/api/chat "HTTP/1.1 200 OK"
10:50:49     ✅ OK
10:51:06  HTTP Request: POST http://localhost:11434/api/chat "HTTP/1.1 200 OK"
10:51:06     ✅ OK
10:51:16  ❌ Kamera-Fehler: Konnte kein Frame von der Kamera lesen!
10:51:17  🔄 Kamera-Stream wird neu verbunden.
10:51:17  📷 Kamera-Stream geschlossen.
10:51:17  📷 Öffne Kamera-Stream: http://10.0.0.63:3031/video
10:51:18  ✅ Kamera-Stream geöffnet.
10:51:18  ✅ Kamera-Reconnect erfolgreich (Versuch 1/3).
10:51:25  HTTP Request: POST http://localhost:11434/api/chat "HTTP/1.1 200 OK"
10:51:25     ✅ OK
10:51:42  HTTP Request: POST http://localhost:11434/api/chat "HTTP/1.1 200 OK"
10:51:42     ✅ OK
10:52:02  HTTP Request: POST http://localhost:11434/api/chat "HTTP/1.1 200 OK"
10:52:02     ✅ OK
10:52:20  HTTP Request: POST http://localhost:11434/api/chat "HTTP/1.1 200 OK"
10:52:20     ✅ OK
10:52:41  HTTP Request: POST http://localhost:11434/api/chat "HTTP/1.1 200 OK"
10:52:41     ✅ OK
10:52:58  HTTP Request: POST http://localhost:11434/api/chat "HTTP/1.1 200 OK"
10:52:58     ✅ OK
10:53:15  HTTP Request: POST http://localhost:11434/api/chat "HTTP/1.1 200 OK"
10:53:15     ✅ OK
10:53:25  ❌ Kamera-Fehler: Konnte kein Frame von der Kamera lesen!
10:53:26  🔄 Kamera-Stream wird neu verbunden.
10:53:26  📷 Kamera-Stream geschlossen.
10:53:26  📷 Öffne Kamera-Stream: http://10.0.0.63:3031/video
10:53:26  ✅ Kamera-Stream geöffnet.
10:53:27  ✅ Kamera-Reconnect erfolgreich (Versuch 1/3).
10:53:34  HTTP Request: POST http://localhost:11434/api/chat "HTTP/1.1 200 OK"
10:53:34     ✅ OK
10:53:50  HTTP Request: POST http://localhost:11434/api/chat "HTTP/1.1 200 OK"
10:53:50     ✅ OK
10:54:07  HTTP Request: POST http://localhost:11434/api/chat "HTTP/1.1 200 OK"
10:54:07     ✅ OK
10:54:24  HTTP Request: POST http://localhost:11434/api/chat "HTTP/1.1 200 OK"
10:54:24     ✅ OK
10:54:41  HTTP Request: POST http://localhost:11434/api/chat "HTTP/1.1 200 OK"
10:54:41     ✅ OK
10:54:58  HTTP Request: POST http://localhost:11434/api/chat "HTTP/1.1 200 OK"
10:54:58     ✅ OK
10:55:15  HTTP Request: POST http://localhost:11434/api/chat "HTTP/1.1 200 OK"
10:55:15     ✅ OK
10:55:25  ❌ Kamera-Fehler: Konnte kein Frame von der Kamera lesen!
10:55:26  🔄 Kamera-Stream wird neu verbunden.
10:55:26  📷 Kamera-Stream geschlossen.
10:55:26  📷 Öffne Kamera-Stream: http://10.0.0.63:3031/video
10:55:26  ✅ Kamera-Stream geöffnet.
10:55:26  ✅ Kamera-Reconnect erfolgreich (Versuch 1/3).
10:55:33  HTTP Request: POST http://localhost:11434/api/chat "HTTP/1.1 200 OK"
10:55:33     ✅ OK
10:55:50  HTTP Request: POST http://localhost:11434/api/chat "HTTP/1.1 200 OK"
10:55:50     ✅ OK
10:56:07  HTTP Request: POST http://localhost:11434/api/chat "HTTP/1.1 200 OK"
10:56:07     ✅ OK
10:56:24  HTTP Request: POST http://localhost:11434/api/chat "HTTP/1.1 200 OK"
10:56:24     ✅ OK
10:56:41  HTTP Request: POST http://localhost:11434/api/chat "HTTP/1.1 200 OK"
10:56:41     ✅ OK
10:56:58  HTTP Request: POST http://localhost:11434/api/chat "HTTP/1.1 200 OK"
10:56:58     ✅ OK
10:57:15  HTTP Request: POST http://localhost:11434/api/chat "HTTP/1.1 200 OK"
10:57:15     ✅ OK
10:57:25  ❌ Kamera-Fehler: Konnte kein Frame von der Kamera lesen!
10:57:26  🔄 Kamera-Stream wird neu verbunden.
10:57:26  📷 Kamera-Stream geschlossen.
10:57:26  📷 Öffne Kamera-Stream: http://10.0.0.63:3031/video
10:57:27  ✅ Kamera-Stream geöffnet.
10:57:27  ✅ Kamera-Reconnect erfolgreich (Versuch 1/3).
10:57:34  HTTP Request: POST http://localhost:11434/api/chat "HTTP/1.1 200 OK"
10:57:34     ✅ OK
10:57:51  HTTP Request: POST http://localhost:11434/api/chat "HTTP/1.1 200 OK"
10:57:51     ✅ OK
10:58:08  HTTP Request: POST http://localhost:11434/api/chat "HTTP/1.1 200 OK"
10:58:08     ✅ OK
10:58:18  ❌ Kamera-Fehler: Konnte kein Frame von der Kamera lesen!
10:58:19  🔄 Kamera-Stream wird neu verbunden.
10:58:19  📷 Kamera-Stream geschlossen.
10:58:19  📷 Öffne Kamera-Stream: http://10.0.0.63:3031/video
10:58:19  ✅ Kamera-Stream geöffnet.
10:58:19  ✅ Kamera-Reconnect erfolgreich (Versuch 1/3).
10:58:26  HTTP Request: POST http://localhost:11434/api/chat "HTTP/1.1 200 OK"
10:58:26     ✅ OK
10:58:43  HTTP Request: POST http://localhost:11434/api/chat "HTTP/1.1 200 OK"
10:58:43     ✅ OK
10:59:00  HTTP Request: POST http://localhost:11434/api/chat "HTTP/1.1 200 OK"
10:59:00     ✅ OK
10:59:18  HTTP Request: POST http://localhost:11434/api/chat "HTTP/1.1 200 OK"
10:59:18     ✅ OK
10:59:35  HTTP Request: POST http://localhost:11434/api/chat "HTTP/1.1 200 OK"
10:59:35     ✅ OK
10:59:52  HTTP Request: POST http://localhost:11434/api/chat "HTTP/1.1 200 OK"
10:59:52     ✅ OK
11:00:09  HTTP Request: POST http://localhost:11434/api/chat "HTTP/1.1 200 OK"
11:00:09     ✅ OK
11:00:19  ❌ Kamera-Fehler: Konnte kein Frame von der Kamera lesen!
11:00:20  🔄 Kamera-Stream wird neu verbunden.
11:00:20  📷 Kamera-Stream geschlossen.
11:00:20  📷 Öffne Kamera-Stream: http://10.0.0.63:3031/video
11:00:20  ✅ Kamera-Stream geöffnet.
11:00:20  ✅ Kamera-Reconnect erfolgreich (Versuch 1/3).
11:00:27  HTTP Request: POST http://localhost:11434/api/chat "HTTP/1.1 200 OK"
11:00:27     ✅ OK
11:00:44  HTTP Request: POST http://localhost:11434/api/chat "HTTP/1.1 200 OK"
11:00:44     ✅ OK
11:01:02  HTTP Request: POST http://localhost:11434/api/chat "HTTP/1.1 200 OK"
11:01:02     ✅ OK
11:01:19  HTTP Request: POST http://localhost:11434/api/chat "HTTP/1.1 200 OK"
11:01:19     ✅ OK
11:01:36  HTTP Request: POST http://localhost:11434/api/chat "HTTP/1.1 200 OK"
11:01:36     ✅ OK
11:01:53  HTTP Request: POST http://localhost:11434/api/chat "HTTP/1.1 200 OK"
11:01:53     ✅ OK
11:02:03  ❌ Kamera-Fehler: Konnte kein Frame von der Kamera lesen!
11:02:04  🔄 Kamera-Stream wird neu verbunden.
11:02:04  📷 Kamera-Stream geschlossen.
11:02:04  📷 Öffne Kamera-Stream: http://10.0.0.63:3031/video
11:02:04  ✅ Kamera-Stream geöffnet.
11:02:04  ✅ Kamera-Reconnect erfolgreich (Versuch 1/3).
11:02:11  HTTP Request: POST http://localhost:11434/api/chat "HTTP/1.1 200 OK"
11:02:11     ✅ OK
11:02:28  HTTP Request: POST http://localhost:11434/api/chat "HTTP/1.1 200 OK"
11:02:28     ✅ OK
11:02:45  HTTP Request: POST http://localhost:11434/api/chat "HTTP/1.1 200 OK"
11:02:45     ✅ OK
11:03:02  HTTP Request: POST http://localhost:11434/api/chat "HTTP/1.1 200 OK"
11:03:02     ✅ OK
11:03:20  HTTP Request: POST http://localhost:11434/api/chat "HTTP/1.1 200 OK"
11:03:20     ✅ OK
11:03:30  ❌ Kamera-Fehler: Konnte kein Frame von der Kamera lesen!
11:03:31  🔄 Kamera-Stream wird neu verbunden.
11:03:31  📷 Kamera-Stream geschlossen.
11:03:31  📷 Öffne Kamera-Stream: http://10.0.0.63:3031/video
11:03:31  ✅ Kamera-Stream geöffnet.
11:03:31  ✅ Kamera-Reconnect erfolgreich (Versuch 1/3).
11:03:38  HTTP Request: POST http://localhost:11434/api/chat "HTTP/1.1 200 OK"
11:03:38     ✅ OK
11:03:55  HTTP Request: POST http://localhost:11434/api/chat "HTTP/1.1 200 OK"
11:03:55     ✅ OK
11:04:12  HTTP Request: POST http://localhost:11434/api/chat "HTTP/1.1 200 OK"
11:04:12     ✅ OK
11:04:29  HTTP Request: POST http://localhost:11434/api/chat "HTTP/1.1 200 OK"
11:04:29     ✅ OK
11:04:46  HTTP Request: POST http://localhost:11434/api/chat "HTTP/1.1 200 OK"
11:04:46     ✅ OK
11:05:04  HTTP Request: POST http://localhost:11434/api/chat "HTTP/1.1 200 OK"
11:05:04     ✅ OK
11:05:21  HTTP Request: POST http://localhost:11434/api/chat "HTTP/1.1 200 OK"
11:05:21     ✅ OK
11:05:38  HTTP Request: POST http://localhost:11434/api/chat "HTTP/1.1 200 OK"
11:05:38     ✅ OK
11:05:48  ❌ Kamera-Fehler: Konnte kein Frame von der Kamera lesen!
11:05:49  🔄 Kamera-Stream wird neu verbunden.
11:05:49  📷 Kamera-Stream geschlossen.
11:05:49  📷 Öffne Kamera-Stream: http://10.0.0.63:3031/video
11:05:49  ✅ Kamera-Stream geöffnet.
11:05:49  ✅ Kamera-Reconnect erfolgreich (Versuch 1/3).
11:05:56  HTTP Request: POST http://localhost:11434/api/chat "HTTP/1.1 200 OK"
11:05:56     ✅ OK
11:06:13  HTTP Request: POST http://localhost:11434/api/chat "HTTP/1.1 200 OK"
11:06:13     ✅ OK
11:06:30  HTTP Request: POST http://localhost:11434/api/chat "HTTP/1.1 200 OK"
11:06:30     ✅ OK
11:06:47  HTTP Request: POST http://localhost:11434/api/chat "HTTP/1.1 200 OK"
11:06:47     ✅ OK
11:07:05  HTTP Request: POST http://localhost:11434/api/chat "HTTP/1.1 200 OK"
11:07:05     ✅ OK
11:07:15  ❌ Kamera-Fehler: Konnte kein Frame von der Kamera lesen!
11:07:16  🔄 Kamera-Stream wird neu verbunden.
11:07:16  📷 Kamera-Stream geschlossen.
11:07:16  📷 Öffne Kamera-Stream: http://10.0.0.63:3031/video
11:07:16  ✅ Kamera-Stream geöffnet.
11:07:16  ✅ Kamera-Reconnect erfolgreich (Versuch 1/3).
11:07:23  HTTP Request: POST http://localhost:11434/api/chat "HTTP/1.1 200 OK"
11:07:23     ✅ OK
11:07:40  HTTP Request: POST http://localhost:11434/api/chat "HTTP/1.1 200 OK"
11:07:40     ✅ OK
11:07:57  HTTP Request: POST http://localhost:11434/api/chat "HTTP/1.1 200 OK"
11:07:57     ✅ OK
11:08:14  HTTP Request: POST http://localhost:11434/api/chat "HTTP/1.1 200 OK"
11:08:14     ✅ OK
11:08:31  HTTP Request: POST http://localhost:11434/api/chat "HTTP/1.1 200 OK"
11:08:31     ✅ OK
11:08:49  HTTP Request: POST http://localhost:11434/api/chat "HTTP/1.1 200 OK"
11:08:49     ✅ OK
11:08:59  ❌ Kamera-Fehler: Konnte kein Frame von der Kamera lesen!
11:09:00  🔄 Kamera-Stream wird neu verbunden.
11:09:00  📷 Kamera-Stream geschlossen.
11:09:00  📷 Öffne Kamera-Stream: http://10.0.0.63:3031/video
11:09:00  ✅ Kamera-Stream geöffnet.
11:09:00  ✅ Kamera-Reconnect erfolgreich (Versuch 1/3).
11:09:07  HTTP Request: POST http://localhost:11434/api/chat "HTTP/1.1 200 OK"
11:09:07     ✅ OK
11:09:24  HTTP Request: POST http://localhost:11434/api/chat "HTTP/1.1 200 OK"
11:09:24     ✅ OK
11:09:41  HTTP Request: POST http://localhost:11434/api/chat "HTTP/1.1 200 OK"
11:09:41     ✅ OK
11:09:58  HTTP Request: POST http://localhost:11434/api/chat "HTTP/1.1 200 OK"
11:09:58     ✅ OK
11:10:16  HTTP Request: POST http://localhost:11434/api/chat "HTTP/1.1 200 OK"
11:10:16     ✅ OK
11:10:26  ❌ Kamera-Fehler: Konnte kein Frame von der Kamera lesen!
11:10:27  🔄 Kamera-Stream wird neu verbunden.
11:10:27  📷 Kamera-Stream geschlossen.
11:10:27  📷 Öffne Kamera-Stream: http://10.0.0.63:3031/video
11:10:27  ✅ Kamera-Stream geöffnet.
11:10:27  ✅ Kamera-Reconnect erfolgreich (Versuch 1/3).
11:10:34  HTTP Request: POST http://localhost:11434/api/chat "HTTP/1.1 200 OK"
11:10:34     ✅ OK
11:10:51  HTTP Request: POST http://localhost:11434/api/chat "HTTP/1.1 200 OK"
11:10:51     ✅ OK
11:11:08  HTTP Request: POST http://localhost:11434/api/chat "HTTP/1.1 200 OK"
11:11:08     ✅ OK
11:11:25  HTTP Request: POST http://localhost:11434/api/chat "HTTP/1.1 200 OK"
11:11:25     ✅ OK
11:11:35  ❌ Kamera-Fehler: Konnte kein Frame von der Kamera lesen!
11:11:36  🔄 Kamera-Stream wird neu verbunden.
11:11:36  📷 Kamera-Stream geschlossen.
11:11:36  📷 Öffne Kamera-Stream: http://10.0.0.63:3031/video
11:11:36  ✅ Kamera-Stream geöffnet.
11:11:37  ✅ Kamera-Reconnect erfolgreich (Versuch 1/3).
11:11:44  HTTP Request: POST http://localhost:11434/api/chat "HTTP/1.1 200 OK"
11:11:44     ✅ OK
11:12:01  HTTP Request: POST http://localhost:11434/api/chat "HTTP/1.1 200 OK"
11:12:01     ✅ OK
11:12:18  HTTP Request: POST http://localhost:11434/api/chat "HTTP/1.1 200 OK"
11:12:18     ✅ OK
11:12:35  HTTP Request: POST http://localhost:11434/api/chat "HTTP/1.1 200 OK"
11:12:35     ✅ OK
11:12:52  HTTP Request: POST http://localhost:11434/api/chat "HTTP/1.1 200 OK"
11:12:52     ✅ OK
11:13:09  HTTP Request: POST http://localhost:11434/api/chat "HTTP/1.1 200 OK"
11:13:09     ✅ OK
11:13:26  HTTP Request: POST http://localhost:11434/api/chat "HTTP/1.1 200 OK"
11:13:26     ✅ OK
11:13:36  ❌ Kamera-Fehler: Konnte kein Frame von der Kamera lesen!
11:13:37  🔄 Kamera-Stream wird neu verbunden.
11:13:37  📷 Kamera-Stream geschlossen.
11:13:37  📷 Öffne Kamera-Stream: http://10.0.0.63:3031/video
11:13:37  ✅ Kamera-Stream geöffnet.
11:13:38  ✅ Kamera-Reconnect erfolgreich (Versuch 1/3).
11:13:45  HTTP Request: POST http://localhost:11434/api/chat "HTTP/1.1 200 OK"
11:13:45     ✅ OK
11:14:02  HTTP Request: POST http://localhost:11434/api/chat "HTTP/1.1 200 OK"
11:14:02     ✅ OK
11:14:19  HTTP Request: POST http://localhost:11434/api/chat "HTTP/1.1 200 OK"
11:14:19     ✅ OK
11:14:36  HTTP Request: POST http://localhost:11434/api/chat "HTTP/1.1 200 OK"
11:14:36     ✅ OK
11:14:53  HTTP Request: POST http://localhost:11434/api/chat "HTTP/1.1 200 OK"
11:14:53     ✅ OK
11:15:10  HTTP Request: POST http://localhost:11434/api/chat "HTTP/1.1 200 OK"
11:15:10     ✅ OK
11:15:27  HTTP Request: POST http://localhost:11434/api/chat "HTTP/1.1 200 OK"
11:15:27     ✅ OK
11:15:37  ❌ Kamera-Fehler: Konnte kein Frame von der Kamera lesen!
11:15:38  🔄 Kamera-Stream wird neu verbunden.
11:15:38  📷 Kamera-Stream geschlossen.
11:15:38  📷 Öffne Kamera-Stream: http://10.0.0.63:3031/video
11:15:38  ✅ Kamera-Stream geöffnet.
11:15:38  ✅ Kamera-Reconnect erfolgreich (Versuch 1/3).
11:15:46  HTTP Request: POST http://localhost:11434/api/chat "HTTP/1.1 200 OK"
11:15:46     ✅ OK
11:16:03  HTTP Request: POST http://localhost:11434/api/chat "HTTP/1.1 200 OK"
11:16:03     ✅ OK
11:16:20  HTTP Request: POST http://localhost:11434/api/chat "HTTP/1.1 200 OK"
11:16:20     ✅ OK
11:16:37  HTTP Request: POST http://localhost:11434/api/chat "HTTP/1.1 200 OK"
11:16:37     ✅ OK
11:16:54  HTTP Request: POST http://localhost:11434/api/chat "HTTP/1.1 200 OK"
11:16:54     ✅ OK
11:17:11  HTTP Request: POST http://localhost:11434/api/chat "HTTP/1.1 200 OK"
11:17:11     ✅ OK
11:17:28  HTTP Request: POST http://localhost:11434/api/chat "HTTP/1.1 200 OK"
11:17:28     ✅ OK
11:17:38  ❌ Kamera-Fehler: Konnte kein Frame von der Kamera lesen!
11:17:39  🔄 Kamera-Stream wird neu verbunden.
11:17:39  📷 Kamera-Stream geschlossen.
11:17:39  📷 Öffne Kamera-Stream: http://10.0.0.63:3031/video
11:17:39  ✅ Kamera-Stream geöffnet.
11:17:40  ✅ Kamera-Reconnect erfolgreich (Versuch 1/3).
11:17:47  HTTP Request: POST http://localhost:11434/api/chat "HTTP/1.1 200 OK"
11:17:47     ✅ OK
11:18:04  HTTP Request: POST http://localhost:11434/api/chat "HTTP/1.1 200 OK"
11:18:04     ✅ OK
11:18:21  HTTP Request: POST http://localhost:11434/api/chat "HTTP/1.1 200 OK"
11:18:21     ✅ OK
11:18:38  HTTP Request: POST http://localhost:11434/api/chat "HTTP/1.1 200 OK"
11:18:38     ✅ OK
11:18:55  HTTP Request: POST http://localhost:11434/api/chat "HTTP/1.1 200 OK"
11:18:55     ✅ OK
11:19:12  HTTP Request: POST http://localhost:11434/api/chat "HTTP/1.1 200 OK"
11:19:12     ✅ OK
11:19:29  HTTP Request: POST http://localhost:11434/api/chat "HTTP/1.1 200 OK"
11:19:29     ✅ OK
11:19:39  ❌ Kamera-Fehler: Konnte kein Frame von der Kamera lesen!
11:19:40  🔄 Kamera-Stream wird neu verbunden.
11:19:40  📷 Kamera-Stream geschlossen.
11:19:40  📷 Öffne Kamera-Stream: http://10.0.0.63:3031/video
11:19:40  ✅ Kamera-Stream geöffnet.
11:19:41  ✅ Kamera-Reconnect erfolgreich (Versuch 1/3).
11:19:48  HTTP Request: POST http://localhost:11434/api/chat "HTTP/1.1 200 OK"
11:19:48     ✅ OK
11:20:05  HTTP Request: POST http://localhost:11434/api/chat "HTTP/1.1 200 OK"
11:20:05     ✅ OK
11:20:22  HTTP Request: POST http://localhost:11434/api/chat "HTTP/1.1 200 OK"
11:20:22     ✅ OK
11:20:39  HTTP Request: POST http://localhost:11434/api/chat "HTTP/1.1 200 OK"
11:20:39     ✅ OK
11:20:56  HTTP Request: POST http://localhost:11434/api/chat "HTTP/1.1 200 OK"
11:20:56     ✅ OK
11:21:13  HTTP Request: POST http://localhost:11434/api/chat "HTTP/1.1 200 OK"
11:21:13     ✅ OK
11:21:23  ❌ Kamera-Fehler: Konnte kein Frame von der Kamera lesen!
11:21:24  🔄 Kamera-Stream wird neu verbunden.
11:21:24  📷 Kamera-Stream geschlossen.
11:21:24  📷 Öffne Kamera-Stream: http://10.0.0.63:3031/video
11:21:24  ✅ Kamera-Stream geöffnet.
11:21:24  ✅ Kamera-Reconnect erfolgreich (Versuch 1/3).
11:21:31  HTTP Request: POST http://localhost:11434/api/chat "HTTP/1.1 200 OK"
11:21:31     ✅ OK
11:21:48  HTTP Request: POST http://localhost:11434/api/chat "HTTP/1.1 200 OK"
11:21:48     ✅ OK
11:22:06  HTTP Request: POST http://localhost:11434/api/chat "HTTP/1.1 200 OK"
11:22:06     ✅ OK
11:22:23  HTTP Request: POST http://localhost:11434/api/chat "HTTP/1.1 200 OK"
11:22:23     ✅ OK
11:22:40  HTTP Request: POST http://localhost:11434/api/chat "HTTP/1.1 200 OK"
11:22:40     ✅ OK
11:22:57  HTTP Request: POST http://localhost:11434/api/chat "HTTP/1.1 200 OK"
11:22:57     ✅ OK
11:23:14  HTTP Request: POST http://localhost:11434/api/chat "HTTP/1.1 200 OK"
11:23:14     ✅ OK
11:23:24  ❌ Kamera-Fehler: Konnte kein Frame von der Kamera lesen!
11:23:25  🔄 Kamera-Stream wird neu verbunden.
11:23:25  📷 Kamera-Stream geschlossen.
11:23:25  📷 Öffne Kamera-Stream: http://10.0.0.63:3031/video
11:23:25  ✅ Kamera-Stream geöffnet.
11:23:25  ✅ Kamera-Reconnect erfolgreich (Versuch 1/3).
11:23:32  HTTP Request: POST http://localhost:11434/api/chat "HTTP/1.1 200 OK"
11:23:32     ✅ OK
11:23:49  HTTP Request: POST http://localhost:11434/api/chat "HTTP/1.1 200 OK"
11:23:49     ✅ OK
11:24:06  HTTP Request: POST http://localhost:11434/api/chat "HTTP/1.1 200 OK"
11:24:06     ✅ OK
11:24:23  HTTP Request: POST http://localhost:11434/api/chat "HTTP/1.1 200 OK"
11:24:23     ✅ OK
11:24:33  ❌ Kamera-Fehler: Konnte kein Frame von der Kamera lesen!
11:24:34  🔄 Kamera-Stream wird neu verbunden.
11:24:34  📷 Kamera-Stream geschlossen.
11:24:34  📷 Öffne Kamera-Stream: http://10.0.0.63:3031/video
11:24:35  ✅ Kamera-Stream geöffnet.
11:24:35  ✅ Kamera-Reconnect erfolgreich (Versuch 1/3).
11:24:42  HTTP Request: POST http://localhost:11434/api/chat "HTTP/1.1 200 OK"
11:24:42     ✅ OK
11:24:59  HTTP Request: POST http://localhost:11434/api/chat "HTTP/1.1 200 OK"
11:24:59     ✅ OK
11:25:16  HTTP Request: POST http://localhost:11434/api/chat "HTTP/1.1 200 OK"
11:25:16     ✅ OK
11:25:33  HTTP Request: POST http://localhost:11434/api/chat "HTTP/1.1 200 OK"
11:25:33     ✅ OK
11:25:43  ❌ Kamera-Fehler: Konnte kein Frame von der Kamera lesen!
11:25:44  🔄 Kamera-Stream wird neu verbunden.
11:25:44  📷 Kamera-Stream geschlossen.
11:25:44  📷 Öffne Kamera-Stream: http://10.0.0.63:3031/video
11:25:44  ✅ Kamera-Stream geöffnet.
11:25:44  ✅ Kamera-Reconnect erfolgreich (Versuch 1/3).
11:25:51  HTTP Request: POST http://localhost:11434/api/chat "HTTP/1.1 200 OK"
11:25:51     ✅ OK
11:26:09  HTTP Request: POST http://localhost:11434/api/chat "HTTP/1.1 200 OK"
11:26:09     ✅ OK
11:26:25  HTTP Request: POST http://localhost:11434/api/chat "HTTP/1.1 200 OK"
11:26:25     ✅ OK
11:26:43  HTTP Request: POST http://localhost:11434/api/chat "HTTP/1.1 200 OK"
11:26:43     ✅ OK
11:27:00  HTTP Request: POST http://localhost:11434/api/chat "HTTP/1.1 200 OK"
11:27:00     ✅ OK
11:27:10  ❌ Kamera-Fehler: Konnte kein Frame von der Kamera lesen!
11:27:11  🔄 Kamera-Stream wird neu verbunden.
11:27:11  📷 Kamera-Stream geschlossen.
11:27:11  📷 Öffne Kamera-Stream: http://10.0.0.63:3031/video
11:27:11  ✅ Kamera-Stream geöffnet.
11:27:11  ✅ Kamera-Reconnect erfolgreich (Versuch 1/3).
11:27:18  HTTP Request: POST http://localhost:11434/api/chat "HTTP/1.1 200 OK"
11:27:18     ✅ OK
11:27:35  HTTP Request: POST http://localhost:11434/api/chat "HTTP/1.1 200 OK"
11:27:35     ✅ OK
11:27:52  HTTP Request: POST http://localhost:11434/api/chat "HTTP/1.1 200 OK"
11:27:52     ✅ OK
11:28:10  HTTP Request: POST http://localhost:11434/api/chat "HTTP/1.1 200 OK"
11:28:10     ✅ OK
